phase,epoch,batch_idx,batch_size,loss,mean_iou,time
train,1,0.0,8.0,0.7597445249557495,0.17929038405418396,20.15471386909485
train,1,1.0,8.0,0.6674684286117554,0.32439661026000977,37.656163930892944
train,1,2.0,8.0,0.6283065676689148,0.3483448028564453,54.99941682815552
train,1,3.0,8.0,0.7195231914520264,0.11157727241516113,75.61120700836182
train,1,4.0,8.0,0.6930744647979736,0.25784018635749817,93.58451294898987
train,1,5.0,8.0,0.6866248250007629,0.48326945304870605,111.64998006820679
train,1,6.0,8.0,0.6433860063552856,0.4219420552253723,129.32663106918335
train,1,7.0,8.0,0.7068336009979248,0.2142057865858078,146.9861400127411
train,1,8.0,8.0,0.5944641828536987,0.673128604888916,164.59649181365967
train,1,9.0,8.0,0.5907084345817566,0.45542240142822266,182.6985821723938
train,1,10.0,8.0,0.6379507780075073,0.41200733184814453,202.6021111011505
train,1,11.0,8.0,0.519834041595459,0.6079268455505371,221.2015459537506
train,1,12.0,8.0,0.5274914503097534,0.5748485922813416,239.9916958808899
train,1,13.0,8.0,0.597998321056366,0.31832021474838257,258.7031629085541
train,1,14.0,8.0,0.49678030610084534,0.5905516147613525,277.75638794898987
train,1,15.0,8.0,0.7509610652923584,0.042244426906108856,296.1119010448456
train,1,16.0,8.0,0.5222243070602417,0.5469934344291687,313.3708369731903
train,1,17.0,8.0,0.46800392866134644,0.658768355846405,331.129273891449
train,1,18.0,8.0,0.5786417126655579,0.4573015868663788,349.6733400821686
train,1,19.0,8.0,0.6072699427604675,0.5223745107650757,367.4595580101013
train,1,20.0,8.0,0.532177209854126,0.4777737557888031,384.94749188423157
train,1,21.0,8.0,0.439042329788208,0.5499226450920105,402.0130240917206
train,1,22.0,8.0,0.5145461559295654,0.23351646959781647,420.09551906585693
train,1,23.0,8.0,0.6186950206756592,0.2998045086860657,437.80103397369385
train,1,24.0,8.0,0.419575572013855,0.4284913241863251,455.70171189308167
train,1,25.0,8.0,0.5749785900115967,0.44111737608909607,473.2692608833313
train,1,26.0,8.0,0.6113747358322144,0.47590309381484985,491.0831229686737
train,1,27.0,8.0,0.7154331207275391,0.03249563276767731,510.91731786727905
train,1,28.0,8.0,0.5850732326507568,0.3614642322063446,529.4007267951965
train,1,29.0,8.0,0.3952573537826538,0.5762630105018616,546.9354708194733
train,1,30.0,8.0,0.5861536860466003,0.47396308183670044,566.1078040599823
train,1,31.0,8.0,0.5919031500816345,0.23928621411323547,584.5404698848724
train,1,32.0,8.0,0.48175644874572754,0.4900273084640503,602.1241590976715
train,1,33.0,8.0,0.5394324660301208,0.6089985370635986,620.2391119003296
train,1,34.0,8.0,0.39340129494667053,0.6139033436775208,638.3565111160278
train,1,35.0,8.0,0.45623937249183655,0.40467846393585205,655.9871139526367
train,1,36.0,8.0,0.4373767077922821,0.6342257857322693,673.3990380764008
train,1,37.0,8.0,0.5646910667419434,0.7429588437080383,690.8723978996277
train,1,38.0,8.0,0.51677006483078,0.3838295340538025,708.5829930305481
train,1,39.0,8.0,0.549119234085083,0.6967211365699768,725.4756219387054
train,1,40.0,8.0,0.6201126575469971,0.3769460618495941,742.6368877887726
train,1,41.0,8.0,0.47646787762641907,0.5446158647537231,760.257141828537
train,1,42.0,8.0,0.5817540884017944,0.3649657964706421,777.5652570724487
train,1,43.0,8.0,0.5666003823280334,0.36255165934562683,794.8019638061523
train,1,44.0,8.0,0.46690577268600464,0.4929739236831665,812.4405498504639
train,1,45.0,8.0,0.4563811123371124,0.6098983883857727,830.691202878952
train,1,46.0,8.0,0.3755343556404114,0.4668561518192291,848.5135750770569
train,1,47.0,8.0,0.5444052219390869,0.36725032329559326,865.9636361598969
train,1,48.0,8.0,0.4046092629432678,0.4862145185470581,883.5775740146637
train,1,49.0,8.0,0.4608500599861145,0.6862391233444214,901.8470480442047
train,1,50.0,8.0,0.6292424201965332,0.09160721302032471,919.5647809505463
train,1,51.0,8.0,0.49613338708877563,0.48892679810523987,936.5478949546814
train,1,52.0,8.0,0.41980594396591187,0.5325849652290344,954.057046175003
train,1,53.0,8.0,0.49406927824020386,0.4634230136871338,971.6234669685364
train,1,54.0,8.0,0.36352238059043884,0.45979154109954834,988.9767708778381
train,1,55.0,8.0,0.36456990242004395,0.5510245561599731,1007.0853378772736
train,1,56.0,8.0,0.5871909260749817,0.2934068441390991,1026.5948481559753
train,1,57.0,8.0,0.8231923580169678,0.1415610909461975,1043.9052140712738
train,1,58.0,8.0,0.42293375730514526,0.4849551022052765,1062.013177871704
train,1,59.0,8.0,0.5615551471710205,0.11039776355028152,1079.0306918621063
train,1,60.0,8.0,0.46935558319091797,0.5181752443313599,1096.5405700206757
train,1,61.0,8.0,0.4352816343307495,0.8206996917724609,1115.490818977356
train,1,62.0,8.0,0.4565092921257019,0.562908411026001,1133.0337979793549
train,1,63.0,8.0,0.4718015789985657,0.48023003339767456,1150.1493430137634
train,1,64.0,8.0,0.3988110423088074,0.4825874865055084,1167.614695072174
train,1,65.0,8.0,0.5583913326263428,0.42006924748420715,1185.8425879478455
train,1,66.0,8.0,0.5601894855499268,0.6904449462890625,1203.7185490131378
train,1,67.0,8.0,0.46520888805389404,0.4855440557003021,1222.667948961258
train,1,68.0,8.0,0.484001100063324,0.3364431858062744,1240.3608767986298
train,1,69.0,8.0,0.3465650975704193,0.6518831849098206,1257.8379878997803
train,1,70.0,8.0,0.36081504821777344,0.8321735262870789,1275.087051153183
train,1,71.0,8.0,0.4769856035709381,0.35624098777770996,1292.5998449325562
train,1,72.0,8.0,0.3387283980846405,0.8013206124305725,1310.5805928707123
train,1,73.0,8.0,0.5050628185272217,0.21723079681396484,1327.7093567848206
train,1,74.0,8.0,0.38056838512420654,0.5345944166183472,1345.193233013153
train,1,75.0,8.0,0.3439928889274597,0.5954039096832275,1362.569829940796
train,1,76.0,8.0,0.47487497329711914,0.5710339546203613,1379.882770061493
train,1,77.0,8.0,0.49380630254745483,0.49153390526771545,1398.0536999702454
train,1,78.0,8.0,0.5475971698760986,0.41316574811935425,1415.9577491283417
train,1,79.0,8.0,0.7087095379829407,0.3068855404853821,1434.1050460338593
train,1,80.0,8.0,0.4812793433666229,0.4693054258823395,1452.1404919624329
train,1,81.0,8.0,0.5953878164291382,0.5101425647735596,1470.3364210128784
train,1,82.0,8.0,0.5056019425392151,0.462569922208786,1489.2712409496307
train,1,83.0,8.0,0.4795460104942322,0.47439518570899963,1506.0924470424652
train,1,84.0,8.0,0.42511117458343506,0.6445827484130859,1523.183217048645
train,1,85.0,8.0,0.4490315020084381,0.5605598092079163,1541.1919100284576
train,1,86.0,8.0,0.4399697780609131,0.5662824511528015,1558.4535639286041
train,1,87.0,8.0,0.3646191358566284,0.5628204345703125,1575.1487188339233
train,1,88.0,8.0,0.4664211571216583,0.4824342727661133,1592.133094072342
train,1,89.0,8.0,0.48231643438339233,0.47359782457351685,1610.251091003418
train,1,90.0,8.0,0.3492644131183624,0.6277881264686584,1627.5294289588928
train,1,91.0,8.0,0.4749050736427307,0.7281256318092346,1644.4828131198883
train,1,92.0,8.0,0.44930005073547363,0.3639718294143677,1661.8237478733063
train,1,93.0,8.0,0.5470627546310425,0.27118492126464844,1678.6983180046082
train,1,94.0,8.0,0.4561641812324524,0.3978489935398102,1696.7151329517365
train,1,95.0,8.0,0.5274669528007507,0.4926633834838867,1715.6698598861694
train,1,96.0,8.0,0.3377007842063904,0.4700430631637573,1734.0026240348816
train,1,97.0,8.0,0.5150354504585266,0.234444260597229,1751.233717918396
train,1,98.0,8.0,0.6597661972045898,0.15316241979599,1768.407138824463
train,1,99.0,8.0,0.4064771234989166,0.4307977259159088,1786.6127760410309
train,1,100.0,8.0,0.38807639479637146,0.5260002613067627,1803.7687089443207
train,1,101.0,8.0,0.39803069829940796,0.6540368795394897,1820.8768978118896
train,1,102.0,8.0,0.44288474321365356,0.4918133616447449,1837.8290169239044
train,1,103.0,8.0,0.3545694053173065,0.5794140100479126,1854.3950281143188
train,1,104.0,8.0,0.536401093006134,0.38097691535949707,1871.3291327953339
train,1,105.0,8.0,0.2916485667228699,0.8367436528205872,1888.8316597938538
train,1,106.0,8.0,0.5432788133621216,0.29123878479003906,1906.149339914322
train,1,107.0,8.0,0.49872422218322754,0.5630540251731873,1922.957739830017
train,1,108.0,8.0,0.2890263497829437,0.7024347186088562,1940.770761013031
train,1,109.0,8.0,0.4575954079627991,0.7354791760444641,1957.9372289180756
train,1,110.0,8.0,0.23699098825454712,0.7003781199455261,1974.8342049121857
train,1,111.0,8.0,0.4167545437812805,0.8247034549713135,1991.6373419761658
train,1,112.0,8.0,0.3282981514930725,0.521592378616333,2009.6699419021606
train,1,113.0,8.0,0.6210404634475708,0.36198145151138306,2027.0535907745361
train,1,114.0,8.0,0.41149210929870605,0.7095673680305481,2044.6580219268799
train,1,115.0,8.0,0.5977953672409058,0.4704972505569458,2062.511957168579
train,1,116.0,8.0,0.3382095694541931,0.4685639441013336,2080.3011269569397
train,1,117.0,8.0,0.4811089336872101,0.7020618915557861,2098.5522429943085
train,1,118.0,8.0,0.5208268165588379,0.49363023042678833,2116.070375919342
train,1,119.0,8.0,0.5175462961196899,0.48954614996910095,2135.048357963562
train,1,120.0,8.0,0.6082090735435486,0.3011353015899658,2152.412286043167
train,1,121.0,8.0,0.4054167866706848,0.5771956443786621,2169.365926027298
train,1,122.0,8.0,0.5211581587791443,0.368161141872406,2186.6461639404297
train,1,123.0,8.0,0.4503570795059204,0.6692297458648682,2203.5736117362976
train,1,124.0,8.0,0.4135280251502991,0.3182370960712433,2220.760397911072
train,1,125.0,8.0,0.3969731628894806,0.4672945439815521,2237.7407279014587
train,1,126.0,8.0,0.4168645143508911,0.4760509133338928,2255.870006799698
train,1,127.0,8.0,0.4959811866283417,0.4390309154987335,2273.0449390411377
train,1,128.0,8.0,0.6011672616004944,0.23754794895648956,2289.976870059967
train,1,129.0,8.0,0.37826043367385864,0.6071422100067139,2307.979833841324
train,1,130.0,8.0,0.41361695528030396,0.5779910087585449,2326.4504101276398
train,1,131.0,8.0,0.5026550889015198,0.5457593202590942,2344.279403924942
train,1,132.0,8.0,0.5096147656440735,0.5291601419448853,2363.892935037613
train,1,133.0,8.0,0.5480285286903381,0.3382716178894043,2383.0429871082306
train,1,134.0,8.0,0.31155988574028015,0.5814518928527832,2400.8966648578644
train,1,135.0,8.0,0.4191586375236511,0.5705951452255249,2420.0693080425262
train,1,136.0,8.0,0.5315648317337036,0.664696455001831,2437.4890241622925
train,1,137.0,8.0,0.5015586018562317,0.6209650635719299,2454.9143669605255
train,1,138.0,8.0,0.4461889863014221,0.604134738445282,2471.73122215271
train,1,139.0,8.0,0.3776182234287262,0.7333230376243591,2488.8548498153687
train,1,140.0,8.0,0.27102071046829224,0.7186546921730042,2506.0435569286346
train,1,141.0,8.0,0.37595537304878235,0.652549147605896,2523.230782032013
train,1,142.0,8.0,0.6611576080322266,0.3974801301956177,2541.837157011032
train,1,143.0,8.0,0.5051214098930359,0.274884968996048,2561.0467369556427
train,1,144.0,8.0,0.3891175091266632,0.6351848840713501,2579.5610389709473
train,1,145.0,8.0,0.42827358841896057,0.308697909116745,2596.9984509944916
train,1,146.0,8.0,0.5346014499664307,0.35648590326309204,2614.8583829402924
train,1,147.0,8.0,0.33875229954719543,0.5920514464378357,2631.956829071045
train,1,148.0,8.0,0.5255095958709717,0.39418286085128784,2649.2866609096527
train,1,149.0,8.0,0.45045772194862366,0.4096609950065613,2667.3405220508575
train,1,150.0,8.0,0.44340142607688904,0.6701370477676392,2684.820126056671
train,1,151.0,8.0,0.5243744254112244,0.3893154263496399,2702.131447792053
train,1,152.0,8.0,0.38402318954467773,0.4730326533317566,2719.242429971695
train,1,153.0,8.0,0.4254954755306244,0.3082450032234192,2736.85777592659
train,1,154.0,8.0,0.32857829332351685,0.4735831618309021,2754.3059108257294
train,1,155.0,8.0,0.4340299963951111,0.3918837308883667,2771.3201529979706
train,1,156.0,8.0,0.6560561656951904,0.12642468512058258,2788.393283843994
val,1,,,0.4281854897737503,0.5126508049666881,2994.7825570106506
train,2,0.0,8.0,0.710477352142334,0.0029987855814397335,21.469538927078247
train,2,1.0,8.0,0.4714755415916443,0.5063590407371521,39.53367900848389
train,2,2.0,8.0,0.5020135045051575,0.5865951180458069,56.81115412712097
train,2,3.0,8.0,0.42321649193763733,0.5443310737609863,74.47786211967468
train,2,4.0,8.0,0.4731745421886444,0.257162868976593,92.35899901390076
train,2,5.0,8.0,0.41783004999160767,0.6024276614189148,110.42338800430298
train,2,6.0,8.0,0.44927942752838135,0.6286866664886475,128.48301696777344
train,2,7.0,8.0,0.5063760876655579,0.4097399413585663,145.68473601341248
train,2,8.0,8.0,0.4238302707672119,0.5326197147369385,163.5982780456543
train,2,9.0,8.0,0.3209148049354553,0.6334962248802185,180.79385685920715
train,2,10.0,8.0,0.3786781430244446,0.6006296873092651,198.00573205947876
train,2,11.0,8.0,0.5017588138580322,0.5688221454620361,216.31621599197388
train,2,12.0,8.0,0.5188183188438416,0.6472664475440979,233.8760690689087
train,2,13.0,8.0,0.37384265661239624,0.6078894734382629,250.74908590316772
train,2,14.0,8.0,0.49322831630706787,0.3139190971851349,268.413409948349
train,2,15.0,8.0,0.4467398524284363,0.5349859595298767,286.16518115997314
train,2,16.0,8.0,0.5031638741493225,0.5639235377311707,303.46402406692505
train,2,17.0,8.0,0.49742475152015686,0.6710807681083679,320.8858118057251
train,2,18.0,8.0,0.4133847951889038,0.4617558717727661,337.8711540699005
train,2,19.0,8.0,0.42316702008247375,0.41195473074913025,355.1814739704132
train,2,20.0,8.0,0.3122241199016571,0.49127182364463806,374.2759778499603
train,2,21.0,8.0,0.5049132704734802,0.5230356454849243,392.8992600440979
train,2,22.0,8.0,0.4845597743988037,0.5607092380523682,410.35435009002686
train,2,23.0,8.0,0.520076334476471,0.7608352303504944,427.7840828895569
train,2,24.0,8.0,0.4144665002822876,0.6168994903564453,445.38548493385315
train,2,25.0,8.0,0.4935561418533325,0.7196445465087891,462.4269030094147
train,2,26.0,8.0,0.4328846037387848,0.5393633842468262,479.13135504722595
train,2,27.0,8.0,0.4035618007183075,0.44823914766311646,497.8782241344452
train,2,28.0,8.0,0.5940728187561035,0.3149523437023163,516.956974029541
train,2,29.0,8.0,0.4274917244911194,0.48581618070602417,534.4099090099335
train,2,30.0,8.0,0.3998153805732727,0.4982303977012634,551.6411638259888
train,2,31.0,8.0,0.4595378339290619,0.35369986295700073,568.7710697650909
train,2,32.0,8.0,0.3662300407886505,0.6084929704666138,586.7373428344727
train,2,33.0,8.0,0.5066508054733276,0.49474653601646423,605.2388579845428
train,2,34.0,8.0,0.350821852684021,0.5427838563919067,622.1963548660278
train,2,35.0,8.0,0.37967050075531006,0.600697934627533,639.1575090885162
train,2,36.0,8.0,0.42314767837524414,0.4007236361503601,656.2412531375885
train,2,37.0,8.0,0.5953786373138428,0.30343806743621826,674.9242458343506
train,2,38.0,8.0,0.5540910363197327,0.17899592220783234,693.8690001964569
train,2,39.0,8.0,0.33609721064567566,0.7075144648551941,711.4619889259338
train,2,40.0,8.0,0.4080338180065155,0.6964459419250488,728.4454691410065
train,2,41.0,8.0,0.3823930621147156,0.6176207661628723,746.1929838657379
train,2,42.0,8.0,0.4231325685977936,0.4512118101119995,763.2279160022736
train,2,43.0,8.0,0.5980461835861206,0.452256441116333,780.487790107727
train,2,44.0,8.0,0.4977891445159912,0.5107638835906982,798.0388247966766
train,2,45.0,8.0,0.4776109457015991,0.5658435821533203,817.0546689033508
train,2,46.0,8.0,0.48507851362228394,0.4957420229911804,834.7529640197754
train,2,47.0,8.0,0.3767249882221222,0.645722508430481,853.5662088394165
train,2,48.0,8.0,0.3097361624240875,0.4811786711215973,872.5798890590668
train,2,49.0,8.0,0.4022272229194641,0.4185752868652344,890.8828368186951
train,2,50.0,8.0,0.39823007583618164,0.6171388626098633,908.5072338581085
train,2,51.0,8.0,0.42498964071273804,0.7196862697601318,925.9285340309143
train,2,52.0,8.0,0.36985576152801514,0.6566039323806763,944.1740310192108
train,2,53.0,8.0,0.45211920142173767,0.5268329381942749,961.7530348300934
train,2,54.0,8.0,0.3116246163845062,0.6553494334220886,978.6944050788879
train,2,55.0,8.0,0.3556347191333771,0.7557665109634399,996.2154409885406
train,2,56.0,8.0,0.32900190353393555,0.5461165308952332,1013.7822570800781
train,2,57.0,8.0,0.3723456561565399,0.7508310675621033,1030.8370819091797
train,2,58.0,8.0,0.43114936351776123,0.5503519773483276,1048.007208108902
train,2,59.0,8.0,0.4973394572734833,0.41764092445373535,1065.148158788681
train,2,60.0,8.0,0.2824912369251251,0.5475485920906067,1082.725327014923
train,2,61.0,8.0,0.4026157259941101,0.6266412734985352,1100.1254618167877
train,2,62.0,8.0,0.30848053097724915,0.6173480749130249,1118.2946438789368
train,2,63.0,8.0,0.3415389657020569,0.5928397178649902,1135.457818031311
train,2,64.0,8.0,0.3128281831741333,0.6328864693641663,1152.5047657489777
train,2,65.0,8.0,0.33986416459083557,0.8085357546806335,1170.4054861068726
train,2,66.0,8.0,0.6119014620780945,0.29853254556655884,1188.0688080787659
train,2,67.0,8.0,0.40340399742126465,0.4776967167854309,1205.6901049613953
train,2,68.0,8.0,0.3863312005996704,0.7778401374816895,1223.9697959423065
train,2,69.0,8.0,0.4180045425891876,0.6533082723617554,1241.6280601024628
train,2,70.0,8.0,0.38658323884010315,0.7080336809158325,1259.1712827682495
train,2,71.0,8.0,0.29072290658950806,0.719835638999939,1277.071532011032
train,2,72.0,8.0,0.533350944519043,0.3373653292655945,1295.207592010498
train,2,73.0,8.0,0.26543647050857544,0.6218962073326111,1313.9523749351501
train,2,74.0,8.0,0.33557116985321045,0.5314549803733826,1333.0301060676575
train,2,75.0,8.0,0.3825128674507141,0.5271244049072266,1350.7471148967743
train,2,76.0,8.0,0.3435962200164795,0.6905070543289185,1368.5736391544342
train,2,77.0,8.0,0.3401874303817749,0.4688871204853058,1387.830314874649
train,2,78.0,8.0,0.3588884770870209,0.6456171274185181,1407.604828119278
train,2,79.0,8.0,0.3777979016304016,0.7184541821479797,1424.969083070755
train,2,80.0,8.0,0.37686118483543396,0.49488574266433716,1441.8517050743103
train,2,81.0,8.0,0.46897032856941223,0.5820983648300171,1459.2614359855652
train,2,82.0,8.0,0.3627554774284363,0.6992396712303162,1476.8402359485626
train,2,83.0,8.0,0.6020841598510742,0.32090479135513306,1494.310837984085
train,2,84.0,8.0,0.3135584592819214,0.7152450680732727,1511.5880181789398
train,2,85.0,8.0,0.35422438383102417,0.647750735282898,1530.8035497665405
train,2,86.0,8.0,0.5539790391921997,0.39294368028640747,1548.1740400791168
train,2,87.0,8.0,0.38173359632492065,0.4950329661369324,1565.0596101284027
train,2,88.0,8.0,0.5673453211784363,0.48913058638572693,1583.1758408546448
train,2,89.0,8.0,0.4140978753566742,0.46797654032707214,1600.9258470535278
train,2,90.0,8.0,0.5948825478553772,0.33766797184944153,1617.884386062622
train,2,91.0,8.0,0.3346288800239563,0.7058414816856384,1635.699695110321
train,2,92.0,8.0,0.3638487458229065,0.8598729968070984,1653.9078052043915
train,2,93.0,8.0,0.3245411515235901,0.6356700658798218,1671.24844789505
train,2,94.0,8.0,0.44326138496398926,0.5601720213890076,1688.3049619197845
train,2,95.0,8.0,0.36791282892227173,0.4415076971054077,1706.2032430171967
train,2,96.0,8.0,0.3068009614944458,0.8503073453903198,1724.2671899795532
train,2,97.0,8.0,0.3612692952156067,0.4342655837535858,1741.0779519081116
train,2,98.0,8.0,0.3516056537628174,0.5334254503250122,1758.642371892929
train,2,99.0,8.0,0.48546046018600464,0.43660983443260193,1776.5403409004211
train,2,100.0,8.0,0.3677665889263153,0.5060074925422668,1794.6949648857117
train,2,101.0,8.0,0.4762103855609894,0.5425827503204346,1812.1761980056763
train,2,102.0,8.0,0.33074334263801575,0.5927059650421143,1829.989420890808
train,2,103.0,8.0,0.6123790144920349,0.42856863141059875,1848.4164400100708
train,2,104.0,8.0,0.25826284289360046,0.7337237000465393,1865.6277208328247
train,2,105.0,8.0,0.5125107765197754,0.6223829984664917,1883.4576790332794
train,2,106.0,8.0,0.343050092458725,0.5864020586013794,1900.51815700531
train,2,107.0,8.0,0.42964768409729004,0.39483335614204407,1917.4761159420013
train,2,108.0,8.0,0.30146780610084534,0.7668214440345764,1935.491024017334
train,2,109.0,8.0,0.23776809871196747,0.6497583389282227,1952.7303338050842
train,2,110.0,8.0,0.42899182438850403,0.3162872791290283,1970.7183520793915
train,2,111.0,8.0,0.3626442849636078,0.5509297251701355,1988.9539589881897
train,2,112.0,8.0,0.5575124621391296,0.3510837256908417,2007.4943389892578
train,2,113.0,8.0,0.2598412036895752,0.7670387029647827,2025.5863349437714
train,2,114.0,8.0,0.5081842541694641,0.3383263349533081,2042.471431016922
train,2,115.0,8.0,0.3452818989753723,0.791924238204956,2059.4109201431274
train,2,116.0,8.0,0.30360326170921326,0.6160348057746887,2078.90190410614
train,2,117.0,8.0,0.4368915557861328,0.5549036264419556,2098.43039894104
train,2,118.0,8.0,0.420896053314209,0.48337578773498535,2117.8354201316833
train,2,119.0,8.0,0.3519439995288849,0.6758394837379456,2136.69544005394
train,2,120.0,8.0,0.40584105253219604,0.4056173861026764,2153.5930709838867
train,2,121.0,8.0,0.4611337184906006,0.48726892471313477,2171.4813890457153
train,2,122.0,8.0,0.3609189987182617,0.5376021265983582,2189.1545939445496
train,2,123.0,8.0,0.34953629970550537,0.8015357255935669,2207.602623939514
train,2,124.0,8.0,0.4715172052383423,0.5623607635498047,2225.0634648799896
train,2,125.0,8.0,0.4309399425983429,0.5288878679275513,2242.586172103882
train,2,126.0,8.0,0.4469013810157776,0.3833782970905304,2260.549721956253
train,2,127.0,8.0,0.45534077286720276,0.35973265767097473,2279.063464164734
train,2,128.0,8.0,0.44483113288879395,0.6085506081581116,2297.1954979896545
train,2,129.0,8.0,0.3382166028022766,0.5693226456642151,2316.1124289035797
train,2,130.0,8.0,0.40251314640045166,0.6727744936943054,2334.1423988342285
train,2,131.0,8.0,0.24045197665691376,0.7351964712142944,2351.1746850013733
train,2,132.0,8.0,0.23902156949043274,0.7572718262672424,2369.4875450134277
train,2,133.0,8.0,0.2446441948413849,0.8703250885009766,2386.9702608585358
train,2,134.0,8.0,0.41464361548423767,0.5389463305473328,2404.187691926956
train,2,135.0,8.0,0.34992682933807373,0.5369992852210999,2421.9611020088196
train,2,136.0,8.0,0.38615691661834717,0.6015664935112,2440.5168628692627
train,2,137.0,8.0,0.2523556351661682,0.7239902019500732,2458.054109096527
train,2,138.0,8.0,0.47899582982063293,0.5094443559646606,2475.8303060531616
train,2,139.0,8.0,0.25935399532318115,0.6263675093650818,2493.8462948799133
train,2,140.0,8.0,0.39389288425445557,0.6612389087677002,2510.815982103348
train,2,141.0,8.0,0.4462108314037323,0.6412626504898071,2527.721561908722
train,2,142.0,8.0,0.39182713627815247,0.6911419034004211,2545.4261689186096
train,2,143.0,8.0,0.4075496196746826,0.6590934991836548,2562.9294497966766
train,2,144.0,8.0,0.3202001750469208,0.5870346426963806,2581.829780817032
train,2,145.0,8.0,0.41606229543685913,0.46124809980392456,2600.999613046646
train,2,146.0,8.0,0.43122321367263794,0.4146515130996704,2619.782049894333
train,2,147.0,8.0,0.4751696288585663,0.6607339382171631,2637.027218103409
train,2,148.0,8.0,0.3755139708518982,0.5048391222953796,2654.212214946747
train,2,149.0,8.0,0.38068217039108276,0.5910871624946594,2672.1321909427643
train,2,150.0,8.0,0.48706698417663574,0.4297220706939697,2689.024587869644
train,2,151.0,8.0,0.4324682652950287,0.5418089628219604,2705.888706922531
train,2,152.0,8.0,0.4280149042606354,0.5177522897720337,2722.7372109889984
train,2,153.0,8.0,0.24433356523513794,0.6116536259651184,2740.663470029831
train,2,154.0,8.0,0.5318142175674438,0.3932573199272156,2757.9057059288025
train,2,155.0,8.0,0.5169761180877686,0.5373632311820984,2775.574282884598
train,2,156.0,8.0,0.3434581160545349,0.41251951456069946,2792.6657938957214
val,2,,,0.3773213308304548,0.5969317197799683,2993.0776739120483
train,3,0.0,8.0,0.4550793170928955,0.33581775426864624,20.722490787506104
train,3,1.0,8.0,0.36798352003097534,0.5822757482528687,38.134408950805664
train,3,2.0,8.0,0.4774571657180786,0.3551611602306366,55.367451906204224
train,3,3.0,8.0,0.3813759982585907,0.3782872259616852,73.06309390068054
train,3,4.0,8.0,0.540107250213623,0.38208329677581787,90.75599884986877
train,3,5.0,8.0,0.31362196803092957,0.7538881301879883,110.0047447681427
train,3,6.0,8.0,0.29498565196990967,0.7621091604232788,126.88552069664001
train,3,7.0,8.0,0.3523726165294647,0.7540112137794495,143.79592490196228
train,3,8.0,8.0,0.2725136876106262,0.8002884387969971,161.01934480667114
train,3,9.0,8.0,0.3428879380226135,0.7581382989883423,178.38213682174683
train,3,10.0,8.0,0.3543851971626282,0.6415824294090271,197.44988894462585
train,3,11.0,8.0,0.4968661963939667,0.6822582483291626,215.61380887031555
train,3,12.0,8.0,0.46633365750312805,0.3930816054344177,232.9844536781311
train,3,13.0,8.0,0.441928505897522,0.41290879249572754,250.8060805797577
train,3,14.0,8.0,0.3346816599369049,0.5824633836746216,268.43257665634155
train,3,15.0,8.0,0.3500174283981323,0.538776159286499,286.68573784828186
train,3,16.0,8.0,0.4505138099193573,0.48833388090133667,305.31244587898254
train,3,17.0,8.0,0.3774128556251526,0.39813369512557983,323.8466317653656
train,3,18.0,8.0,0.4102385938167572,0.5203368067741394,341.991858959198
train,3,19.0,8.0,0.3778814375400543,0.6043110489845276,360.08028268814087
train,3,20.0,8.0,0.3534037172794342,0.6538244485855103,377.24751472473145
train,3,21.0,8.0,0.3952522277832031,0.6815721988677979,394.74522495269775
train,3,22.0,8.0,0.4909680485725403,0.23973572254180908,412.28558373451233
train,3,23.0,8.0,0.49117591977119446,0.5928558111190796,430.39578080177307
train,3,24.0,8.0,0.24829421937465668,0.7408419251441956,449.5936818122864
train,3,25.0,8.0,0.3678291141986847,0.5955544710159302,466.7756836414337
train,3,26.0,8.0,0.4598822593688965,0.571279764175415,484.08043789863586
train,3,27.0,8.0,0.3488524854183197,0.6875766515731812,501.3672697544098
train,3,28.0,8.0,0.3413963317871094,0.5035147666931152,520.6455569267273
train,3,29.0,8.0,0.4495771825313568,0.517776608467102,539.537693977356
train,3,30.0,8.0,0.21563315391540527,0.833512544631958,557.3403327465057
train,3,31.0,8.0,0.39494723081588745,0.4960407316684723,575.3767359256744
train,3,32.0,8.0,0.37479186058044434,0.606869101524353,593.164942741394
train,3,33.0,8.0,0.29930242896080017,0.7492486238479614,612.2084589004517
train,3,34.0,8.0,0.34456202387809753,0.6760745048522949,631.7084028720856
train,3,35.0,8.0,0.4876868724822998,0.5487745404243469,649.8982977867126
train,3,36.0,8.0,0.4367843568325043,0.4352339804172516,667.2762596607208
train,3,37.0,8.0,0.2458566576242447,0.7188588380813599,684.2720258235931
train,3,38.0,8.0,0.2851521670818329,0.653974175453186,701.2590079307556
train,3,39.0,8.0,0.3413524627685547,0.5422467589378357,719.0021135807037
train,3,40.0,8.0,0.4372480511665344,0.6180940866470337,736.8408207893372
train,3,41.0,8.0,0.3644637167453766,0.4209006726741791,754.2007057666779
train,3,42.0,8.0,0.27090856432914734,0.569551944732666,772.1925168037415
train,3,43.0,8.0,0.3939669132232666,0.4911126494407654,789.8557839393616
train,3,44.0,8.0,0.3958005905151367,0.4545932114124298,807.2899098396301
train,3,45.0,8.0,0.34109678864479065,0.6636767387390137,825.6104338169098
train,3,46.0,8.0,0.4386575520038605,0.655542254447937,843.8392009735107
train,3,47.0,8.0,0.4653128981590271,0.3797818720340729,862.5510747432709
train,3,48.0,8.0,0.34105977416038513,0.642055094242096,881.6106569766998
train,3,49.0,8.0,0.3419036269187927,0.6494811773300171,900.9688158035278
train,3,50.0,8.0,0.48640501499176025,0.5080410838127136,920.3979468345642
train,3,51.0,8.0,0.37836751341819763,0.5820189714431763,937.6366078853607
train,3,52.0,8.0,0.25286203622817993,0.69000643491745,954.9990668296814
train,3,53.0,8.0,0.3786647617816925,0.4627362787723541,972.549391746521
train,3,54.0,8.0,0.2274107038974762,0.7587246894836426,991.8317666053772
train,3,55.0,8.0,0.4222087264060974,0.5796522498130798,1010.2629859447479
train,3,56.0,8.0,0.36249539256095886,0.6524708867073059,1028.4962377548218
train,3,57.0,8.0,0.26180607080459595,0.5715200304985046,1046.7023606300354
train,3,58.0,8.0,0.4564896523952484,0.5689592957496643,1065.7607498168945
train,3,59.0,8.0,0.3351184129714966,0.6576510071754456,1085.1795148849487
train,3,60.0,8.0,0.3718806803226471,0.7173132300376892,1102.5630958080292
train,3,61.0,8.0,0.603625476360321,0.32573777437210083,1122.130435705185
train,3,62.0,8.0,0.44412440061569214,0.3079613745212555,1140.1084127426147
train,3,63.0,8.0,0.3549779951572418,0.7746624946594238,1157.5407447814941
train,3,64.0,8.0,0.3810648024082184,0.4712718427181244,1175.9096419811249
train,3,65.0,8.0,0.3445214033126831,0.5090968012809753,1194.4902637004852
train,3,66.0,8.0,0.3492014706134796,0.6795933842658997,1212.0547766685486
train,3,67.0,8.0,0.360554575920105,0.5859742164611816,1229.2726457118988
train,3,68.0,8.0,0.38422051072120667,0.38033464550971985,1249.146770954132
train,3,69.0,8.0,0.28998252749443054,0.7676219940185547,1268.6010468006134
train,3,70.0,8.0,0.43283334374427795,0.448740154504776,1287.3076539039612
train,3,71.0,8.0,0.35134157538414,0.4050678014755249,1305.4102537631989
train,3,72.0,8.0,0.3362925052642822,0.5475424528121948,1322.6746859550476
train,3,73.0,8.0,0.3631460964679718,0.5140913128852844,1340.563958644867
train,3,74.0,8.0,0.37420108914375305,0.6942176222801208,1358.7890837192535
train,3,75.0,8.0,0.38612884283065796,0.6770155429840088,1376.4661419391632
train,3,76.0,8.0,0.3750394880771637,0.6063296794891357,1394.4464497566223
train,3,77.0,8.0,0.371519535779953,0.446752667427063,1413.7682466506958
train,3,78.0,8.0,0.3597555458545685,0.5979470014572144,1432.5492858886719
train,3,79.0,8.0,0.2767103314399719,0.7590317130088806,1450.7268328666687
train,3,80.0,8.0,0.38547614216804504,0.5021612644195557,1468.627243757248
train,3,81.0,8.0,0.3433915376663208,0.6436132788658142,1486.7100846767426
train,3,82.0,8.0,0.44120368361473083,0.5304297804832458,1504.4927697181702
train,3,83.0,8.0,0.36644041538238525,0.4080812335014343,1522.1413378715515
train,3,84.0,8.0,0.25733134150505066,0.7343325614929199,1539.839145898819
train,3,85.0,8.0,0.3703823983669281,0.6017633080482483,1558.304033756256
train,3,86.0,8.0,0.3833525776863098,0.6163873672485352,1575.1021356582642
train,3,87.0,8.0,0.40359845757484436,0.6519796252250671,1592.4027216434479
train,3,88.0,8.0,0.3948696553707123,0.48706740140914917,1609.7900009155273
train,3,89.0,8.0,0.4840981960296631,0.3516979515552521,1626.761885881424
train,3,90.0,8.0,0.34653669595718384,0.6571160554885864,1644.9080057144165
train,3,91.0,8.0,0.2779054641723633,0.657715916633606,1662.7422778606415
train,3,92.0,8.0,0.33983513712882996,0.7532647848129272,1680.2779006958008
train,3,93.0,8.0,0.3171972930431366,0.5870234966278076,1697.9692857265472
train,3,94.0,8.0,0.2606078088283539,0.8280116319656372,1717.5701339244843
train,3,95.0,8.0,0.3195171654224396,0.6757537126541138,1738.3878908157349
train,3,96.0,8.0,0.38652995228767395,0.5605114102363586,1756.1571867465973
train,3,97.0,8.0,0.5653632879257202,0.437264084815979,1775.2476828098297
train,3,98.0,8.0,0.24726364016532898,0.9540209770202637,1793.8348398208618
train,3,99.0,8.0,0.22255130112171173,0.6536071300506592,1811.959984779358
train,3,100.0,8.0,0.3575771749019623,0.6347153186798096,1829.9918127059937
train,3,101.0,8.0,0.3867376148700714,0.567818820476532,1850.1437737941742
train,3,102.0,8.0,0.21998196840286255,0.6496740579605103,1869.4991838932037
train,3,103.0,8.0,0.3440759479999542,0.6663713455200195,1889.1199307441711
train,3,104.0,8.0,0.3422270119190216,0.7565538883209229,1908.4539849758148
train,3,105.0,8.0,0.2558367848396301,0.7330748438835144,1926.7588369846344
train,3,106.0,8.0,0.3563699424266815,0.7472409009933472,1943.8591659069061
train,3,107.0,8.0,0.48540377616882324,0.3263530135154724,1961.5305669307709
train,3,108.0,8.0,0.2658071517944336,0.782281756401062,1980.6319417953491
train,3,109.0,8.0,0.42411285638809204,0.4868395924568176,1997.664345741272
train,3,110.0,8.0,0.22112935781478882,0.7674742341041565,2016.4712629318237
train,3,111.0,8.0,0.5434952974319458,0.35751718282699585,2034.0740637779236
train,3,112.0,8.0,0.2818617820739746,0.5217683911323547,2051.731883764267
train,3,113.0,8.0,0.3524123430252075,0.6611892580986023,2069.1463208198547
train,3,114.0,8.0,0.35593071579933167,0.7682986259460449,2086.783552646637
train,3,115.0,8.0,0.3779726028442383,0.8056280612945557,2103.907322883606
train,3,116.0,8.0,0.21352514624595642,0.7908287644386292,2121.3251819610596
train,3,117.0,8.0,0.31780382990837097,0.4603004455566406,2138.647025823593
train,3,118.0,8.0,0.4534759819507599,0.5593656301498413,2155.9026877880096
train,3,119.0,8.0,0.22375036776065826,0.7589112520217896,2172.8106968402863
train,3,120.0,8.0,0.4270181655883789,0.4743902087211609,2189.9645466804504
train,3,121.0,8.0,0.35447853803634644,0.6247684359550476,2208.6516528129578
train,3,122.0,8.0,0.5224188566207886,0.3895641565322876,2227.80725979805
train,3,123.0,8.0,0.5752050280570984,0.4091686010360718,2246.997494697571
train,3,124.0,8.0,0.32921579480171204,0.7843164801597595,2264.9082119464874
train,3,125.0,8.0,0.49788782000541687,0.514664888381958,2282.562877893448
train,3,126.0,8.0,0.39094600081443787,0.5731199383735657,2299.7081248760223
train,3,127.0,8.0,0.24410952627658844,0.6653552651405334,2318.536843776703
train,3,128.0,8.0,0.40280258655548096,0.4155680239200592,2336.2057819366455
train,3,129.0,8.0,0.34676647186279297,0.5526148676872253,2354.171899795532
train,3,130.0,8.0,0.3612503409385681,0.4029919505119324,2371.993937730789
train,3,131.0,8.0,0.4799230098724365,0.47319066524505615,2389.920914888382
train,3,132.0,8.0,0.23317445814609528,0.8471652865409851,2407.7986238002777
train,3,133.0,8.0,0.34908974170684814,0.5126906037330627,2425.682511806488
train,3,134.0,8.0,0.4332538843154907,0.5866928100585938,2443.18084192276
train,3,135.0,8.0,0.5497552156448364,0.17326483130455017,2460.790855884552
train,3,136.0,8.0,0.320629358291626,0.6696484088897705,2478.1379346847534
train,3,137.0,8.0,0.4373304545879364,0.47960996627807617,2495.615370988846
train,3,138.0,8.0,0.37842315435409546,0.5768017172813416,2512.960866689682
train,3,139.0,8.0,0.44458237290382385,0.4375331401824951,2530.7002458572388
train,3,140.0,8.0,0.253898948431015,0.7873170971870422,2547.775641679764
train,3,141.0,8.0,0.4621146321296692,0.5514687299728394,2565.7938816547394
train,3,142.0,8.0,0.3651596009731293,0.44907692074775696,2583.719919681549
train,3,143.0,8.0,0.2628348171710968,0.7922416925430298,2603.4478237628937
train,3,144.0,8.0,0.3234080672264099,0.6746642589569092,2622.8570187091827
train,3,145.0,8.0,0.3360767960548401,0.5395216345787048,2640.920674800873
train,3,146.0,8.0,0.3856434226036072,0.35547423362731934,2658.8830766677856
train,3,147.0,8.0,0.3322528302669525,0.7629720568656921,2676.789210796356
train,3,148.0,8.0,0.43128857016563416,0.46723291277885437,2695.4253339767456
train,3,149.0,8.0,0.24429701268672943,0.7383431196212769,2715.955773830414
train,3,150.0,8.0,0.4010481834411621,0.6336076259613037,2733.1846058368683
train,3,151.0,8.0,0.2627353072166443,0.6694114804267883,2751.304552793503
train,3,152.0,8.0,0.29816117882728577,0.6065702438354492,2769.2380468845367
train,3,153.0,8.0,0.3642500340938568,0.6117380261421204,2786.803653717041
train,3,154.0,8.0,0.4784817695617676,0.2769531309604645,2804.6132497787476
train,3,155.0,8.0,0.27459481358528137,0.6491708159446716,2821.7874035835266
train,3,156.0,8.0,0.41692644357681274,0.5463999509811401,2839.5171847343445
val,3,,,0.33676311261951924,0.6230145841836929,3041.2835178375244
train,4,0.0,8.0,0.21437868475914001,0.7642679810523987,20.926927089691162
train,4,1.0,8.0,0.3913545310497284,0.4281063377857208,38.16510367393494
train,4,2.0,8.0,0.39745551347732544,0.5530461668968201,55.97662591934204
train,4,3.0,8.0,0.30880823731422424,0.6251534819602966,74.34728908538818
train,4,4.0,8.0,0.34448590874671936,0.6343317031860352,92.22951078414917
train,4,5.0,8.0,0.39358869194984436,0.45358580350875854,109.5720477104187
train,4,6.0,8.0,0.3173057436943054,0.7963425517082214,128.24943089485168
train,4,7.0,8.0,0.4258610010147095,0.42865413427352905,145.9495129585266
train,4,8.0,8.0,0.4277656674385071,0.5081506371498108,164.8721079826355
train,4,9.0,8.0,0.39895930886268616,0.4286992847919464,183.77101492881775
train,4,10.0,8.0,0.28051578998565674,0.6522016525268555,202.83345675468445
train,4,11.0,8.0,0.5000514984130859,0.402023047208786,221.42922806739807
train,4,12.0,8.0,0.4025399684906006,0.5429239869117737,239.05926871299744
train,4,13.0,8.0,0.34957724809646606,0.6338677406311035,257.4828658103943
train,4,14.0,8.0,0.41688433289527893,0.5323070883750916,275.0877938270569
train,4,15.0,8.0,0.48401010036468506,0.32060351967811584,292.4701769351959
train,4,16.0,8.0,0.2441783994436264,0.823130190372467,311.91611790657043
train,4,17.0,8.0,0.2250000238418579,0.7417407035827637,329.74143981933594
train,4,18.0,8.0,0.4175075590610504,0.42016375064849854,347.97360396385193
train,4,19.0,8.0,0.3919193744659424,0.6545857191085815,367.2153489589691
train,4,20.0,8.0,0.5135109424591064,0.3957275450229645,385.84660387039185
train,4,21.0,8.0,0.3053572177886963,0.6871213912963867,403.406476020813
train,4,22.0,8.0,0.3838924169540405,0.569688618183136,421.23818802833557
train,4,23.0,8.0,0.38095101714134216,0.61250239610672,438.86289286613464
train,4,24.0,8.0,0.3534015417098999,0.6630172729492188,456.83128809928894
train,4,25.0,8.0,0.25037747621536255,0.6995160579681396,475.5455799102783
train,4,26.0,8.0,0.3657705783843994,0.8357242941856384,494.48588275909424
train,4,27.0,8.0,0.2690815031528473,0.7870340943336487,512.4366099834442
train,4,28.0,8.0,0.35246750712394714,0.7391908764839172,530.8365437984467
train,4,29.0,8.0,0.399366170167923,0.46560758352279663,548.999077796936
train,4,30.0,8.0,0.3052951693534851,0.5808528661727905,567.0217008590698
train,4,31.0,8.0,0.28468793630599976,0.6160044074058533,585.254998922348
train,4,32.0,8.0,0.2759116590023041,0.6455654501914978,602.9364500045776
train,4,33.0,8.0,0.519518256187439,0.37596121430397034,621.3175008296967
train,4,34.0,8.0,0.22520068287849426,0.7503412961959839,638.5136239528656
train,4,35.0,8.0,0.3014722466468811,0.7120374441146851,656.3343307971954
train,4,36.0,8.0,0.29953956604003906,0.5127639770507812,673.3808488845825
train,4,37.0,8.0,0.48818084597587585,0.5253962278366089,690.7621128559113
train,4,38.0,8.0,0.34794071316719055,0.4310953617095947,708.4354109764099
train,4,39.0,8.0,0.3655191659927368,0.6220370531082153,725.9984588623047
train,4,40.0,8.0,0.3664461672306061,0.4735211133956909,743.347119808197
train,4,41.0,8.0,0.3540774881839752,0.7424534559249878,761.1608808040619
train,4,42.0,8.0,0.3616466224193573,0.6122658252716064,780.6965386867523
train,4,43.0,8.0,0.40081968903541565,0.5226264595985413,798.6403589248657
train,4,44.0,8.0,0.3216979503631592,0.7988668084144592,816.6951568126678
train,4,45.0,8.0,0.5325962901115417,0.5494339466094971,835.5345158576965
train,4,46.0,8.0,0.3081754744052887,0.7141134738922119,853.3163850307465
train,4,47.0,8.0,0.47475138306617737,0.5323905944824219,871.2120378017426
train,4,48.0,8.0,0.2664220929145813,0.6473010778427124,889.2101409435272
train,4,49.0,8.0,0.2862567901611328,0.5980766415596008,906.6184687614441
train,4,50.0,8.0,0.4126276969909668,0.6032423377037048,924.4254298210144
train,4,51.0,8.0,0.388920396566391,0.5601660013198853,942.2361099720001
train,4,52.0,8.0,0.2412891685962677,0.6808035373687744,959.621946811676
train,4,53.0,8.0,0.2784547805786133,0.6275216937065125,977.2191429138184
train,4,54.0,8.0,0.4040067791938782,0.4529920518398285,994.9936368465424
train,4,55.0,8.0,0.29634109139442444,0.5051119923591614,1014.3377850055695
train,4,56.0,8.0,0.33964449167251587,0.6156330108642578,1032.318342924118
train,4,57.0,8.0,0.41520965099334717,0.5951332449913025,1049.9878599643707
train,4,58.0,8.0,0.24459247291088104,0.6895978450775146,1068.4867777824402
train,4,59.0,8.0,0.359672874212265,0.5220528841018677,1087.277146100998
train,4,60.0,8.0,0.4677402675151825,0.4324868321418762,1106.0212469100952
train,4,61.0,8.0,0.47178149223327637,0.5674093961715698,1123.7098398208618
train,4,62.0,8.0,0.2974792718887329,0.6014112234115601,1141.6686398983002
train,4,63.0,8.0,0.35026195645332336,0.5976769924163818,1160.0037517547607
train,4,64.0,8.0,0.28786370158195496,0.7209963798522949,1177.95845079422
train,4,65.0,8.0,0.3890731930732727,0.5642880201339722,1195.8076479434967
train,4,66.0,8.0,0.24074047803878784,0.572464644908905,1214.4968359470367
train,4,67.0,8.0,0.3677771985530853,0.44706490635871887,1232.2185027599335
train,4,68.0,8.0,0.22086390852928162,0.6411887407302856,1249.7073950767517
train,4,69.0,8.0,0.28836575150489807,0.7071090340614319,1267.485997915268
train,4,70.0,8.0,0.2031649947166443,0.9092093706130981,1285.0704197883606
train,4,71.0,8.0,0.4852694571018219,0.3233116865158081,1302.5309009552002
train,4,72.0,8.0,0.28568267822265625,0.6065288782119751,1320.4196667671204
train,4,73.0,8.0,0.19678814709186554,0.6576797366142273,1338.8533909320831
train,4,74.0,8.0,0.394819051027298,0.5076367855072021,1357.7425899505615
train,4,75.0,8.0,0.24734333157539368,0.7193511724472046,1375.9617779254913
train,4,76.0,8.0,0.2556147873401642,0.779137134552002,1393.944474697113
train,4,77.0,8.0,0.35657310485839844,0.6212879419326782,1411.7367379665375
train,4,78.0,8.0,0.3152504861354828,0.6164640188217163,1429.1201078891754
train,4,79.0,8.0,0.3260185718536377,0.6497079133987427,1447.6633930206299
train,4,80.0,8.0,0.3801162540912628,0.560463011264801,1465.581048965454
train,4,81.0,8.0,0.2771375775337219,0.6343376636505127,1482.8402380943298
train,4,82.0,8.0,0.45401108264923096,0.4292290210723877,1500.6017169952393
train,4,83.0,8.0,0.4076772630214691,0.6433900594711304,1518.4789488315582
train,4,84.0,8.0,0.5070433616638184,0.2717086970806122,1536.0614898204803
train,4,85.0,8.0,0.2113458514213562,0.7427201271057129,1553.6888399124146
train,4,86.0,8.0,0.2849997580051422,0.5975947976112366,1571.5313549041748
train,4,87.0,8.0,0.45446962118148804,0.3819097876548767,1588.901827096939
train,4,88.0,8.0,0.3306434750556946,0.6286931037902832,1606.5309178829193
train,4,89.0,8.0,0.40776127576828003,0.6682748198509216,1624.1507849693298
train,4,90.0,8.0,0.44385141134262085,0.6663204431533813,1642.1628239154816
train,4,91.0,8.0,0.4351598024368286,0.45067858695983887,1667.8082790374756
train,4,92.0,8.0,0.27601850032806396,0.6108635067939758,1687.4711499214172
train,4,93.0,8.0,0.2589849531650543,0.5442655682563782,1706.1197669506073
train,4,94.0,8.0,0.31900450587272644,0.7637767791748047,1723.50235581398
train,4,95.0,8.0,0.26806846261024475,0.6395629048347473,1741.5891230106354
train,4,96.0,8.0,0.3670596182346344,0.6734186410903931,1759.5425457954407
train,4,97.0,8.0,0.33124101161956787,0.6305660009384155,1777.4558169841766
train,4,98.0,8.0,0.19624757766723633,0.8031606674194336,1794.6855759620667
train,4,99.0,8.0,0.2257441282272339,0.7117889523506165,1812.2012238502502
train,4,100.0,8.0,0.2373795509338379,0.7119560241699219,1829.4773507118225
train,4,101.0,8.0,0.19591616094112396,0.7900086641311646,1848.4648649692535
train,4,102.0,8.0,0.35510697960853577,0.5933454632759094,1867.6947660446167
train,4,103.0,8.0,0.38924726843833923,0.452182412147522,1885.959579706192
train,4,104.0,8.0,0.25153812766075134,0.6888775825500488,1903.3501448631287
train,4,105.0,8.0,0.3992302119731903,0.5370337963104248,1920.3570029735565
train,4,106.0,8.0,0.34368377923965454,0.4381569027900696,1937.6708228588104
train,4,107.0,8.0,0.2113291621208191,0.8770901560783386,1955.2676768302917
train,4,108.0,8.0,0.246288001537323,0.8145760893821716,1973.8205828666687
train,4,109.0,8.0,0.3197076916694641,0.5405412912368774,1990.7153856754303
train,4,110.0,8.0,0.38119763135910034,0.65664142370224,2009.1172568798065
train,4,111.0,8.0,0.29260948300361633,0.7059056758880615,2027.8328230381012
train,4,112.0,8.0,0.29269939661026,0.6971291303634644,2045.7737288475037
train,4,113.0,8.0,0.41510963439941406,0.312836617231369,2062.9140169620514
train,4,114.0,8.0,0.39828482270240784,0.5207334756851196,2079.855413913727
train,4,115.0,8.0,0.4738529622554779,0.5105887055397034,2097.044132709503
train,4,116.0,8.0,0.46467551589012146,0.5127301812171936,2114.6615948677063
train,4,117.0,8.0,0.2621557414531708,0.8791970610618591,2132.1596059799194
train,4,118.0,8.0,0.29279541969299316,0.7245640158653259,2149.924737930298
train,4,119.0,8.0,0.28645771741867065,0.7097315788269043,2167.3573360443115
train,4,120.0,8.0,0.23227958381175995,0.8229413628578186,2184.7709250450134
train,4,121.0,8.0,0.33855485916137695,0.6070472598075867,2201.7289950847626
train,4,122.0,8.0,0.3639652132987976,0.4484366178512573,2218.7838237285614
train,4,123.0,8.0,0.28394341468811035,0.6011561751365662,2236.274642944336
train,4,124.0,8.0,0.2736701965332031,0.7206625938415527,2253.8014488220215
train,4,125.0,8.0,0.3739265203475952,0.6717040538787842,2272.1772227287292
train,4,126.0,8.0,0.3405253291130066,0.6085299253463745,2289.9734439849854
train,4,127.0,8.0,0.2933065593242645,0.6881668567657471,2307.2317979335785
train,4,128.0,8.0,0.359298974275589,0.5901075005531311,2324.4051678180695
train,4,129.0,8.0,0.30658817291259766,0.6689199209213257,2344.0085759162903
train,4,130.0,8.0,0.3238639831542969,0.7528946399688721,2363.260401725769
train,4,131.0,8.0,0.4198848605155945,0.7081031799316406,2382.7911038398743
train,4,132.0,8.0,0.37137511372566223,0.4530879855155945,2400.399441719055
train,4,133.0,8.0,0.33370810747146606,0.506700873374939,2417.630633831024
train,4,134.0,8.0,0.3509310781955719,0.5946730375289917,2434.997061729431
train,4,135.0,8.0,0.41727209091186523,0.6227918863296509,2452.1736018657684
train,4,136.0,8.0,0.25056192278862,0.7885863780975342,2469.8030109405518
train,4,137.0,8.0,0.24773477017879486,0.780864417552948,2486.9097180366516
train,4,138.0,8.0,0.29175251722335815,0.7188129425048828,2504.4635467529297
train,4,139.0,8.0,0.2945611774921417,0.4990794360637665,2521.826272010803
train,4,140.0,8.0,0.360664963722229,0.5897083282470703,2540.3160359859467
train,4,141.0,8.0,0.3968151807785034,0.638283371925354,2559.0384588241577
train,4,142.0,8.0,0.4079239070415497,0.5089712142944336,2576.9337520599365
train,4,143.0,8.0,0.32585763931274414,0.6176673173904419,2595.5308558940887
train,4,144.0,8.0,0.23175431787967682,0.5789951682090759,2614.6136310100555
train,4,145.0,8.0,0.19653797149658203,0.6619663834571838,2632.6991488933563
train,4,146.0,8.0,0.3339895009994507,0.7374690771102905,2650.300219774246
train,4,147.0,8.0,0.29153740406036377,0.6851176619529724,2667.1266050338745
train,4,148.0,8.0,0.42081302404403687,0.4557461738586426,2683.8401079177856
train,4,149.0,8.0,0.2961120307445526,0.5897394418716431,2700.663897037506
train,4,150.0,8.0,0.29644784331321716,0.7289108037948608,2717.6874947547913
train,4,151.0,8.0,0.4065532088279724,0.7218057513237,2734.9083030223846
train,4,152.0,8.0,0.2877380847930908,0.7032603621482849,2752.082051038742
train,4,153.0,8.0,0.22461873292922974,0.7003244757652283,2770.892996788025
train,4,154.0,8.0,0.2484888732433319,0.5693636536598206,2789.150456905365
train,4,155.0,8.0,0.3580397963523865,0.7197550535202026,2807.735132932663
train,4,156.0,8.0,0.21600821614265442,0.6140853762626648,2825.711676836014
val,4,,,0.3095601052045822,0.6472109280526638,3027.9810359477997
train,5,0.0,8.0,0.24187803268432617,0.5744830369949341,20.74816608428955
train,5,1.0,8.0,0.3062070906162262,0.6770481467247009,38.03041410446167
train,5,2.0,8.0,0.2754787504673004,0.6319693326950073,55.12455487251282
train,5,3.0,8.0,0.26324209570884705,0.65777587890625,73.1686019897461
train,5,4.0,8.0,0.33496513962745667,0.6329601407051086,90.64305400848389
train,5,5.0,8.0,0.21918530762195587,0.5936189293861389,109.81384205818176
train,5,6.0,8.0,0.35087186098098755,0.6071274280548096,129.33061003684998
train,5,7.0,8.0,0.25166893005371094,0.5529549717903137,148.50057005882263
train,5,8.0,8.0,0.3416288197040558,0.5961242318153381,166.6347680091858
train,5,9.0,8.0,0.382758766412735,0.7652193307876587,184.27424716949463
train,5,10.0,8.0,0.26205751299858093,0.6392772793769836,201.54597282409668
train,5,11.0,8.0,0.4145555794239044,0.5800597667694092,219.49149298667908
train,5,12.0,8.0,0.3129202723503113,0.5507873296737671,238.25609302520752
train,5,13.0,8.0,0.28961268067359924,0.8269460201263428,256.24383306503296
train,5,14.0,8.0,0.26087749004364014,0.7498561143875122,273.5262701511383
train,5,15.0,8.0,0.44638416171073914,0.5360401272773743,291.45056200027466
train,5,16.0,8.0,0.2835543155670166,0.5306963324546814,311.8945400714874
train,5,17.0,8.0,0.38685503602027893,0.6296376585960388,330.84814405441284
train,5,18.0,8.0,0.3624372184276581,0.5868561267852783,348.8153929710388
train,5,19.0,8.0,0.22167962789535522,0.6008612513542175,367.05053210258484
train,5,20.0,8.0,0.2380545288324356,0.7071897983551025,386.12876892089844
train,5,21.0,8.0,0.22579675912857056,0.820881187915802,404.17846488952637
train,5,22.0,8.0,0.3348366916179657,0.7351486086845398,423.21505308151245
train,5,23.0,8.0,0.14510507881641388,0.7578371167182922,440.36743807792664
train,5,24.0,8.0,0.25942400097846985,0.7508395314216614,458.9677789211273
train,5,25.0,8.0,0.386200875043869,0.44166839122772217,476.4213271141052
train,5,26.0,8.0,0.31046777963638306,0.7672945261001587,494.72093510627747
train,5,27.0,8.0,0.30166319012641907,0.5483859777450562,513.803689956665
train,5,28.0,8.0,0.20224730670452118,0.892204999923706,531.1259582042694
train,5,29.0,8.0,0.4257652461528778,0.601399302482605,548.3297808170319
train,5,30.0,8.0,0.4714564085006714,0.265720933675766,566.2804379463196
train,5,31.0,8.0,0.3185993731021881,0.6377646327018738,584.6275119781494
train,5,32.0,8.0,0.2351333200931549,0.8053092360496521,601.949511051178
train,5,33.0,8.0,0.38724955916404724,0.4008743464946747,619.2943511009216
train,5,34.0,8.0,0.2962244153022766,0.6775991320610046,637.005753993988
train,5,35.0,8.0,0.22158828377723694,0.6889689564704895,654.5167441368103
train,5,36.0,8.0,0.14974410831928253,0.7340547442436218,672.1574380397797
train,5,37.0,8.0,0.37975963950157166,0.39132723212242126,689.3088390827179
train,5,38.0,8.0,0.42149224877357483,0.6884707808494568,707.1534261703491
train,5,39.0,8.0,0.2337339073419571,0.8015395402908325,724.8118960857391
train,5,40.0,8.0,0.2711874544620514,0.7345837950706482,743.7543520927429
train,5,41.0,8.0,0.3236636817455292,0.5569232106208801,762.1441168785095
train,5,42.0,8.0,0.3218233585357666,0.8861183524131775,779.6198840141296
train,5,43.0,8.0,0.4056931436061859,0.5758367776870728,797.4961190223694
train,5,44.0,8.0,0.18832318484783173,0.7665330767631531,815.8668200969696
train,5,45.0,8.0,0.26825371384620667,0.6184483170509338,833.4598188400269
train,5,46.0,8.0,0.23501546680927277,0.6809210777282715,850.5995869636536
train,5,47.0,8.0,0.25234803557395935,0.6323049664497375,868.5533339977264
train,5,48.0,8.0,0.3406013548374176,0.6055099964141846,887.5308048725128
train,5,49.0,8.0,0.4710233509540558,0.5207104086875916,905.2080230712891
train,5,50.0,8.0,0.28208887577056885,0.8337934613227844,922.3988871574402
train,5,51.0,8.0,0.36470040678977966,0.48989301919937134,939.5157001018524
train,5,52.0,8.0,0.302825003862381,0.4700203239917755,956.7661612033844
train,5,53.0,8.0,0.3429318070411682,0.5092556476593018,974.0164709091187
train,5,54.0,8.0,0.3803606927394867,0.7706204056739807,991.3680241107941
train,5,55.0,8.0,0.33561110496520996,0.5975664258003235,1008.7502510547638
train,5,56.0,8.0,0.18759992718696594,0.7849899530410767,1026.5664870738983
train,5,57.0,8.0,0.30801212787628174,0.6435121893882751,1044.1047370433807
train,5,58.0,8.0,0.3715413212776184,0.46464693546295166,1062.0561151504517
train,5,59.0,8.0,0.1908927708864212,0.7654573321342468,1079.6692509651184
train,5,60.0,8.0,0.16131508350372314,0.7427896857261658,1097.15962600708
train,5,61.0,8.0,0.4084339439868927,0.5903216600418091,1114.180890083313
train,5,62.0,8.0,0.2974260151386261,0.6710468530654907,1132.1075639724731
train,5,63.0,8.0,0.1673324555158615,0.6837992072105408,1149.5074679851532
train,5,64.0,8.0,0.41244229674339294,0.5151506066322327,1166.750305891037
train,5,65.0,8.0,0.35051819682121277,0.5290415287017822,1183.9013001918793
train,5,66.0,8.0,0.3283231258392334,0.7518258690834045,1201.7328100204468
train,5,67.0,8.0,0.3699286878108978,0.3402476906776428,1219.6952822208405
train,5,68.0,8.0,0.20722362399101257,0.7414030432701111,1236.8228409290314
train,5,69.0,8.0,0.39909589290618896,0.40705692768096924,1254.9661219120026
train,5,70.0,8.0,0.30112919211387634,0.5708990097045898,1272.8316309452057
train,5,71.0,8.0,0.31231021881103516,0.6490199565887451,1290.8819198608398
train,5,72.0,8.0,0.25715580582618713,0.6194770932197571,1308.6344270706177
train,5,73.0,8.0,0.2191915065050125,0.828903079032898,1326.5740959644318
train,5,74.0,8.0,0.3005494773387909,0.5539829730987549,1345.702017068863
train,5,75.0,8.0,0.5366741418838501,0.1531534492969513,1363.6647350788116
train,5,76.0,8.0,0.29804185032844543,0.5627442002296448,1381.202180147171
train,5,77.0,8.0,0.36042338609695435,0.5908157825469971,1399.612636089325
train,5,78.0,8.0,0.3329754173755646,0.4855547249317169,1417.5487730503082
train,5,79.0,8.0,0.3721112906932831,0.2744031250476837,1435.9043409824371
train,5,80.0,8.0,0.4552091062068939,0.4428003430366516,1453.783210992813
train,5,81.0,8.0,0.3063560128211975,0.5716773271560669,1471.832274198532
train,5,82.0,8.0,0.37180840969085693,0.5399739742279053,1488.8861889839172
train,5,83.0,8.0,0.41660305857658386,0.5672422051429749,1506.2014729976654
train,5,84.0,8.0,0.2650076150894165,0.5124433636665344,1524.0579600334167
train,5,85.0,8.0,0.3258558213710785,0.7326784729957581,1541.9771530628204
train,5,86.0,8.0,0.28720706701278687,0.6865330338478088,1559.7391259670258
train,5,87.0,8.0,0.33335915207862854,0.4089401364326477,1578.0823171138763
train,5,88.0,8.0,0.37877410650253296,0.5072331428527832,1597.7470021247864
train,5,89.0,8.0,0.2495991587638855,0.6716635823249817,1617.2452881336212
train,5,90.0,8.0,0.15387065708637238,0.7425140738487244,1637.0035738945007
train,5,91.0,8.0,0.25251680612564087,0.6658518314361572,1655.7110571861267
train,5,92.0,8.0,0.16650725901126862,0.9536600708961487,1673.0030372142792
train,5,93.0,8.0,0.21067368984222412,0.8468161225318909,1690.333097934723
train,5,94.0,8.0,0.3622855842113495,0.7920680046081543,1708.0643649101257
train,5,95.0,8.0,0.33285585045814514,0.6199387311935425,1726.466670036316
train,5,96.0,8.0,0.3916184604167938,0.732353925704956,1744.403079032898
train,5,97.0,8.0,0.349604070186615,0.5778796672821045,1762.2900142669678
train,5,98.0,8.0,0.298602819442749,0.5399060845375061,1779.4753201007843
train,5,99.0,8.0,0.3486785888671875,0.5668618679046631,1796.8252909183502
train,5,100.0,8.0,0.3579336702823639,0.5710930824279785,1814.596666097641
train,5,101.0,8.0,0.27328699827194214,0.6007744669914246,1832.8205029964447
train,5,102.0,8.0,0.3694131374359131,0.5782054662704468,1850.0900032520294
train,5,103.0,8.0,0.3232165575027466,0.505074679851532,1867.267277956009
train,5,104.0,8.0,0.29820629954338074,0.5336937308311462,1884.4077920913696
train,5,105.0,8.0,0.3093739151954651,0.6383097171783447,1902.4366869926453
train,5,106.0,8.0,0.35250574350357056,0.5718826055526733,1920.0477030277252
train,5,107.0,8.0,0.29358479380607605,0.47605669498443604,1944.2424318790436
train,5,108.0,8.0,0.30805280804634094,0.6454802751541138,1963.4580578804016
train,5,109.0,8.0,0.31461307406425476,0.5250241160392761,1980.836995124817
train,5,110.0,8.0,0.26544907689094543,0.7242504954338074,1997.6014399528503
train,5,111.0,8.0,0.4516313672065735,0.5288056135177612,2015.7572729587555
train,5,112.0,8.0,0.3459515869617462,0.8185316324234009,2032.8350172042847
train,5,113.0,8.0,0.409805566072464,0.7024642825126648,2050.617725133896
train,5,114.0,8.0,0.5233173370361328,0.5057908296585083,2068.3682379722595
train,5,115.0,8.0,0.3031153678894043,0.5951491594314575,2085.4919872283936
train,5,116.0,8.0,0.28758758306503296,0.601935863494873,2102.5965580940247
train,5,117.0,8.0,0.35230064392089844,0.5818195343017578,2119.398495197296
train,5,118.0,8.0,0.2199840098619461,0.8053011894226074,2136.588942050934
train,5,119.0,8.0,0.20651856064796448,0.7385144233703613,2153.1033589839935
train,5,120.0,8.0,0.35536593198776245,0.6791526079177856,2169.9264628887177
train,5,121.0,8.0,0.17636388540267944,0.795553982257843,2187.1919741630554
train,5,122.0,8.0,0.24375098943710327,0.7737377882003784,2204.3682129383087
train,5,123.0,8.0,0.22646963596343994,0.6930323839187622,2222.5258491039276
train,5,124.0,8.0,0.3694780468940735,0.5711329579353333,2239.6119000911713
train,5,125.0,8.0,0.2731822729110718,0.7319914698600769,2259.659192085266
train,5,126.0,8.0,0.29412055015563965,0.5754756927490234,2278.0284650325775
train,5,127.0,8.0,0.35810452699661255,0.45534735918045044,2295.577735185623
train,5,128.0,8.0,0.316378653049469,0.6396746039390564,2312.8158740997314
train,5,129.0,8.0,0.3950651288032532,0.5344829559326172,2330.137184858322
train,5,130.0,8.0,0.2580891251564026,0.6187621355056763,2347.7806079387665
train,5,131.0,8.0,0.17666825652122498,0.8443175554275513,2364.8368191719055
train,5,132.0,8.0,0.28222256898880005,0.5712859034538269,2382.2207460403442
train,5,133.0,8.0,0.34028926491737366,0.5882164239883423,2399.916745901108
train,5,134.0,8.0,0.2045319378376007,0.7362658381462097,2419.2818999290466
train,5,135.0,8.0,0.28128769993782043,0.682574987411499,2438.381343126297
train,5,136.0,8.0,0.2543550431728363,0.7365450263023376,2456.294152021408
train,5,137.0,8.0,0.2836111783981323,0.5739837884902954,2473.5555419921875
train,5,138.0,8.0,0.3865293860435486,0.7315057516098022,2491.5385930538177
train,5,139.0,8.0,0.24148409068584442,0.6425845623016357,2512.082057237625
train,5,140.0,8.0,0.38824009895324707,0.5002143383026123,2532.977653026581
train,5,141.0,8.0,0.29486194252967834,0.6688976287841797,2554.73765707016
train,5,142.0,8.0,0.2760321795940399,0.712096631526947,2575.323798894882
train,5,143.0,8.0,0.39024820923805237,0.5618575811386108,2593.890529870987
train,5,144.0,8.0,0.29232123494148254,0.6827194690704346,2612.0118749141693
train,5,145.0,8.0,0.45256972312927246,0.40201136469841003,2630.0347340106964
train,5,146.0,8.0,0.3268454372882843,0.5408121347427368,2652.519860982895
train,5,147.0,8.0,0.3822471797466278,0.5015813112258911,2673.4293580055237
train,5,148.0,8.0,0.33875763416290283,0.37298768758773804,2694.4661989212036
train,5,149.0,8.0,0.3107781708240509,0.6500104665756226,2715.467016220093
train,5,150.0,8.0,0.2643105685710907,0.6016685962677002,2733.6903200149536
train,5,151.0,8.0,0.32665786147117615,0.6205729842185974,2751.738749027252
train,5,152.0,8.0,0.31068360805511475,0.5242438316345215,2775.6197538375854
train,5,153.0,8.0,0.2989732325077057,0.6621483564376831,2802.5291471481323
train,5,154.0,8.0,0.3893471360206604,0.6095370650291443,2842.9071390628815
train,5,155.0,8.0,0.3575608730316162,0.7990555167198181,2875.5285029411316
train,5,156.0,8.0,0.39899274706840515,0.5302653312683105,2908.0202519893646
val,5,,,0.3005124531686306,0.6367908701300621,3217.3871099948883
train,6,0.0,8.0,0.2898117005825043,0.6696005463600159,32.76859402656555
train,6,1.0,8.0,0.2783255875110626,0.6998170614242554,63.6805579662323
train,6,2.0,8.0,0.30776605010032654,0.637571394443512,94.23092794418335
train,6,3.0,8.0,0.29440203309059143,0.53570556640625,121.41202902793884
train,6,4.0,8.0,0.2978569567203522,0.5000849366188049,150.0434808731079
train,6,5.0,8.0,0.24847334623336792,0.890658974647522,182.01455807685852
train,6,6.0,8.0,0.32973843812942505,0.6141544580459595,211.1957380771637
train,6,7.0,8.0,0.285171240568161,0.5811123251914978,242.61423993110657
train,6,8.0,8.0,0.3352518379688263,0.5991551876068115,271.3507287502289
train,6,9.0,8.0,0.22794334590435028,0.5718621015548706,298.8402600288391
train,6,10.0,8.0,0.2567860186100006,0.61506587266922,329.3360118865967
train,6,11.0,8.0,0.30649468302726746,0.5111503005027771,360.39863109588623
train,6,12.0,8.0,0.24390850961208344,0.6514675617218018,389.15014004707336
train,6,13.0,8.0,0.36121994256973267,0.5216949582099915,417.23027181625366
train,6,14.0,8.0,0.23627401888370514,0.6435397863388062,447.44032192230225
train,6,15.0,8.0,0.2776150107383728,0.6965906023979187,477.86518001556396
train,6,16.0,8.0,0.34695670008659363,0.5646653771400452,511.2372567653656
train,6,17.0,8.0,0.3616879880428314,0.6583110094070435,536.6851418018341
train,6,18.0,8.0,0.2734365165233612,0.7088589072227478,560.1452248096466
train,6,19.0,8.0,0.2551214098930359,0.8809219002723694,583.6736800670624
train,6,20.0,8.0,0.3293320834636688,0.6035611033439636,611.0852420330048
train,6,21.0,8.0,0.2907935380935669,0.6979197859764099,635.949718952179
train,6,22.0,8.0,0.2759644091129303,0.8342549800872803,659.9574120044708
train,6,23.0,8.0,0.2929312288761139,0.7784541249275208,683.9821820259094
train,6,24.0,8.0,0.30813273787498474,0.6311332583427429,708.0042490959167
train,6,25.0,8.0,0.2511711120605469,0.6222679018974304,734.8991849422455
train,6,26.0,8.0,0.35722410678863525,0.6674088835716248,760.9832339286804
train,6,27.0,8.0,0.2025754749774933,0.8657654523849487,784.2447929382324
train,6,28.0,8.0,0.2725088596343994,0.7019100189208984,807.2991971969604
train,6,29.0,8.0,0.2642039954662323,0.7030731439590454,832.7313530445099
train,6,30.0,8.0,0.24278339743614197,0.6573663353919983,859.1246361732483
train,6,31.0,8.0,0.3306751847267151,0.5188410878181458,883.8329031467438
train,6,32.0,8.0,0.45106175541877747,0.5144658088684082,907.6818029880524
train,6,33.0,8.0,0.26853591203689575,0.5924847722053528,934.3850290775299
train,6,34.0,8.0,0.383832722902298,0.5414976477622986,961.407341003418
train,6,35.0,8.0,0.3262169063091278,0.7224189043045044,984.9020431041718
train,6,36.0,8.0,0.2687784731388092,0.8409931659698486,1007.4473299980164
train,6,37.0,8.0,0.27913469076156616,0.585534930229187,1033.1045920848846
train,6,38.0,8.0,0.32720136642456055,0.5913525223731995,1057.4749810695648
train,6,39.0,8.0,0.38927605748176575,0.7330458164215088,1079.607943058014
train,6,40.0,8.0,0.24740974605083466,0.6280467510223389,1103.0042080879211
train,6,41.0,8.0,0.30707845091819763,0.6516445875167847,1130.2053380012512
train,6,42.0,8.0,0.40156030654907227,0.38602960109710693,1155.7177169322968
train,6,43.0,8.0,0.28364744782447815,0.672508716583252,1181.773498058319
train,6,44.0,8.0,0.33238404989242554,0.7171048521995544,1205.9175369739532
train,6,45.0,8.0,0.2795466482639313,0.5643369555473328,1229.7627260684967
train,6,46.0,8.0,0.30380910634994507,0.6513356566429138,1255.0771129131317
train,6,47.0,8.0,0.15064148604869843,0.7051470875740051,1279.8253610134125
train,6,48.0,8.0,0.2828133702278137,0.48661959171295166,1305.2059030532837
train,6,49.0,8.0,0.32472050189971924,0.4855915606021881,1328.7036700248718
train,6,50.0,8.0,0.3684873580932617,0.4053588807582855,1352.6277401447296
train,6,51.0,8.0,0.28421181440353394,0.6898479461669922,1378.0463662147522
train,6,52.0,8.0,0.21976356208324432,0.6983106136322021,1401.630203962326
train,6,53.0,8.0,0.30385714769363403,0.6411645412445068,1426.9566769599915
train,6,54.0,8.0,0.36282944679260254,0.5249969363212585,1453.3341579437256
train,6,55.0,8.0,0.21062985062599182,0.5830332636833191,1478.8994579315186
train,6,56.0,8.0,0.3581930100917816,0.4731884300708771,1502.3462250232697
train,6,57.0,8.0,0.34245723485946655,0.6962108016014099,1526.2045269012451
train,6,58.0,8.0,0.2708423435688019,0.5746042728424072,1550.5681729316711
train,6,59.0,8.0,0.19227464497089386,0.7458013892173767,1573.9646399021149
train,6,60.0,8.0,0.3532469868659973,0.5483031272888184,1597.0408418178558
train,6,61.0,8.0,0.3054277300834656,0.7771663665771484,1620.293664932251
train,6,62.0,8.0,0.2991768717765808,0.6496589779853821,1644.943216085434
train,6,63.0,8.0,0.30074575543403625,0.5673927664756775,1673.0433189868927
train,6,64.0,8.0,0.3596118986606598,0.5363768935203552,1700.0712599754333
train,6,65.0,8.0,0.3010094463825226,0.7811135649681091,1724.4760868549347
train,6,66.0,8.0,0.20044787228107452,0.7327631711959839,1750.365786075592
train,6,67.0,8.0,0.19725842773914337,0.8781980276107788,1797.7236678600311
train,6,68.0,8.0,0.21985743939876556,0.8207874894142151,1832.4979507923126
train,6,69.0,8.0,0.3023175597190857,0.5302395224571228,1858.0463988780975
train,6,70.0,8.0,0.31967660784721375,0.4846249222755432,1882.358020067215
train,6,71.0,8.0,0.2773604094982147,0.5737459063529968,1906.6120281219482
train,6,72.0,8.0,0.4378100037574768,0.3220079243183136,1933.1202490329742
train,6,73.0,8.0,0.3156132400035858,0.6295541524887085,1962.4032859802246
train,6,74.0,8.0,0.4711490869522095,0.6057916879653931,1989.7226259708405
train,6,75.0,8.0,0.3271089196205139,0.7092020511627197,2015.9787628650665
train,6,76.0,8.0,0.27473586797714233,0.8127330541610718,2041.3846781253815
train,6,77.0,8.0,0.20475581288337708,0.7086754441261292,2066.6340577602386
train,6,78.0,8.0,0.28659960627555847,0.6667582988739014,2093.8953850269318
train,6,79.0,8.0,0.2717238664627075,0.6985508799552917,2120.3805689811707
train,6,80.0,8.0,0.2675815522670746,0.7206215858459473,2148.468509197235
train,6,81.0,8.0,0.3831634819507599,0.609558641910553,2173.9556279182434
train,6,82.0,8.0,0.1686067432165146,0.9422256350517273,2198.135288953781
train,6,83.0,8.0,0.299717515707016,0.5255406498908997,2222.902580976486
train,6,84.0,8.0,0.33883047103881836,0.7051811218261719,2248.4819691181183
train,6,85.0,8.0,0.29311084747314453,0.6596259474754333,2275.78031206131
train,6,86.0,8.0,0.33720314502716064,0.5732085704803467,2300.6520550251007
train,6,87.0,8.0,0.3409438729286194,0.6785102486610413,2326.8927068710327
train,6,88.0,8.0,0.16058650612831116,0.8455680012702942,2354.1518099308014
train,6,89.0,8.0,0.322232186794281,0.61851966381073,2381.2912318706512
train,6,90.0,8.0,0.29735156893730164,0.5255551338195801,2408.196280002594
train,6,91.0,8.0,0.22965088486671448,0.5317152738571167,2432.9701631069183
train,6,92.0,8.0,0.16391907632350922,0.8074030876159668,2457.5761280059814
train,6,93.0,8.0,0.18992656469345093,0.7419185638427734,2483.156886816025
train,6,94.0,8.0,0.20824120938777924,0.8334212899208069,2508.5437359809875
train,6,95.0,8.0,0.41809090971946716,0.5659478306770325,2532.594571828842
train,6,96.0,8.0,0.35931000113487244,0.6628216505050659,2557.4875078201294
train,6,97.0,8.0,0.18096905946731567,0.6313366889953613,2583.439768075943
train,6,98.0,8.0,0.3376207947731018,0.7045673131942749,2609.575362920761
train,6,99.0,8.0,0.24610169231891632,0.7494596242904663,2637.012752056122
train,6,100.0,8.0,0.21672233939170837,0.5770121216773987,2662.5249009132385
train,6,101.0,8.0,0.20614604651927948,0.726923942565918,2688.7815170288086
train,6,102.0,8.0,0.40259283781051636,0.6050952672958374,2714.94252204895
train,6,103.0,8.0,0.3566558361053467,0.5528213977813721,2740.564615011215
train,6,104.0,8.0,0.419902503490448,0.6888988614082336,2765.610692024231
train,6,105.0,8.0,0.2209130823612213,0.6872596144676208,2790.367866039276
train,6,106.0,8.0,0.3483962416648865,0.6720180511474609,2817.8494749069214
train,6,107.0,8.0,0.3837687075138092,0.6029763221740723,2843.968237876892
train,6,108.0,8.0,0.2943117618560791,0.783880352973938,2868.746770143509
train,6,109.0,8.0,0.34759268164634705,0.5897783637046814,2893.341439962387
train,6,110.0,8.0,0.38761308789253235,0.6081439256668091,2919.2705278396606
train,6,111.0,8.0,0.27589723467826843,0.8187403082847595,2945.1107308864594
train,6,112.0,8.0,0.33615022897720337,0.8366990685462952,2971.863368034363
train,6,113.0,8.0,0.29977041482925415,0.518144965171814,2998.252564907074
train,6,114.0,8.0,0.2931129038333893,0.6544368863105774,3024.8747968673706
train,6,115.0,8.0,0.33568745851516724,0.6038464307785034,3049.7390880584717
train,6,116.0,8.0,0.22421200573444366,0.666195273399353,3074.5248379707336
train,6,117.0,8.0,0.16930599510669708,0.654236376285553,3100.035171985626
train,6,118.0,8.0,0.33279120922088623,0.586129367351532,3136.961478948593
train,6,119.0,8.0,0.2182704508304596,0.6788473129272461,3164.1524069309235
train,6,120.0,8.0,0.33423686027526855,0.725496768951416,3188.458179950714
train,6,121.0,8.0,0.2980634868144989,0.42965278029441833,3212.643429994583
train,6,122.0,8.0,0.32628631591796875,0.7138233780860901,3241.2847340106964
train,6,123.0,8.0,0.28719663619995117,0.5735182762145996,3267.4692509174347
train,6,124.0,8.0,0.22849637269973755,0.5787068605422974,3292.5630440711975
train,6,125.0,8.0,0.19898946583271027,0.6044374704360962,3317.4478890895844
train,6,126.0,8.0,0.3396987318992615,0.6969227194786072,3343.48956990242
train,6,127.0,8.0,0.20723146200180054,0.6941466331481934,3369.331498861313
train,6,128.0,8.0,0.19234740734100342,0.7338534593582153,3397.1202759742737
train,6,129.0,8.0,0.47258418798446655,0.09349796921014786,3424.194463968277
train,6,130.0,8.0,0.41882336139678955,0.6643660664558411,3448.2072620391846
train,6,131.0,8.0,0.16685475409030914,0.7848432660102844,3479.2137739658356
train,6,132.0,8.0,0.3107207715511322,0.7358468770980835,3527.0020830631256
train,6,133.0,8.0,0.3536321222782135,0.4282090961933136,3580.8028688430786
train,6,134.0,8.0,0.37193745374679565,0.3912941515445709,3632.5998339653015
train,6,135.0,8.0,0.3451077342033386,0.5677125453948975,3663.001033782959
train,6,136.0,8.0,0.2747073471546173,0.7013188004493713,3687.779646873474
train,6,137.0,8.0,0.3081943988800049,0.5093869566917419,3711.284112930298
train,6,138.0,8.0,0.3395191729068756,0.5766168832778931,3739.272897005081
train,6,139.0,8.0,0.2633861303329468,0.8524991273880005,3766.045993089676
train,6,140.0,8.0,0.23937676846981049,0.7536481022834778,3791.8525648117065
train,6,141.0,8.0,0.15863646566867828,0.7173376679420471,3818.0255620479584
train,6,142.0,8.0,0.25165683031082153,0.7447425723075867,3846.1056089401245
train,6,143.0,8.0,0.2830227017402649,0.6653745174407959,3872.5640008449554
train,6,144.0,8.0,0.19535379111766815,0.7269236445426941,3896.9517941474915
train,6,145.0,8.0,0.315970778465271,0.5206103920936584,3921.75567984581
train,6,146.0,8.0,0.18237698078155518,0.8261017799377441,3947.83739900589
train,6,147.0,8.0,0.10898289084434509,0.7945088148117065,3973.8062188625336
train,6,148.0,8.0,0.4150169789791107,0.2613219618797302,4001.7006199359894
train,6,149.0,8.0,0.26392433047294617,0.5869537591934204,4026.873589992523
train,6,150.0,8.0,0.2704486548900604,0.5895951986312866,4051.8425278663635
train,6,151.0,8.0,0.15122149884700775,0.7215001583099365,4077.7091538906097
train,6,152.0,8.0,0.3621525466442108,0.4497644007205963,4102.334734916687
train,6,153.0,8.0,0.23488986492156982,0.525244414806366,4130.731080770493
train,6,154.0,8.0,0.22851616144180298,0.6721840500831604,4156.800894021988
train,6,155.0,8.0,0.3863421678543091,0.4041207432746887,4183.816857099533
train,6,156.0,8.0,0.2833283245563507,0.9636402130126953,4210.987246990204
val,6,,,0.2885298114269972,0.6607347913086414,4503.676978111267
train,7,0.0,8.0,0.3637744188308716,0.7936905026435852,35.461028814315796
train,7,1.0,8.0,0.27786538004875183,0.45390844345092773,62.099435806274414
train,7,2.0,8.0,0.3357177972793579,0.4643520712852478,104.77482485771179
train,7,3.0,8.0,0.1447613388299942,0.8610726594924927,138.22484588623047
train,7,4.0,8.0,0.36810028553009033,0.5219714641571045,161.0717740058899
train,7,5.0,8.0,0.29690319299697876,0.516327977180481,182.4134488105774
train,7,6.0,8.0,0.18829625844955444,0.75562983751297,203.84811186790466
train,7,7.0,8.0,0.3253633677959442,0.7142057418823242,225.1561598777771
train,7,8.0,8.0,0.2077421396970749,0.7021499276161194,254.63810205459595
train,7,9.0,8.0,0.45613178610801697,0.3975389003753662,279.0979697704315
train,7,10.0,8.0,0.27417248487472534,0.5804527997970581,301.4169669151306
train,7,11.0,8.0,0.26003482937812805,0.6234344244003296,321.56118869781494
train,7,12.0,8.0,0.2220972329378128,0.6633293032646179,341.4458487033844
train,7,13.0,8.0,0.3318415880203247,0.6861500144004822,362.8190107345581
train,7,14.0,8.0,0.2797897160053253,0.6925798654556274,383.79653668403625
train,7,15.0,8.0,0.36722859740257263,0.5507861375808716,404.6955647468567
train,7,16.0,8.0,0.328519731760025,0.4990684688091278,426.71961975097656
train,7,17.0,8.0,0.29402652382850647,0.5278303027153015,446.9296567440033
train,7,18.0,8.0,0.1771257370710373,0.7678641080856323,466.33498764038086
train,7,19.0,8.0,0.3032035529613495,0.46193927526474,485.677188873291
train,7,20.0,8.0,0.26500996947288513,0.7344679832458496,505.92488980293274
train,7,21.0,8.0,0.34006640315055847,0.5650707483291626,525.4197707176208
train,7,22.0,8.0,0.23870228230953217,0.6266418695449829,544.3530099391937
train,7,23.0,8.0,0.3149261772632599,0.755108118057251,561.869622707367
train,7,24.0,8.0,0.3239665925502777,0.7000563144683838,580.1041448116302
train,7,25.0,8.0,0.18464496731758118,0.6239250898361206,597.9948697090149
train,7,26.0,8.0,0.22533540427684784,0.7922497391700745,615.8761339187622
train,7,27.0,8.0,0.3655572235584259,0.5509755611419678,633.0446238517761
train,7,28.0,8.0,0.3304957449436188,0.7081131339073181,650.8008358478546
train,7,29.0,8.0,0.32819101214408875,0.5971918106079102,669.1940457820892
train,7,30.0,8.0,0.33086496591567993,0.7193084955215454,687.0082788467407
train,7,31.0,8.0,0.27229341864585876,0.618632435798645,705.0756659507751
train,7,32.0,8.0,0.3081742525100708,0.4091061055660248,722.9189538955688
train,7,33.0,8.0,0.3012642562389374,0.640066921710968,741.4401848316193
train,7,34.0,8.0,0.37000542879104614,0.4148866832256317,758.791366815567
train,7,35.0,8.0,0.17266488075256348,0.8088873624801636,776.8960168361664
train,7,36.0,8.0,0.3155093789100647,0.6255841255187988,794.7184000015259
train,7,37.0,8.0,0.15246255695819855,0.8729304075241089,812.2440967559814
train,7,38.0,8.0,0.22120587527751923,0.6629648804664612,830.2101457118988
train,7,39.0,8.0,0.40702807903289795,0.5606273412704468,848.0746009349823
train,7,40.0,8.0,0.3336230218410492,0.48272451758384705,866.142021894455
train,7,41.0,8.0,0.3136124014854431,0.7379860281944275,884.1853177547455
train,7,42.0,8.0,0.27985018491744995,0.6725085973739624,901.7299420833588
train,7,43.0,8.0,0.26974794268608093,0.6927558779716492,919.5220067501068
train,7,44.0,8.0,0.2576959729194641,0.7309631705284119,937.6042528152466
train,7,45.0,8.0,0.39344125986099243,0.5831463932991028,955.0090508460999
train,7,46.0,8.0,0.34107503294944763,0.500804603099823,972.1365258693695
train,7,47.0,8.0,0.32806020975112915,0.8570702075958252,989.8383638858795
train,7,48.0,8.0,0.3356873691082001,0.584790825843811,1007.2298588752747
train,7,49.0,8.0,0.1811637133359909,0.9074193835258484,1024.7628588676453
train,7,50.0,8.0,0.3364928066730499,0.6944558024406433,1041.5708470344543
train,7,51.0,8.0,0.19055990874767303,0.7609590888023376,1058.915650844574
train,7,52.0,8.0,0.1692284643650055,0.6837024688720703,1076.7482409477234
train,7,53.0,8.0,0.4837111830711365,0.6899219751358032,1094.838297843933
train,7,54.0,8.0,0.30652427673339844,0.511634349822998,1111.7738118171692
train,7,55.0,8.0,0.21453429758548737,0.6886332631111145,1128.7472598552704
train,7,56.0,8.0,0.17446334660053253,0.6954605579376221,1146.50967669487
train,7,57.0,8.0,0.3220595419406891,0.4631555378437042,1164.0275359153748
train,7,58.0,8.0,0.3237316906452179,0.520394504070282,1181.7134459018707
train,7,59.0,8.0,0.35479736328125,0.5173364281654358,1198.5917959213257
train,7,60.0,8.0,0.16310569643974304,0.789047360420227,1215.4436419010162
train,7,61.0,8.0,0.2478451281785965,0.7607857584953308,1233.0514748096466
train,7,62.0,8.0,0.3984350264072418,0.7040551900863647,1250.1485650539398
train,7,63.0,8.0,0.17242449522018433,0.6499441862106323,1266.7268028259277
train,7,64.0,8.0,0.3751099109649658,0.5298212170600891,1283.4951837062836
train,7,65.0,8.0,0.3325766324996948,0.6933482885360718,1301.3849937915802
train,7,66.0,8.0,0.3034016191959381,0.5374626517295837,1319.757836818695
train,7,67.0,8.0,0.3065629005432129,0.6249721050262451,1337.3864619731903
train,7,68.0,8.0,0.33890751004219055,0.4737720787525177,1354.4857847690582
train,7,69.0,8.0,0.1881747543811798,0.6107368469238281,1371.4516916275024
train,7,70.0,8.0,0.2813466787338257,0.6722180247306824,1388.8732569217682
train,7,71.0,8.0,0.3859173655509949,0.5941113829612732,1406.7114717960358
train,7,72.0,8.0,0.27389153838157654,0.8491904139518738,1424.3762729167938
train,7,73.0,8.0,0.304680734872818,0.6489999294281006,1441.441687822342
train,7,74.0,8.0,0.18568693101406097,0.6148370504379272,1458.5586879253387
train,7,75.0,8.0,0.26099255681037903,0.7158843278884888,1476.0234098434448
train,7,76.0,8.0,0.2021222561597824,0.7223053574562073,1493.9432950019836
train,7,77.0,8.0,0.22886492311954498,0.7951975464820862,1511.743596792221
train,7,78.0,8.0,0.35109660029411316,0.5463680028915405,1529.3648309707642
train,7,79.0,8.0,0.4513757824897766,0.2993234097957611,1547.0272698402405
train,7,80.0,8.0,0.2967495918273926,0.7903890609741211,1563.605477809906
train,7,81.0,8.0,0.3444097340106964,0.6718177795410156,1581.0841927528381
train,7,82.0,8.0,0.31088387966156006,0.6102608442306519,1598.7235310077667
train,7,83.0,8.0,0.3495911657810211,0.5681808590888977,1616.823315858841
train,7,84.0,8.0,0.3637080490589142,0.537126898765564,1634.579533815384
train,7,85.0,8.0,0.3396022617816925,0.5357106328010559,1651.217051744461
train,7,86.0,8.0,0.295727401971817,0.6548970341682434,1668.0568208694458
train,7,87.0,8.0,0.2876976728439331,0.7866584658622742,1684.9674077033997
train,7,88.0,8.0,0.4146225154399872,0.6721862554550171,1702.920227766037
train,7,89.0,8.0,0.30982035398483276,0.5291607975959778,1721.704006910324
train,7,90.0,8.0,0.3052351772785187,0.775388777256012,1738.8325717449188
train,7,91.0,8.0,0.3135654926300049,0.5511890053749084,1756.2864117622375
train,7,92.0,8.0,0.3360382318496704,0.5680322647094727,1773.5566148757935
train,7,93.0,8.0,0.3413761854171753,0.7217183709144592,1790.6531436443329
train,7,94.0,8.0,0.24842935800552368,0.6667165160179138,1808.6949598789215
train,7,95.0,8.0,0.1694496124982834,0.7884474396705627,1825.7817296981812
train,7,96.0,8.0,0.18888232111930847,0.8981288075447083,1842.6122148036957
train,7,97.0,8.0,0.32891398668289185,0.7239033579826355,1859.4499299526215
train,7,98.0,8.0,0.2556786835193634,0.6292844414710999,1876.7823150157928
train,7,99.0,8.0,0.2688518762588501,0.720827579498291,1893.7293167114258
train,7,100.0,8.0,0.3287044167518616,0.6017615795135498,1910.3054988384247
train,7,101.0,8.0,0.39640435576438904,0.2846629321575165,1927.4051578044891
train,7,102.0,8.0,0.36632558703422546,0.5308816432952881,1944.7455117702484
train,7,103.0,8.0,0.30651023983955383,0.6153364181518555,1961.8977537155151
train,7,104.0,8.0,0.362833708524704,0.6639178395271301,1978.8428127765656
train,7,105.0,8.0,0.2832973599433899,0.5386278629302979,1998.3819768428802
train,7,106.0,8.0,0.2718554735183716,0.6208441853523254,2016.6289069652557
train,7,107.0,8.0,0.2654752731323242,0.5924714803695679,2033.9573719501495
train,7,108.0,8.0,0.28135940432548523,0.4311319589614868,2051.5431928634644
train,7,109.0,8.0,0.2601807713508606,0.49709805846214294,2070.3677246570587
train,7,110.0,8.0,0.15306711196899414,0.6923156976699829,2088.735451936722
train,7,111.0,8.0,0.39957934617996216,0.37217602133750916,2107.2589020729065
train,7,112.0,8.0,0.255187451839447,0.6381195187568665,2124.387666940689
train,7,113.0,8.0,0.3063814043998718,0.7712458968162537,2141.833888053894
train,7,114.0,8.0,0.26161494851112366,0.6171808242797852,2159.126340866089
train,7,115.0,8.0,0.2003873586654663,0.6307426691055298,2176.2701587677
train,7,116.0,8.0,0.28386449813842773,0.448849618434906,2193.523469686508
train,7,117.0,8.0,0.3960382044315338,0.6235034465789795,2211.485013961792
train,7,118.0,8.0,0.2049686163663864,0.5857723951339722,2229.769590616226
train,7,119.0,8.0,0.2688392996788025,0.7042773962020874,2247.5912177562714
train,7,120.0,8.0,0.30426040291786194,0.6499431133270264,2265.2410366535187
train,7,121.0,8.0,0.1825062483549118,0.7707398533821106,2282.779356956482
train,7,122.0,8.0,0.2918558418750763,0.5280095934867859,2301.8597078323364
train,7,123.0,8.0,0.31688064336776733,0.6011773347854614,2320.760808944702
train,7,124.0,8.0,0.3365834057331085,0.5778244733810425,2339.8961567878723
train,7,125.0,8.0,0.33851075172424316,0.7556025981903076,2358.794882774353
train,7,126.0,8.0,0.2584007978439331,0.5973494648933411,2376.368968963623
train,7,127.0,8.0,0.31538769602775574,0.4783095419406891,2393.4086208343506
train,7,128.0,8.0,0.48798733949661255,0.13288849592208862,2412.24178481102
train,7,129.0,8.0,0.35598263144493103,0.6565964221954346,2430.6262147426605
train,7,130.0,8.0,0.4577771723270416,0.7357065677642822,2448.8867609500885
train,7,131.0,8.0,0.3343905210494995,0.6453807950019836,2466.1381797790527
train,7,132.0,8.0,0.22087974846363068,0.6677035689353943,2483.1216509342194
train,7,133.0,8.0,0.27352070808410645,0.6790397763252258,2500.7189247608185
train,7,134.0,8.0,0.30104759335517883,0.6689505577087402,2518.120360851288
train,7,135.0,8.0,0.1841902732849121,0.6366872191429138,2536.330643892288
train,7,136.0,8.0,0.28838911652565,0.6611851453781128,2553.53111577034
train,7,137.0,8.0,0.2047041952610016,0.871986448764801,2570.5241689682007
train,7,138.0,8.0,0.4363241493701935,0.5191248059272766,2587.6262516975403
train,7,139.0,8.0,0.2950185239315033,0.7711073160171509,2605.2949788570404
train,7,140.0,8.0,0.3418479263782501,0.5513562560081482,2625.8806936740875
train,7,141.0,8.0,0.28201937675476074,0.4557802379131317,2643.401407957077
train,7,142.0,8.0,0.323751837015152,0.5951295495033264,2661.086574792862
train,7,143.0,8.0,0.3376062512397766,0.8295100927352905,2678.3516478538513
train,7,144.0,8.0,0.2704083323478699,0.5944186449050903,2696.0021238327026
train,7,145.0,8.0,0.28883329033851624,0.6669232845306396,2713.5631217956543
train,7,146.0,8.0,0.29527944326400757,0.5238271355628967,2730.8320899009705
train,7,147.0,8.0,0.27198562026023865,0.696483850479126,2747.8753910064697
train,7,148.0,8.0,0.14135311543941498,0.8529666662216187,2765.1727459430695
train,7,149.0,8.0,0.23756489157676697,0.6291916966438293,2782.257003068924
train,7,150.0,8.0,0.29021787643432617,0.6928642988204956,2799.5262548923492
train,7,151.0,8.0,0.3675892651081085,0.4057137072086334,2816.229029893875
train,7,152.0,8.0,0.33310750126838684,0.8229124546051025,2835.6490466594696
train,7,153.0,8.0,0.1237066313624382,0.7546737790107727,2853.565728664398
train,7,154.0,8.0,0.2525407373905182,0.7287852764129639,2871.4429519176483
train,7,155.0,8.0,0.2625037729740143,0.7479850649833679,2888.775054693222
train,7,156.0,8.0,0.3978530168533325,0.4684197008609772,2906.0854017734528
val,7,,,0.2818020090460777,0.6530180267989636,3114.6842958927155
train,8,0.0,8.0,0.33128687739372253,0.8232321739196777,21.200457096099854
train,8,1.0,8.0,0.32685571908950806,0.5078543424606323,39.03779196739197
train,8,2.0,8.0,0.24349111318588257,0.7462068796157837,55.599337100982666
train,8,3.0,8.0,0.22132699191570282,0.8194190859794617,72.83313202857971
train,8,4.0,8.0,0.34889739751815796,0.6717297434806824,90.11058521270752
train,8,5.0,8.0,0.2668743431568146,0.8398422598838806,108.79265213012695
train,8,6.0,8.0,0.31054773926734924,0.37109506130218506,126.45632314682007
train,8,7.0,8.0,0.2824023365974426,0.7926041483879089,143.6989529132843
train,8,8.0,8.0,0.1601126492023468,0.6743706464767456,160.92872714996338
train,8,9.0,8.0,0.3506738245487213,0.6664114594459534,179.55399298667908
train,8,10.0,8.0,0.23002967238426208,0.5350276827812195,203.08635592460632
train,8,11.0,8.0,0.21860118210315704,0.6531075835227966,223.30503392219543
train,8,12.0,8.0,0.18448512256145477,0.6026490330696106,241.55852222442627
train,8,13.0,8.0,0.33287274837493896,0.7042365074157715,259.82840609550476
train,8,14.0,8.0,0.2829454243183136,0.6721612215042114,277.99551486968994
train,8,15.0,8.0,0.3356848359107971,0.6863910555839539,295.5613389015198
train,8,16.0,8.0,0.33092033863067627,0.680745005607605,312.58629298210144
train,8,17.0,8.0,0.41863682866096497,0.2357090711593628,330.2805919647217
train,8,18.0,8.0,0.4982537031173706,0.28112202882766724,347.72354316711426
train,8,19.0,8.0,0.3128416836261749,0.6543181538581848,365.3240990638733
train,8,20.0,8.0,0.4242688715457916,0.5315936803817749,382.43966007232666
train,8,21.0,8.0,0.2383190095424652,0.6242396831512451,399.65480494499207
train,8,22.0,8.0,0.2460598349571228,0.6216163039207458,417.49915194511414
train,8,23.0,8.0,0.15297666192054749,0.6852320432662964,435.28764486312866
train,8,24.0,8.0,0.3515092134475708,0.6809979677200317,452.72391986846924
train,8,25.0,8.0,0.23792123794555664,0.7519646286964417,469.6142189502716
train,8,26.0,8.0,0.28855058550834656,0.6544833779335022,487.2658922672272
train,8,27.0,8.0,0.2706640064716339,0.7050484418869019,506.03651905059814
train,8,28.0,8.0,0.10169263184070587,0.8229607343673706,524.2532050609589
train,8,29.0,8.0,0.29786717891693115,0.4955025911331177,541.4825768470764
train,8,30.0,8.0,0.2610330581665039,0.5822785496711731,558.4242310523987
train,8,31.0,8.0,0.2217351198196411,0.5355061292648315,576.3002181053162
train,8,32.0,8.0,0.24175068736076355,0.7551276087760925,593.7712240219116
train,8,33.0,8.0,0.3036404252052307,0.6376657485961914,610.9328949451447
train,8,34.0,8.0,0.29149824380874634,0.7873696088790894,628.5988390445709
train,8,35.0,8.0,0.28260332345962524,0.6942958831787109,646.0505900382996
train,8,36.0,8.0,0.3267609477043152,0.58341383934021,663.3214960098267
train,8,37.0,8.0,0.2210194617509842,0.8064583539962769,680.1728961467743
train,8,38.0,8.0,0.26621517539024353,0.5720585584640503,698.2048079967499
train,8,39.0,8.0,0.32239988446235657,0.8403925895690918,716.6473300457001
train,8,40.0,8.0,0.2292945235967636,0.6566616892814636,734.8724958896637
train,8,41.0,8.0,0.2425602376461029,0.4966922700405121,752.4291961193085
train,8,42.0,8.0,0.16491086781024933,0.9466693997383118,770.6002151966095
train,8,43.0,8.0,0.35508671402931213,0.41502490639686584,789.0362849235535
train,8,44.0,8.0,0.34754854440689087,0.5415089130401611,806.9029161930084
train,8,45.0,8.0,0.26512202620506287,0.5646029710769653,824.3312940597534
train,8,46.0,8.0,0.36893096566200256,0.5412940979003906,841.6518321037292
train,8,47.0,8.0,0.23532868921756744,0.7943204045295715,859.0734939575195
train,8,48.0,8.0,0.2749672532081604,0.6794402599334717,876.588809967041
train,8,49.0,8.0,0.30321741104125977,0.4166387915611267,894.0955469608307
train,8,50.0,8.0,0.3148072063922882,0.626654863357544,911.0190551280975
train,8,51.0,8.0,0.3410359025001526,0.6773817539215088,929.0533399581909
train,8,52.0,8.0,0.27087435126304626,0.6928308010101318,947.4590940475464
train,8,53.0,8.0,0.2692289352416992,0.43181470036506653,964.677542924881
train,8,54.0,8.0,0.2827397882938385,0.47399067878723145,981.8167209625244
train,8,55.0,8.0,0.3359382748603821,0.6983761787414551,999.5960431098938
train,8,56.0,8.0,0.4548642337322235,0.390585333108902,1017.8737511634827
train,8,57.0,8.0,0.45622146129608154,0.48545655608177185,1035.6184179782867
train,8,58.0,8.0,0.3038645386695862,0.4973026216030121,1053.235247850418
train,8,59.0,8.0,0.27174752950668335,0.6954814195632935,1072.6548779010773
train,8,60.0,8.0,0.219124436378479,0.6658020615577698,1091.1245629787445
train,8,61.0,8.0,0.3874754309654236,0.6224402189254761,1110.7598640918732
train,8,62.0,8.0,0.10493110865354538,0.8099151849746704,1128.6024770736694
train,8,63.0,8.0,0.33255690336227417,0.44463375210762024,1145.5834691524506
train,8,64.0,8.0,0.32754141092300415,0.7310031652450562,1163.418035030365
train,8,65.0,8.0,0.17056073248386383,0.7938973307609558,1180.271301984787
train,8,66.0,8.0,0.32217445969581604,0.6015472412109375,1197.9087390899658
train,8,67.0,8.0,0.33438873291015625,0.5720915794372559,1215.8270568847656
train,8,68.0,8.0,0.24347755312919617,0.6514745354652405,1234.1409358978271
train,8,69.0,8.0,0.3184935748577118,0.7565022706985474,1250.9260649681091
train,8,70.0,8.0,0.28259149193763733,0.5368183851242065,1267.863646030426
train,8,71.0,8.0,0.34080323576927185,0.6802560091018677,1285.4033422470093
train,8,72.0,8.0,0.38175830245018005,0.5935066938400269,1303.135931968689
train,8,73.0,8.0,0.35904616117477417,0.5591962933540344,1320.7450790405273
train,8,74.0,8.0,0.27239030599594116,0.8224179148674011,1337.959547996521
train,8,75.0,8.0,0.2576482892036438,0.5830658078193665,1355.677742242813
train,8,76.0,8.0,0.20836982131004333,0.731706440448761,1373.8764019012451
train,8,77.0,8.0,0.278369665145874,0.6670191287994385,1391.4427552223206
train,8,78.0,8.0,0.4334034323692322,0.5042700171470642,1408.9608561992645
train,8,79.0,8.0,0.2011481523513794,0.7050830125808716,1426.4580161571503
train,8,80.0,8.0,0.20641930401325226,0.8286426067352295,1444.365804195404
train,8,81.0,8.0,0.27889496088027954,0.4123740792274475,1463.0257852077484
train,8,82.0,8.0,0.4176039397716522,0.5364276766777039,1480.9382190704346
train,8,83.0,8.0,0.2631203532218933,0.7081623077392578,1497.6894731521606
train,8,84.0,8.0,0.2569761872291565,0.6973881125450134,1515.157872915268
train,8,85.0,8.0,0.28868216276168823,0.43239420652389526,1532.9067831039429
train,8,86.0,8.0,0.22289998829364777,0.7798017263412476,1550.7581009864807
train,8,87.0,8.0,0.3269263505935669,0.6935826539993286,1568.4126720428467
train,8,88.0,8.0,0.26219499111175537,0.7077690958976746,1586.363173007965
train,8,89.0,8.0,0.28913962841033936,0.6373697519302368,1604.0314729213715
train,8,90.0,8.0,0.28176453709602356,0.5386079549789429,1623.0978910923004
train,8,91.0,8.0,0.22647574543952942,0.6415103077888489,1641.4133651256561
train,8,92.0,8.0,0.2665264308452606,0.7180890440940857,1658.7069580554962
train,8,93.0,8.0,0.188350111246109,0.9018858075141907,1676.1508831977844
train,8,94.0,8.0,0.3123084306716919,0.599605917930603,1694.3403520584106
train,8,95.0,8.0,0.3231307566165924,0.5953333973884583,1712.4791979789734
train,8,96.0,8.0,0.17559577524662018,0.6262466907501221,1730.5072379112244
train,8,97.0,8.0,0.2574823498725891,0.6019104719161987,1750.0572791099548
train,8,98.0,8.0,0.2596057653427124,0.5736202001571655,1769.5580151081085
train,8,99.0,8.0,0.2735907733440399,0.8159887194633484,1788.0412781238556
train,8,100.0,8.0,0.23352119326591492,0.7534731030464172,1805.1078081130981
train,8,101.0,8.0,0.4210284948348999,0.7761064171791077,1824.1919071674347
train,8,102.0,8.0,0.3940541744232178,0.4610038697719574,1841.293704032898
train,8,103.0,8.0,0.1599118411540985,0.7977178692817688,1858.1559691429138
train,8,104.0,8.0,0.24204015731811523,0.619836151599884,1875.2592010498047
train,8,105.0,8.0,0.2438104897737503,0.7434823513031006,1892.5065541267395
train,8,106.0,8.0,0.3616178333759308,0.9063286781311035,1911.4062960147858
train,8,107.0,8.0,0.3021693229675293,0.752312421798706,1929.4648141860962
train,8,108.0,8.0,0.27602419257164,0.6819040179252625,1947.2145779132843
train,8,109.0,8.0,0.3589114546775818,0.768025279045105,1964.693706035614
train,8,110.0,8.0,0.24419109523296356,0.739386260509491,1983.7500150203705
train,8,111.0,8.0,0.2129606008529663,0.5569509267807007,2002.3812391757965
train,8,112.0,8.0,0.3103334903717041,0.5098544359207153,2019.927083015442
train,8,113.0,8.0,0.1287916898727417,0.7643876075744629,2037.5120630264282
train,8,114.0,8.0,0.2740125358104706,0.5781288743019104,2054.8609821796417
train,8,115.0,8.0,0.25736403465270996,0.5093675255775452,2072.8558011054993
train,8,116.0,8.0,0.2163507640361786,0.6703600287437439,2090.360246181488
train,8,117.0,8.0,0.25500792264938354,0.8789653778076172,2107.2755579948425
train,8,118.0,8.0,0.2625998258590698,0.5840675234794617,2124.714865922928
train,8,119.0,8.0,0.2452012151479721,0.4872015714645386,2142.969341993332
train,8,120.0,8.0,0.4417349100112915,0.12008383870124817,2160.4762670993805
train,8,121.0,8.0,0.2616574764251709,0.45828402042388916,2177.2956211566925
train,8,122.0,8.0,0.29793670773506165,0.5176544189453125,2195.001163005829
train,8,123.0,8.0,0.1946534961462021,0.6071523427963257,2213.85834813118
train,8,124.0,8.0,0.3031679689884186,0.5194383859634399,2231.075855255127
train,8,125.0,8.0,0.14179474115371704,0.7218307256698608,2248.624964237213
train,8,126.0,8.0,0.24704332649707794,0.5890374779701233,2266.499630212784
train,8,127.0,8.0,0.2722689211368561,0.5503833293914795,2284.3274309635162
train,8,128.0,8.0,0.2969087064266205,0.6862651109695435,2302.243246078491
train,8,129.0,8.0,0.22416768968105316,0.6494636535644531,2320.2343039512634
train,8,130.0,8.0,0.36471155285835266,0.7675688862800598,2337.7074298858643
train,8,131.0,8.0,0.3315317630767822,0.7010728120803833,2355.179226875305
train,8,132.0,8.0,0.2439994066953659,0.589864194393158,2372.3128168582916
train,8,133.0,8.0,0.27082693576812744,0.8167260885238647,2389.540060043335
train,8,134.0,8.0,0.36030879616737366,0.630998432636261,2406.4710500240326
train,8,135.0,8.0,0.2836863398551941,0.6700472831726074,2425.0070741176605
train,8,136.0,8.0,0.22654041647911072,0.6418067216873169,2442.4399728775024
train,8,137.0,8.0,0.23439490795135498,0.7538355588912964,2459.4080290794373
train,8,138.0,8.0,0.2722052335739136,0.5403361916542053,2476.4609270095825
train,8,139.0,8.0,0.2211507111787796,0.8009881377220154,2494.338057041168
train,8,140.0,8.0,0.3039146959781647,0.49674955010414124,2512.8380212783813
train,8,141.0,8.0,0.25764593482017517,0.7593042254447937,2530.4536530971527
train,8,142.0,8.0,0.09472375363111496,0.797766387462616,2548.622036933899
train,8,143.0,8.0,0.2593037486076355,0.7197588086128235,2566.5037949085236
train,8,144.0,8.0,0.27256596088409424,0.8087550401687622,2584.120768070221
train,8,145.0,8.0,0.20466908812522888,0.7607433199882507,2601.9248399734497
train,8,146.0,8.0,0.38585537672042847,0.5920989513397217,2619.0864589214325
train,8,147.0,8.0,0.25746768712997437,0.6957312822341919,2636.286071062088
train,8,148.0,8.0,0.3541577458381653,0.5104284882545471,2654.048725128174
train,8,149.0,8.0,0.3272587060928345,0.8243393301963806,2671.4954829216003
train,8,150.0,8.0,0.20086853206157684,0.8774712085723877,2688.740869283676
train,8,151.0,8.0,0.20505118370056152,0.6860896944999695,2705.8071160316467
train,8,152.0,8.0,0.29915881156921387,0.7618794441223145,2723.832587003708
train,8,153.0,8.0,0.3069012761116028,0.47584864497184753,2742.4234869480133
train,8,154.0,8.0,0.2240600287914276,0.6560927629470825,2759.669168949127
train,8,155.0,8.0,0.20470300316810608,0.6179953813552856,2776.490886926651
train,8,156.0,8.0,0.2864486575126648,0.4214530885219574,2794.6448681354523
val,8,,,0.2754405278712511,0.6568451941013336,3000.792797088623
train,9,0.0,8.0,0.2598446011543274,0.6931084990501404,20.986205101013184
train,9,1.0,8.0,0.2733871042728424,0.5418920516967773,40.465677976608276
train,9,2.0,8.0,0.2982487082481384,0.7753533720970154,58.62946915626526
train,9,3.0,8.0,0.1793401688337326,0.7357655763626099,76.00952911376953
train,9,4.0,8.0,0.2204163670539856,0.7818621397018433,93.36179184913635
train,9,5.0,8.0,0.2677910327911377,0.6837891340255737,115.03986597061157
train,9,6.0,8.0,0.34822216629981995,0.42535918951034546,133.91169095039368
train,9,7.0,8.0,0.2140219509601593,0.6773115396499634,151.29901003837585
train,9,8.0,8.0,0.2031019628047943,0.715347945690155,168.90783309936523
train,9,9.0,8.0,0.3683067560195923,0.6146501898765564,186.06497406959534
train,9,10.0,8.0,0.40863925218582153,0.5556825399398804,206.03484416007996
train,9,11.0,8.0,0.2740326523780823,0.6680618524551392,226.0111711025238
train,9,12.0,8.0,0.16819779574871063,0.7823129892349243,244.17276215553284
train,9,13.0,8.0,0.24981661140918732,0.723015308380127,262.39651703834534
train,9,14.0,8.0,0.2669401466846466,0.8372345566749573,279.52168798446655
train,9,15.0,8.0,0.2439049333333969,0.7859757542610168,296.4218511581421
train,9,16.0,8.0,0.21575848758220673,0.8129503726959229,314.6443750858307
train,9,17.0,8.0,0.2902986407279968,0.6339381337165833,332.93759298324585
train,9,18.0,8.0,0.20743469893932343,0.5560111403465271,350.8277440071106
train,9,19.0,8.0,0.2835538983345032,0.7818947434425354,368.06701707839966
train,9,20.0,8.0,0.31119847297668457,0.6016310453414917,386.5557532310486
train,9,21.0,8.0,0.31926125288009644,0.8494279980659485,404.9095640182495
train,9,22.0,8.0,0.2782362103462219,0.8277642726898193,422.12184500694275
train,9,23.0,8.0,0.38214111328125,0.8407562375068665,439.3722689151764
train,9,24.0,8.0,0.18565091490745544,0.7802757620811462,456.7972981929779
train,9,25.0,8.0,0.14499858021736145,0.6801260113716125,475.42219591140747
train,9,26.0,8.0,0.19854736328125,0.7175264954566956,493.26115703582764
train,9,27.0,8.0,0.23812951147556305,0.6269817352294922,510.4566271305084
train,9,28.0,8.0,0.20358169078826904,0.8414762020111084,528.1749391555786
train,9,29.0,8.0,0.2523196041584015,0.7202963829040527,545.7155959606171
train,9,30.0,8.0,0.28399401903152466,0.6715558171272278,563.4693570137024
train,9,31.0,8.0,0.2198401242494583,0.6790264248847961,580.5383770465851
train,9,32.0,8.0,0.30342018604278564,0.5050342082977295,597.9021239280701
train,9,33.0,8.0,0.3003786504268646,0.764801561832428,616.3402049541473
train,9,34.0,8.0,0.2525227963924408,0.5904448628425598,635.0353960990906
train,9,35.0,8.0,0.2236562818288803,0.6436218023300171,652.4870009422302
train,9,36.0,8.0,0.3169946074485779,0.6063677072525024,669.863890171051
train,9,37.0,8.0,0.23276589810848236,0.6270182132720947,687.9489850997925
train,9,38.0,8.0,0.4020928740501404,0.675655722618103,705.8481819629669
train,9,39.0,8.0,0.22735774517059326,0.6789535880088806,723.2200529575348
train,9,40.0,8.0,0.3705538809299469,0.41306933760643005,740.6868360042572
train,9,41.0,8.0,0.1884472668170929,0.616542398929596,758.2897160053253
train,9,42.0,8.0,0.3682668209075928,0.3824002146720886,776.4779980182648
train,9,43.0,8.0,0.2601627707481384,0.6974003911018372,795.5568580627441
train,9,44.0,8.0,0.25233450531959534,0.6022263765335083,813.8103821277618
train,9,45.0,8.0,0.21810807287693024,0.6570020914077759,833.1080529689789
train,9,46.0,8.0,0.15309129655361176,0.6654627919197083,851.9818360805511
train,9,47.0,8.0,0.2820906639099121,0.6531900763511658,870.8034868240356
train,9,48.0,8.0,0.29544776678085327,0.4894820749759674,889.2448160648346
train,9,49.0,8.0,0.29383984208106995,0.5368209481239319,913.9471650123596
train,9,50.0,8.0,0.31428977847099304,0.5977092385292053,933.5122511386871
train,9,51.0,8.0,0.26021823287010193,0.7146852016448975,951.8452279567719
train,9,52.0,8.0,0.2130185067653656,0.5425412654876709,970.0372340679169
train,9,53.0,8.0,0.15066726505756378,0.6787211298942566,988.222156047821
train,9,54.0,8.0,0.36071357131004333,0.7586994767189026,1006.3228120803833
train,9,55.0,8.0,0.31765422224998474,0.7066946625709534,1023.7561500072479
train,9,56.0,8.0,0.3060528039932251,0.47543400526046753,1041.9168310165405
train,9,57.0,8.0,0.3283839523792267,0.5556766986846924,1060.540500164032
train,9,58.0,8.0,0.5149596333503723,0.13921603560447693,1077.689101934433
train,9,59.0,8.0,0.37251731753349304,0.7308981418609619,1094.6760528087616
train,9,60.0,8.0,0.4813147485256195,0.5847327709197998,1112.4478120803833
train,9,61.0,8.0,0.23310832679271698,0.8300507664680481,1129.6659879684448
train,9,62.0,8.0,0.21942244470119476,0.6496446132659912,1146.4906010627747
train,9,63.0,8.0,0.31424808502197266,0.7188748121261597,1163.8598289489746
train,9,64.0,8.0,0.2705365717411041,0.5490918755531311,1182.3920259475708
train,9,65.0,8.0,0.26594600081443787,0.7057019472122192,1199.6354730129242
train,9,66.0,8.0,0.22053858637809753,0.6518059372901917,1216.7015330791473
train,9,67.0,8.0,0.27830442786216736,0.661860466003418,1234.6500430107117
train,9,68.0,8.0,0.23069381713867188,0.7678711414337158,1252.9134709835052
train,9,69.0,8.0,0.345162570476532,0.7226446866989136,1270.661633014679
train,9,70.0,8.0,0.35047242045402527,0.5198942422866821,1289.5257909297943
train,9,71.0,8.0,0.2645457684993744,0.593292772769928,1307.5270738601685
train,9,72.0,8.0,0.18730752170085907,0.7425348162651062,1328.74094414711
train,9,73.0,8.0,0.28598469495773315,0.5079852342605591,1348.3927779197693
train,9,74.0,8.0,0.21219804883003235,0.8103687763214111,1365.8644320964813
train,9,75.0,8.0,0.20369867980480194,0.7360615134239197,1385.0446510314941
train,9,76.0,8.0,0.20415964722633362,0.5831258893013,1402.021782875061
train,9,77.0,8.0,0.26597458124160767,0.5042808651924133,1419.2061381340027
train,9,78.0,8.0,0.40249258279800415,0.30756741762161255,1437.0470650196075
train,9,79.0,8.0,0.24127237498760223,0.630750298500061,1454.0417251586914
train,9,80.0,8.0,0.2805340886116028,0.7041566967964172,1471.0144550800323
train,9,81.0,8.0,0.2252349704504013,0.7684705853462219,1489.0509731769562
train,9,82.0,8.0,0.2361673265695572,0.4642922878265381,1506.1575360298157
train,9,83.0,8.0,0.3474175035953522,0.6592695713043213,1523.3197422027588
train,9,84.0,8.0,0.20006315410137177,0.5744853615760803,1541.087473154068
train,9,85.0,8.0,0.2909301519393921,0.6490567922592163,1558.581722021103
train,9,86.0,8.0,0.1987435221672058,0.7000098824501038,1575.97669506073
train,9,87.0,8.0,0.3580965995788574,0.7564130425453186,1594.460974931717
train,9,88.0,8.0,0.2932658791542053,0.3886620104312897,1612.7736291885376
train,9,89.0,8.0,0.23029562830924988,0.5467846393585205,1632.6707921028137
train,9,90.0,8.0,0.3118482530117035,0.4683789908885956,1649.603558063507
train,9,91.0,8.0,0.22773927450180054,0.6357311010360718,1667.8641719818115
train,9,92.0,8.0,0.24743908643722534,0.5937127470970154,1685.178134918213
train,9,93.0,8.0,0.1834644228219986,0.7472599744796753,1702.8436410427094
train,9,94.0,8.0,0.16631336510181427,0.7670921087265015,1719.7212400436401
train,9,95.0,8.0,0.22831286489963531,0.5127440094947815,1736.9575872421265
train,9,96.0,8.0,0.2668333053588867,0.6927919387817383,1754.3098940849304
train,9,97.0,8.0,0.2701157033443451,0.6741690039634705,1771.9036891460419
train,9,98.0,8.0,0.2830258011817932,0.6646741628646851,1789.634728193283
train,9,99.0,8.0,0.2855875790119171,0.3968735635280609,1806.2032239437103
train,9,100.0,8.0,0.2455146163702011,0.7317573428153992,1823.6659309864044
train,9,101.0,8.0,0.37267565727233887,0.86241215467453,1841.9201908111572
train,9,102.0,8.0,0.2799340784549713,0.6532090902328491,1859.31458902359
train,9,103.0,8.0,0.29711833596229553,0.6112353205680847,1875.9428441524506
train,9,104.0,8.0,0.21981437504291534,0.6384342908859253,1892.807384967804
train,9,105.0,8.0,0.2979493737220764,0.4906332194805145,1911.7223839759827
train,9,106.0,8.0,0.21199887990951538,0.5354983806610107,1929.616003036499
train,9,107.0,8.0,0.31774476170539856,0.45837172865867615,1946.5949549674988
train,9,108.0,8.0,0.3200424313545227,0.5761072039604187,1963.899337053299
train,9,109.0,8.0,0.2454339563846588,0.7398506999015808,1981.9907281398773
train,9,110.0,8.0,0.41013002395629883,0.7936362028121948,1999.853022813797
train,9,111.0,8.0,0.21485978364944458,0.7003902792930603,2016.7644250392914
train,9,112.0,8.0,0.2890437841415405,0.6713154315948486,2033.8179829120636
train,9,113.0,8.0,0.33375662565231323,0.6809637546539307,2051.0367889404297
train,9,114.0,8.0,0.2959776222705841,0.5049788951873779,2069.0382928848267
train,9,115.0,8.0,0.2732066512107849,0.6700957417488098,2086.042590856552
train,9,116.0,8.0,0.23233716189861298,0.7667273879051208,2102.8058960437775
train,9,117.0,8.0,0.29138270020484924,0.5038971900939941,2120.0417840480804
train,9,118.0,8.0,0.28716766834259033,0.5265379548072815,2137.830410003662
train,9,119.0,8.0,0.20990383625030518,0.821462869644165,2155.482038974762
train,9,120.0,8.0,0.294385701417923,0.7771416306495667,2172.7447531223297
train,9,121.0,8.0,0.2101982831954956,0.6768131852149963,2190.62757396698
train,9,122.0,8.0,0.32072535157203674,0.47605371475219727,2209.542839050293
train,9,123.0,8.0,0.25737857818603516,0.6952372789382935,2226.689952850342
train,9,124.0,8.0,0.3285680413246155,0.6889888048171997,2243.3918039798737
train,9,125.0,8.0,0.2744249105453491,0.6670117974281311,2260.848073244095
train,9,126.0,8.0,0.33355653285980225,0.6974862813949585,2277.777559041977
train,9,127.0,8.0,0.23917226493358612,0.6049648523330688,2295.7243649959564
train,9,128.0,8.0,0.1866184026002884,0.7237231731414795,2312.6026821136475
train,9,129.0,8.0,0.20130924880504608,0.5559784173965454,2329.5301389694214
train,9,130.0,8.0,0.15452609956264496,0.8292636275291443,2346.7010140419006
train,9,131.0,8.0,0.20752917230129242,0.8585306406021118,2364.05446600914
train,9,132.0,8.0,0.2697334587574005,0.6965134143829346,2381.3253648281097
train,9,133.0,8.0,0.1773911565542221,0.7854831218719482,2398.115243911743
train,9,134.0,8.0,0.32274290919303894,0.6913279294967651,2415.707854986191
train,9,135.0,8.0,0.2693556249141693,0.9847395420074463,2433.5188751220703
train,9,136.0,8.0,0.28142842650413513,0.5540481805801392,2451.585428953171
train,9,137.0,8.0,0.3383669853210449,0.532366931438446,2468.3743720054626
train,9,138.0,8.0,0.21552212536334991,0.653613269329071,2485.3776891231537
train,9,139.0,8.0,0.2741818428039551,0.8268644213676453,2504.376000881195
train,9,140.0,8.0,0.18818695843219757,0.7333728671073914,2521.6855421066284
train,9,141.0,8.0,0.13933750987052917,0.8328483700752258,2539.9787418842316
train,9,142.0,8.0,0.25066259503364563,0.7301161885261536,2557.765111923218
train,9,143.0,8.0,0.3260005712509155,0.7069523334503174,2576.4103240966797
train,9,144.0,8.0,0.14590170979499817,0.6871710419654846,2594.757644891739
train,9,145.0,8.0,0.29146379232406616,0.6300399303436279,2612.3993508815765
train,9,146.0,8.0,0.33642610907554626,0.8201534152030945,2630.7979130744934
train,9,147.0,8.0,0.24363301694393158,0.7287718057632446,2648.1577870845795
train,9,148.0,8.0,0.2613673210144043,0.6116470694541931,2665.651351928711
train,9,149.0,8.0,0.26991525292396545,0.6745756268501282,2683.1979711055756
train,9,150.0,8.0,0.2277441918849945,0.634070098400116,2700.635998249054
train,9,151.0,8.0,0.24467822909355164,0.7398380041122437,2717.502340078354
train,9,152.0,8.0,0.24046052992343903,0.7500345706939697,2734.175663948059
train,9,153.0,8.0,0.30153337121009827,0.7364774942398071,2751.9918310642242
train,9,154.0,8.0,0.2296718955039978,0.6146353483200073,2770.3359668254852
train,9,155.0,8.0,0.19405660033226013,0.727799117565155,2788.0572850704193
train,9,156.0,8.0,0.36507561802864075,0.7500883936882019,2806.9274201393127
val,9,,,0.2683554872870445,0.6602093495428563,3013.703185081482
train,10,0.0,8.0,0.32397884130477905,0.6969130635261536,20.548195838928223
train,10,1.0,8.0,0.2753530442714691,0.5363596677780151,39.16583871841431
train,10,2.0,8.0,0.2274295687675476,0.6305969953536987,56.55467963218689
train,10,3.0,8.0,0.272553950548172,0.6741951704025269,73.47149586677551
train,10,4.0,8.0,0.14708319306373596,0.8358120322227478,91.53988981246948
train,10,5.0,8.0,0.25215888023376465,0.5880921483039856,109.22597980499268
train,10,6.0,8.0,0.23174679279327393,0.5139427781105042,126.11421275138855
train,10,7.0,8.0,0.22343963384628296,0.8231168985366821,143.29238867759705
train,10,8.0,8.0,0.20892652869224548,0.5320956110954285,160.47182989120483
train,10,9.0,8.0,0.286490261554718,0.5101290345191956,178.39803171157837
train,10,10.0,8.0,0.3576709032058716,0.65715092420578,195.67064690589905
train,10,11.0,8.0,0.27381131052970886,0.5392829775810242,212.8994119167328
train,10,12.0,8.0,0.3972463011741638,0.3322470784187317,229.7484610080719
train,10,13.0,8.0,0.2764245867729187,0.6730743646621704,246.92958688735962
train,10,14.0,8.0,0.27242669463157654,0.6710373163223267,264.13444089889526
train,10,15.0,8.0,0.3003125488758087,0.4808152914047241,281.7792329788208
train,10,16.0,8.0,0.24663835763931274,0.6140680313110352,300.1462986469269
train,10,17.0,8.0,0.2834576368331909,0.4520558714866638,316.9050109386444
train,10,18.0,8.0,0.3598807156085968,0.6534164547920227,335.61568093299866
train,10,19.0,8.0,0.2842731773853302,0.7740771770477295,353.17392778396606
train,10,20.0,8.0,0.2505674958229065,0.6001595258712769,371.28236389160156
train,10,21.0,8.0,0.35975444316864014,0.743886411190033,389.13090562820435
train,10,22.0,8.0,0.20817644894123077,0.818358838558197,407.34106492996216
train,10,23.0,8.0,0.17097976803779602,0.6265986561775208,425.4784770011902
train,10,24.0,8.0,0.2965310513973236,0.6150984764099121,444.1725218296051
train,10,25.0,8.0,0.21425789594650269,0.5296973586082458,461.7820405960083
train,10,26.0,8.0,0.23628860712051392,0.6478006839752197,478.961945772171
train,10,27.0,8.0,0.3004213273525238,0.7445720434188843,497.0758767127991
train,10,28.0,8.0,0.20541928708553314,0.6936519145965576,514.9918427467346
train,10,29.0,8.0,0.2958347797393799,0.7451227903366089,531.8670678138733
train,10,30.0,8.0,0.2200818955898285,0.780157208442688,548.7091839313507
train,10,31.0,8.0,0.28560417890548706,0.7662947773933411,565.5907578468323
train,10,32.0,8.0,0.2899622321128845,0.5360757112503052,582.9828007221222
train,10,33.0,8.0,0.17586195468902588,0.6152553558349609,600.1934299468994
train,10,34.0,8.0,0.24338634312152863,0.6056929230690002,617.2446057796478
train,10,35.0,8.0,0.24645429849624634,0.7596969604492188,634.8725759983063
train,10,36.0,8.0,0.30042409896850586,0.6552902460098267,652.2140848636627
train,10,37.0,8.0,0.38482391834259033,0.7198219299316406,669.1724028587341
train,10,38.0,8.0,0.3275613784790039,0.3522917628288269,686.2815139293671
train,10,39.0,8.0,0.206826314330101,0.6698049306869507,704.1921436786652
train,10,40.0,8.0,0.20235379040241241,0.6991203427314758,721.4858937263489
train,10,41.0,8.0,0.1627870798110962,0.6449277400970459,739.3244726657867
train,10,42.0,8.0,0.3219274878501892,0.8431816101074219,756.710257768631
train,10,43.0,8.0,0.40163201093673706,0.6827517151832581,773.5408158302307
train,10,44.0,8.0,0.3539016544818878,0.7701654434204102,791.0556819438934
train,10,45.0,8.0,0.30906280875205994,0.7197219133377075,809.8295297622681
train,10,46.0,8.0,0.1337941288948059,0.7197050452232361,827.8249526023865
train,10,47.0,8.0,0.31930792331695557,0.7078280448913574,844.9115378856659
train,10,48.0,8.0,0.3439832329750061,0.6911136507987976,861.7454397678375
train,10,49.0,8.0,0.30318576097488403,0.6067642569541931,879.3681588172913
train,10,50.0,8.0,0.16803644597530365,0.8370475769042969,896.8800539970398
train,10,51.0,8.0,0.3208922743797302,0.5669130682945251,915.4642639160156
train,10,52.0,8.0,0.28744783997535706,0.5084015130996704,934.8429019451141
train,10,53.0,8.0,0.34410664439201355,0.5319312810897827,952.7834386825562
train,10,54.0,8.0,0.20762111246585846,0.8165941834449768,970.7440457344055
train,10,55.0,8.0,0.13877223432064056,0.8584668040275574,988.5054106712341
train,10,56.0,8.0,0.1959768533706665,0.5671806335449219,1006.4715750217438
train,10,57.0,8.0,0.37131473422050476,0.6001262664794922,1024.2278487682343
train,10,58.0,8.0,0.2395562082529068,0.47832226753234863,1041.0902678966522
train,10,59.0,8.0,0.25783634185791016,0.7024421691894531,1058.2767627239227
train,10,60.0,8.0,0.22627578675746918,0.8033880591392517,1076.0066678524017
train,10,61.0,8.0,0.2994987964630127,0.6256279945373535,1093.9062597751617
train,10,62.0,8.0,0.19601459801197052,0.8580079674720764,1110.3667287826538
train,10,63.0,8.0,0.13362322747707367,0.9072167873382568,1127.4843137264252
train,10,64.0,8.0,0.24086320400238037,0.4718553423881531,1144.8467519283295
train,10,65.0,8.0,0.24273629486560822,0.7569791674613953,1162.456345796585
train,10,66.0,8.0,0.25781533122062683,0.5641106367111206,1179.7407989501953
train,10,67.0,8.0,0.257957398891449,0.6965979337692261,1196.8031480312347
train,10,68.0,8.0,0.25412189960479736,0.6018160581588745,1213.705748796463
train,10,69.0,8.0,0.3286680281162262,0.8310605883598328,1232.0702619552612
train,10,70.0,8.0,0.2616739571094513,0.6898043155670166,1250.5608649253845
train,10,71.0,8.0,0.31776389479637146,0.7012096643447876,1267.803722858429
train,10,72.0,8.0,0.22722119092941284,0.6275363564491272,1284.982778787613
train,10,73.0,8.0,0.322236031293869,0.5657974481582642,1302.2366468906403
train,10,74.0,8.0,0.24405469000339508,0.7299996018409729,1319.6802098751068
train,10,75.0,8.0,0.21364189684391022,0.6735110282897949,1337.7551357746124
train,10,76.0,8.0,0.28822946548461914,0.9321914911270142,1354.7341947555542
train,10,77.0,8.0,0.16556504368782043,0.7725334763526917,1372.0203247070312
train,10,78.0,8.0,0.15366186201572418,0.8067605495452881,1391.129391670227
train,10,79.0,8.0,0.30255913734436035,0.5933388471603394,1409.9285778999329
train,10,80.0,8.0,0.32523873448371887,0.687265157699585,1426.7788019180298
train,10,81.0,8.0,0.2634933590888977,0.6000152826309204,1444.3233017921448
train,10,82.0,8.0,0.1604318618774414,0.7756484746932983,1463.2452819347382
train,10,83.0,8.0,0.25831204652786255,0.5579086542129517,1482.0993976593018
train,10,84.0,8.0,0.29270243644714355,0.7560063004493713,1499.7009007930756
train,10,85.0,8.0,0.34337741136550903,0.5726779103279114,1516.9922406673431
train,10,86.0,8.0,0.19024057686328888,0.8710708022117615,1535.5980558395386
train,10,87.0,8.0,0.23777136206626892,0.6066464781761169,1553.6613659858704
train,10,88.0,8.0,0.14530937373638153,0.8247998952865601,1570.3273499011993
train,10,89.0,8.0,0.2627294361591339,0.552005410194397,1587.549498796463
train,10,90.0,8.0,0.2526682913303375,0.7117796540260315,1605.980941772461
train,10,91.0,8.0,0.30643218755722046,0.8964127898216248,1624.4975237846375
train,10,92.0,8.0,0.2485070824623108,0.8872393369674683,1642.6784627437592
train,10,93.0,8.0,0.27789077162742615,0.5400238633155823,1660.5711798667908
train,10,94.0,8.0,0.16661259531974792,0.7549343109130859,1678.6590976715088
train,10,95.0,8.0,0.31010687351226807,0.47019845247268677,1696.8970267772675
train,10,96.0,8.0,0.14905939996242523,0.6818137168884277,1714.6104047298431
train,10,97.0,8.0,0.1702485978603363,0.6305626034736633,1731.2777118682861
train,10,98.0,8.0,0.28251272439956665,0.6440644860267639,1748.5999898910522
train,10,99.0,8.0,0.266698956489563,0.6762722134590149,1765.9967308044434
train,10,100.0,8.0,0.20991720259189606,0.5405974388122559,1783.7228698730469
train,10,101.0,8.0,0.27082961797714233,0.6862552762031555,1800.0565576553345
train,10,102.0,8.0,0.33576062321662903,0.8006601929664612,1816.8445029258728
train,10,103.0,8.0,0.2364574670791626,0.6068407893180847,1834.8198337554932
train,10,104.0,8.0,0.15882015228271484,0.6367706060409546,1852.4254817962646
train,10,105.0,8.0,0.2224343866109848,0.6494892239570618,1871.7516448497772
train,10,106.0,8.0,0.36365923285484314,0.7390017509460449,1889.5414707660675
train,10,107.0,8.0,0.23528742790222168,0.7731998562812805,1906.9573948383331
train,10,108.0,8.0,0.26687151193618774,0.8457338809967041,1924.356603860855
train,10,109.0,8.0,0.32484740018844604,0.7096144556999207,1942.4585218429565
train,10,110.0,8.0,0.3091997802257538,0.7304827570915222,1959.5936229228973
train,10,111.0,8.0,0.3183315098285675,0.5798967480659485,1976.5659246444702
train,10,112.0,8.0,0.4432844817638397,0.5979787707328796,1994.82363986969
train,10,113.0,8.0,0.2384347915649414,0.6148622632026672,2013.5115067958832
train,10,114.0,8.0,0.348619669675827,0.7649561762809753,2030.7891237735748
train,10,115.0,8.0,0.15835848450660706,0.8044043779373169,2049.929956674576
train,10,116.0,8.0,0.31205376982688904,0.5834175944328308,2068.9861748218536
train,10,117.0,8.0,0.13141116499900818,0.8787848353385925,2087.012699842453
train,10,118.0,8.0,0.1719602346420288,0.7625936269760132,2104.85364484787
train,10,119.0,8.0,0.20850838720798492,0.8605901598930359,2122.255122900009
train,10,120.0,8.0,0.23735669255256653,0.736829400062561,2140.082836866379
train,10,121.0,8.0,0.29239049553871155,0.6269757151603699,2157.4831268787384
train,10,122.0,8.0,0.23107454180717468,0.62888103723526,2175.214830636978
train,10,123.0,8.0,0.21879680454730988,0.7924659252166748,2193.1541228294373
train,10,124.0,8.0,0.298746794462204,0.9080096483230591,2210.3148427009583
train,10,125.0,8.0,0.23057013750076294,0.7940219640731812,2227.9857409000397
train,10,126.0,8.0,0.29372864961624146,0.753206193447113,2246.54381775856
train,10,127.0,8.0,0.2558721601963043,0.8563464283943176,2263.965680837631
train,10,128.0,8.0,0.250272274017334,0.5766831636428833,2281.583130836487
train,10,129.0,8.0,0.18386270105838776,0.7274969220161438,2299.5302999019623
train,10,130.0,8.0,0.36299026012420654,0.36724308133125305,2317.239014863968
train,10,131.0,8.0,0.2312220335006714,0.6529844403266907,2335.1528618335724
train,10,132.0,8.0,0.2691013813018799,0.7065356969833374,2353.334259748459
train,10,133.0,8.0,0.18797743320465088,0.7469783425331116,2371.6589529514313
train,10,134.0,8.0,0.3533925414085388,0.5014699697494507,2388.650276660919
train,10,135.0,8.0,0.3807883858680725,0.6012976765632629,2406.1991817951202
train,10,136.0,8.0,0.19901201128959656,0.7038016319274902,2424.325259923935
train,10,137.0,8.0,0.16462896764278412,0.6348181962966919,2443.069723844528
train,10,138.0,8.0,0.29201552271842957,0.7890717387199402,2461.4133248329163
train,10,139.0,8.0,0.3411109447479248,0.6604412794113159,2479.3851697444916
train,10,140.0,8.0,0.27920830249786377,0.6639977693557739,2498.6476888656616
train,10,141.0,8.0,0.2312687635421753,0.7887776494026184,2517.3941917419434
train,10,142.0,8.0,0.4026660919189453,0.6652988791465759,2535.5884108543396
train,10,143.0,8.0,0.3384648263454437,0.33138507604599,2554.3277847766876
train,10,144.0,8.0,0.22833220660686493,0.6329677104949951,2572.636241912842
train,10,145.0,8.0,0.2367422729730606,0.6101990938186646,2590.6224677562714
train,10,146.0,8.0,0.26029172539711,0.5695576667785645,2608.969179868698
train,10,147.0,8.0,0.31784361600875854,0.7168296575546265,2628.969702720642
train,10,148.0,8.0,0.34771493077278137,0.634427547454834,2646.468729734421
train,10,149.0,8.0,0.39429792761802673,0.4433138072490692,2664.796417951584
train,10,150.0,8.0,0.34133103489875793,0.9372754096984863,2682.337257862091
train,10,151.0,8.0,0.23948384821414948,0.7637743949890137,2699.8079826831818
train,10,152.0,8.0,0.15722808241844177,0.6352989077568054,2717.293301820755
train,10,153.0,8.0,0.22242471575737,0.7977766990661621,2734.812171936035
train,10,154.0,8.0,0.22478853166103363,0.7934874892234802,2753.221288919449
train,10,155.0,8.0,0.19108229875564575,0.7217634916305542,2770.096382856369
train,10,156.0,8.0,0.27888092398643494,0.6568620800971985,2788.2006368637085
val,10,,,0.27122137397527696,0.6568578161299229,2998.7126998901367
train,11,0.0,8.0,0.1848534345626831,0.5935418605804443,20.923355102539062
train,11,1.0,8.0,0.28384020924568176,0.7720190286636353,38.55265522003174
train,11,2.0,8.0,0.2730596661567688,0.40514761209487915,56.93321895599365
train,11,3.0,8.0,0.359080046415329,0.7827008962631226,74.48757815361023
train,11,4.0,8.0,0.22579456865787506,0.6244269013404846,93.16506600379944
train,11,5.0,8.0,0.21602340042591095,0.6817431449890137,110.4348771572113
train,11,6.0,8.0,0.25697168707847595,0.8480786085128784,127.47563624382019
train,11,7.0,8.0,0.34622353315353394,0.5160540342330933,144.7553939819336
train,11,8.0,8.0,0.23430609703063965,0.7622470259666443,163.18081212043762
train,11,9.0,8.0,0.1915201097726822,0.7173327803611755,181.70851016044617
train,11,10.0,8.0,0.2551892101764679,0.5708168148994446,199.47356414794922
train,11,11.0,8.0,0.3259413242340088,0.8270912766456604,216.64222717285156
train,11,12.0,8.0,0.23215775191783905,0.7812888622283936,234.022292137146
train,11,13.0,8.0,0.13039562106132507,0.7354263067245483,252.49227118492126
train,11,14.0,8.0,0.370319128036499,0.7698454856872559,270.372798204422
train,11,15.0,8.0,0.28287166357040405,0.7740750312805176,287.87044405937195
train,11,16.0,8.0,0.2506686747074127,0.5720182657241821,304.69363808631897
train,11,17.0,8.0,0.21202565729618073,0.6524690389633179,322.36057806015015
train,11,18.0,8.0,0.22901861369609833,0.6403378844261169,341.25322103500366
train,11,19.0,8.0,0.21492023766040802,0.7977864146232605,360.24534702301025
train,11,20.0,8.0,0.2544804811477661,0.7006138563156128,377.98635625839233
train,11,21.0,8.0,0.11845630407333374,0.7383276224136353,397.04522705078125
train,11,22.0,8.0,0.278654545545578,0.8279677629470825,416.3891530036926
train,11,23.0,8.0,0.11442737281322479,0.7534089088439941,433.82018303871155
train,11,24.0,8.0,0.29770395159721375,0.7493184804916382,452.10014724731445
train,11,25.0,8.0,0.26944345235824585,0.7968453764915466,469.4522171020508
train,11,26.0,8.0,0.27254602313041687,0.6826205849647522,487.71764397621155
train,11,27.0,8.0,0.19039227068424225,0.6999017000198364,505.68571305274963
train,11,28.0,8.0,0.2412983775138855,0.760086178779602,522.475239276886
train,11,29.0,8.0,0.23071296513080597,0.621900200843811,539.7676951885223
train,11,30.0,8.0,0.19765783846378326,0.7065174579620361,558.0566031932831
train,11,31.0,8.0,0.33932527899742126,0.6638246774673462,576.19944024086
train,11,32.0,8.0,0.36397626996040344,0.35305556654930115,592.8121409416199
train,11,33.0,8.0,0.24395303428173065,0.7455852627754211,609.9669051170349
train,11,34.0,8.0,0.3555614650249481,0.752807080745697,627.4080181121826
train,11,35.0,8.0,0.16654551029205322,0.7780858278274536,644.9943149089813
train,11,36.0,8.0,0.26953065395355225,0.6749419569969177,663.2577452659607
train,11,37.0,8.0,0.1547715812921524,0.8026535511016846,680.1482191085815
train,11,38.0,8.0,0.3365648090839386,0.7952351570129395,698.0973269939423
train,11,39.0,8.0,0.21930982172489166,0.7844952940940857,715.5199882984161
train,11,40.0,8.0,0.15878203511238098,0.6968771815299988,733.102373123169
train,11,41.0,8.0,0.3300914764404297,0.6772287487983704,750.4527561664581
train,11,42.0,8.0,0.27799490094184875,0.6518937349319458,767.5549280643463
train,11,43.0,8.0,0.24608199298381805,0.7316195964813232,785.0652170181274
train,11,44.0,8.0,0.290803998708725,0.7660467624664307,802.5797202587128
train,11,45.0,8.0,0.24856293201446533,0.8935139775276184,819.8447511196136
train,11,46.0,8.0,0.2556273937225342,0.6886203289031982,836.3271899223328
train,11,47.0,8.0,0.22268421947956085,0.6360019445419312,853.6253082752228
train,11,48.0,8.0,0.2871428430080414,0.631784975528717,871.5515921115875
train,11,49.0,8.0,0.26669472455978394,0.5514897704124451,890.0089762210846
train,11,50.0,8.0,0.25404754281044006,0.584291398525238,906.6594920158386
train,11,51.0,8.0,0.2604323923587799,0.7258527278900146,923.9697761535645
train,11,52.0,8.0,0.23821963369846344,0.7597137093544006,941.8319149017334
train,11,53.0,8.0,0.25710493326187134,0.7077448964118958,959.724020242691
train,11,54.0,8.0,0.22591102123260498,0.7809081673622131,977.1884820461273
train,11,55.0,8.0,0.298322856426239,0.493892103433609,995.2068872451782
train,11,56.0,8.0,0.2903446555137634,0.7621215581893921,1013.4173941612244
train,11,57.0,8.0,0.24158920347690582,0.4689226746559143,1030.9824151992798
train,11,58.0,8.0,0.17331933975219727,0.6126796007156372,1048.923807144165
train,11,59.0,8.0,0.2368643879890442,0.6907503604888916,1067.3318812847137
train,11,60.0,8.0,0.27743852138519287,0.5632266402244568,1085.6695668697357
train,11,61.0,8.0,0.18556198477745056,0.6198101043701172,1103.3307921886444
train,11,62.0,8.0,0.13464045524597168,0.7224478125572205,1123.2776100635529
train,11,63.0,8.0,0.22764059901237488,0.6534677743911743,1142.2438390254974
train,11,64.0,8.0,0.33332934975624084,0.540245532989502,1160.6174972057343
train,11,65.0,8.0,0.24373069405555725,0.726177453994751,1177.5041782855988
train,11,66.0,8.0,0.29201430082321167,0.6055942177772522,1194.0567789077759
train,11,67.0,8.0,0.3043418526649475,0.7495976090431213,1210.9913320541382
train,11,68.0,8.0,0.17848917841911316,0.606823742389679,1228.8724069595337
train,11,69.0,8.0,0.279788076877594,0.6437550187110901,1248.3703632354736
train,11,70.0,8.0,0.24477598071098328,0.7294275760650635,1266.4828579425812
train,11,71.0,8.0,0.2182251363992691,0.7876376509666443,1283.4373450279236
train,11,72.0,8.0,0.24553875625133514,0.7317832708358765,1301.112321138382
train,11,73.0,8.0,0.1719147264957428,0.610761821269989,1318.932510137558
train,11,74.0,8.0,0.2643638849258423,0.6824433207511902,1336.6171910762787
train,11,75.0,8.0,0.13936980068683624,0.821499764919281,1353.81689119339
train,11,76.0,8.0,0.21494975686073303,0.6524414420127869,1370.4834790229797
train,11,77.0,8.0,0.30296602845191956,0.7319688200950623,1388.7151720523834
train,11,78.0,8.0,0.26668986678123474,0.4364924430847168,1406.7677941322327
train,11,79.0,8.0,0.27253207564353943,0.7941505312919617,1424.5776581764221
train,11,80.0,8.0,0.2730754017829895,0.8169900178909302,1443.732027053833
train,11,81.0,8.0,0.3127043843269348,0.45354652404785156,1462.1524143218994
train,11,82.0,8.0,0.3837642967700958,0.5831953883171082,1480.3420851230621
train,11,83.0,8.0,0.30498722195625305,0.7339465618133545,1497.8171241283417
train,11,84.0,8.0,0.22180098295211792,0.960892379283905,1514.7351331710815
train,11,85.0,8.0,0.2633219361305237,0.5497341752052307,1532.8832731246948
train,11,86.0,8.0,0.2768046259880066,0.561354398727417,1551.542335987091
train,11,87.0,8.0,0.2762511968612671,0.6608462333679199,1569.3425071239471
train,11,88.0,8.0,0.29132750630378723,0.7568602561950684,1586.975379228592
train,11,89.0,8.0,0.2547445595264435,0.5590990781784058,1605.26877617836
train,11,90.0,8.0,0.14300687611103058,0.669822096824646,1624.0311002731323
train,11,91.0,8.0,0.23715496063232422,0.9065834879875183,1641.9452390670776
train,11,92.0,8.0,0.298987478017807,0.7788292765617371,1659.6302440166473
train,11,93.0,8.0,0.2614803910255432,0.7013545632362366,1677.6807489395142
train,11,94.0,8.0,0.31057190895080566,0.7085316181182861,1695.8364353179932
train,11,95.0,8.0,0.19581793248653412,0.8479681015014648,1713.6909580230713
train,11,96.0,8.0,0.2102765589952469,0.517882227897644,1730.3755340576172
train,11,97.0,8.0,0.25597649812698364,0.7014366984367371,1747.9704661369324
train,11,98.0,8.0,0.22304394841194153,0.6565308570861816,1765.2551300525665
train,11,99.0,8.0,0.24385398626327515,0.5959253907203674,1783.3902492523193
train,11,100.0,8.0,0.22168490290641785,0.6762155890464783,1800.4575591087341
train,11,101.0,8.0,0.4475468695163727,0.4678226709365845,1817.331971168518
train,11,102.0,8.0,0.26779061555862427,0.7007667422294617,1834.5655941963196
train,11,103.0,8.0,0.3671357333660126,0.4864809811115265,1852.3962721824646
train,11,104.0,8.0,0.2748395502567291,0.5372347831726074,1869.6236231327057
train,11,105.0,8.0,0.2114681601524353,0.8181787729263306,1886.8109769821167
train,11,106.0,8.0,0.25065454840660095,0.7116394639015198,1904.5036599636078
train,11,107.0,8.0,0.3174213171005249,0.6918247938156128,1922.4400579929352
train,11,108.0,8.0,0.27394503355026245,0.5240786075592041,1940.1430912017822
train,11,109.0,8.0,0.3138139843940735,0.45348823070526123,1957.0676500797272
train,11,110.0,8.0,0.1529291570186615,0.6599010825157166,1974.2551441192627
train,11,111.0,8.0,0.37070536613464355,0.5276179313659668,1992.4542911052704
train,11,112.0,8.0,0.21691489219665527,0.7869195938110352,2010.7417531013489
train,11,113.0,8.0,0.32154718041419983,0.5594683289527893,2028.814080953598
train,11,114.0,8.0,0.14545132219791412,0.669305145740509,2045.7047200202942
train,11,115.0,8.0,0.19710858166217804,0.5379825234413147,2063.245522260666
train,11,116.0,8.0,0.19993315637111664,0.8730040788650513,2080.902405023575
train,11,117.0,8.0,0.27255958318710327,0.6657272577285767,2098.2162210941315
train,11,118.0,8.0,0.2319888174533844,0.7625980377197266,2115.1862981319427
train,11,119.0,8.0,0.40270739793777466,0.6655811071395874,2132.363088130951
train,11,120.0,8.0,0.20135630667209625,0.8258862495422363,2149.585731983185
train,11,121.0,8.0,0.3294978141784668,0.614254355430603,2166.902599096298
train,11,122.0,8.0,0.40145599842071533,0.5459845066070557,2184.525036096573
train,11,123.0,8.0,0.33676114678382874,0.8038623929023743,2202.075031042099
train,11,124.0,8.0,0.16708900034427643,0.7593891024589539,2219.2978751659393
train,11,125.0,8.0,0.22851957380771637,0.7879262566566467,2237.169781923294
train,11,126.0,8.0,0.20520666241645813,0.8340702652931213,2254.989030122757
train,11,127.0,8.0,0.28274184465408325,0.6553593277931213,2271.666233062744
train,11,128.0,8.0,0.3289144039154053,0.5487046837806702,2288.8844332695007
train,11,129.0,8.0,0.37443310022354126,0.4661444127559662,2307.6427330970764
train,11,130.0,8.0,0.3299955129623413,0.4462500214576721,2325.828189134598
train,11,131.0,8.0,0.2117900848388672,0.6680023074150085,2343.111638069153
train,11,132.0,8.0,0.3298184871673584,0.8055419325828552,2360.1864449977875
train,11,133.0,8.0,0.28065770864486694,0.6471391916275024,2377.685063123703
train,11,134.0,8.0,0.28767848014831543,0.7994765043258667,2394.677093029022
train,11,135.0,8.0,0.3560520112514496,0.4999048709869385,2412.71941113472
train,11,136.0,8.0,0.2523132264614105,0.5848015546798706,2430.1397280693054
train,11,137.0,8.0,0.2755245864391327,0.6535582542419434,2447.4566593170166
train,11,138.0,8.0,0.27256664633750916,0.7997891306877136,2465.262417078018
train,11,139.0,8.0,0.18714183568954468,0.7554724216461182,2483.19029211998
train,11,140.0,8.0,0.16880081593990326,0.7945552468299866,2500.8417630195618
train,11,141.0,8.0,0.20392733812332153,0.5543633699417114,2517.7653431892395
train,11,142.0,8.0,0.24305973947048187,0.7145580053329468,2535.283023118973
train,11,143.0,8.0,0.12033844739198685,0.8008965849876404,2552.81751704216
train,11,144.0,8.0,0.2625042498111725,0.698296070098877,2570.0535321235657
train,11,145.0,8.0,0.28988969326019287,0.5996463894844055,2587.2396202087402
train,11,146.0,8.0,0.13283810019493103,0.7369807958602905,2607.4316351413727
train,11,147.0,8.0,0.28178077936172485,0.789341926574707,2625.8739511966705
train,11,148.0,8.0,0.3657866418361664,0.6018387079238892,2643.183872938156
train,11,149.0,8.0,0.28712159395217896,0.7977832555770874,2659.810826063156
train,11,150.0,8.0,0.22407181560993195,0.5212746858596802,2677.0435061454773
train,11,151.0,8.0,0.21076178550720215,0.6864721179008484,2693.9690868854523
train,11,152.0,8.0,0.2733059525489807,0.6444815993309021,2710.897623062134
train,11,153.0,8.0,0.29210126399993896,0.7635120153427124,2727.7672119140625
train,11,154.0,8.0,0.4170759320259094,0.27543801069259644,2745.441197156906
train,11,155.0,8.0,0.21361185610294342,0.6546069383621216,2763.445013999939
train,11,156.0,8.0,0.23463639616966248,0.7599475383758545,2781.1131291389465
val,11,,,0.2676096733659506,0.6583510570228099,2985.7167642116547
train,12,0.0,8.0,0.34643369913101196,0.6852691769599915,21.187198877334595
train,12,1.0,8.0,0.24423977732658386,0.7360589504241943,38.46626591682434
train,12,2.0,8.0,0.17991814017295837,0.7564767003059387,55.232972860336304
train,12,3.0,8.0,0.3126879334449768,0.7291839718818665,72.96806216239929
train,12,4.0,8.0,0.2098718285560608,0.7981112003326416,90.0596170425415
train,12,5.0,8.0,0.33450114727020264,0.597093403339386,109.05421614646912
train,12,6.0,8.0,0.33606764674186707,0.652722954750061,125.97652196884155
train,12,7.0,8.0,0.261478453874588,0.6976392269134521,143.1493821144104
train,12,8.0,8.0,0.2747466266155243,0.6504046320915222,161.3604440689087
train,12,9.0,8.0,0.24025146663188934,0.8965389728546143,179.85995411872864
train,12,10.0,8.0,0.21854713559150696,0.789546549320221,196.5161828994751
train,12,11.0,8.0,0.30173376202583313,0.7534083127975464,214.03633284568787
train,12,12.0,8.0,0.357069194316864,0.6122573614120483,231.66948795318604
train,12,13.0,8.0,0.27440816164016724,0.5462889671325684,249.99792098999023
train,12,14.0,8.0,0.3012557923793793,0.7464938163757324,267.3147990703583
train,12,15.0,8.0,0.25454890727996826,0.45417657494544983,284.56633400917053
train,12,16.0,8.0,0.39750662446022034,0.609078049659729,302.32249903678894
train,12,17.0,8.0,0.24465744197368622,0.7535946369171143,320.1623411178589
train,12,18.0,8.0,0.5087766647338867,0.29476451873779297,337.3542809486389
train,12,19.0,8.0,0.19607099890708923,0.5551635026931763,354.2996520996094
train,12,20.0,8.0,0.25671520829200745,0.4496516287326813,371.9184219837189
train,12,21.0,8.0,0.27186885476112366,0.578529953956604,389.6556990146637
train,12,22.0,8.0,0.3075038194656372,0.7630199193954468,407.8766040802002
train,12,23.0,8.0,0.2578873932361603,0.7217838764190674,424.69085693359375
train,12,24.0,8.0,0.24346059560775757,0.7340263724327087,442.02453804016113
train,12,25.0,8.0,0.26485344767570496,0.682048499584198,459.5306820869446
train,12,26.0,8.0,0.34660494327545166,0.5390852093696594,477.05013489723206
train,12,27.0,8.0,0.2623223066329956,0.708416759967804,493.99938917160034
train,12,28.0,8.0,0.1739528775215149,0.6139992475509644,511.7252588272095
train,12,29.0,8.0,0.2864629924297333,0.7593237161636353,530.0553288459778
train,12,30.0,8.0,0.30683860182762146,0.6216139793395996,547.3747010231018
train,12,31.0,8.0,0.3136650323867798,0.7028710842132568,564.4273588657379
train,12,32.0,8.0,0.23414912819862366,0.5995911359786987,581.6210851669312
train,12,33.0,8.0,0.22767946124076843,0.6133312582969666,598.207417011261
train,12,34.0,8.0,0.31598740816116333,0.7192403078079224,615.2256870269775
train,12,35.0,8.0,0.24821120500564575,0.886164128780365,632.8699259757996
train,12,36.0,8.0,0.23261380195617676,0.6311691999435425,649.2920949459076
train,12,37.0,8.0,0.2859216034412384,0.6802538633346558,667.7889740467072
train,12,38.0,8.0,0.45038700103759766,0.5274857878684998,685.9566359519958
train,12,39.0,8.0,0.2085425853729248,0.6512167453765869,703.0107700824738
train,12,40.0,8.0,0.2853814959526062,0.7676906585693359,719.9679908752441
train,12,41.0,8.0,0.23720116913318634,0.6191798448562622,737.3201158046722
train,12,42.0,8.0,0.25403299927711487,0.8794932961463928,755.0814838409424
train,12,43.0,8.0,0.32575294375419617,0.6844652891159058,772.2537088394165
train,12,44.0,8.0,0.24342523515224457,0.5851283073425293,789.503121137619
train,12,45.0,8.0,0.15077601373195648,0.7140845656394958,807.5685639381409
train,12,46.0,8.0,0.3064574599266052,0.7245805263519287,825.7938380241394
train,12,47.0,8.0,0.08342218399047852,0.8247590661048889,842.4600448608398
train,12,48.0,8.0,0.4097711443901062,0.5633876919746399,860.1137189865112
train,12,49.0,8.0,0.3688698410987854,0.4791398048400879,880.4618611335754
train,12,50.0,8.0,0.24057763814926147,0.5907437205314636,898.589380979538
train,12,51.0,8.0,0.338506281375885,0.7754442095756531,915.677759885788
train,12,52.0,8.0,0.1274576336145401,0.779909074306488,932.6322829723358
train,12,53.0,8.0,0.09507369250059128,0.7785376906394958,950.1998629570007
train,12,54.0,8.0,0.3620980978012085,0.2508474886417389,967.5991368293762
train,12,55.0,8.0,0.32122793793678284,0.559380054473877,985.4497120380402
train,12,56.0,8.0,0.27432435750961304,0.6467817425727844,1002.5086019039154
train,12,57.0,8.0,0.2735556364059448,0.9547773003578186,1020.4352209568024
train,12,58.0,8.0,0.19472980499267578,0.7153208255767822,1037.8087389469147
train,12,59.0,8.0,0.30230849981307983,0.7510697841644287,1055.0910420417786
train,12,60.0,8.0,0.348310649394989,0.6305354833602905,1072.9372789859772
train,12,61.0,8.0,0.20635636150836945,0.717907726764679,1089.7934608459473
train,12,62.0,8.0,0.2933424711227417,0.607699453830719,1107.0321218967438
train,12,63.0,8.0,0.2426382154226303,0.7302875518798828,1124.2246339321136
train,12,64.0,8.0,0.33990275859832764,0.6533946990966797,1141.4281420707703
train,12,65.0,8.0,0.33404240012168884,0.5307595133781433,1157.8412280082703
train,12,66.0,8.0,0.16645832359790802,0.7990924119949341,1174.7073919773102
train,12,67.0,8.0,0.22617514431476593,0.6130133271217346,1192.172152042389
train,12,68.0,8.0,0.17063871026039124,0.6534914374351501,1209.0808727741241
train,12,69.0,8.0,0.31429168581962585,0.601274311542511,1226.4034740924835
train,12,70.0,8.0,0.1621709018945694,0.7808371782302856,1243.7059590816498
train,12,71.0,8.0,0.22598901391029358,0.6449026465415955,1261.2272779941559
train,12,72.0,8.0,0.25150564312934875,0.7047275900840759,1278.5719089508057
train,12,73.0,8.0,0.21794113516807556,0.8084594011306763,1296.3620331287384
train,12,74.0,8.0,0.21437576413154602,0.785471498966217,1314.030534029007
train,12,75.0,8.0,0.19364485144615173,0.8605190515518188,1331.1901218891144
train,12,76.0,8.0,0.25238874554634094,0.6966972351074219,1348.4919509887695
train,12,77.0,8.0,0.2189178317785263,0.6441380977630615,1366.3492541313171
train,12,78.0,8.0,0.26694318652153015,0.550621509552002,1383.0245668888092
train,12,79.0,8.0,0.2863696813583374,0.6297944188117981,1399.857614994049
train,12,80.0,8.0,0.2098732739686966,0.6536933779716492,1417.6138679981232
train,12,81.0,8.0,0.2983282208442688,0.49386224150657654,1434.602166891098
train,12,82.0,8.0,0.37020206451416016,0.3818049132823944,1451.97003698349
train,12,83.0,8.0,0.298289030790329,0.5997738242149353,1468.9670989513397
train,12,84.0,8.0,0.19732587039470673,0.7119567394256592,1485.7736990451813
train,12,85.0,8.0,0.14857634902000427,0.6609712839126587,1503.4182708263397
train,12,86.0,8.0,0.2727276086807251,0.8059030175209045,1520.7502310276031
train,12,87.0,8.0,0.32549619674682617,0.6809042692184448,1537.7632129192352
train,12,88.0,8.0,0.2822043001651764,0.6314854621887207,1554.47092294693
train,12,89.0,8.0,0.21837784349918365,0.5727090835571289,1572.9303121566772
train,12,90.0,8.0,0.21586738526821136,0.6360718607902527,1590.2123210430145
train,12,91.0,8.0,0.20225051045417786,0.6806126236915588,1608.305939912796
train,12,92.0,8.0,0.2809368371963501,0.6606055498123169,1625.6512820720673
train,12,93.0,8.0,0.23879824578762054,0.6084390878677368,1643.076112985611
train,12,94.0,8.0,0.14531210064888,0.6559684872627258,1661.2290410995483
train,12,95.0,8.0,0.3123321235179901,0.6118229627609253,1680.2892689704895
train,12,96.0,8.0,0.2467588484287262,0.5882461667060852,1698.3205511569977
train,12,97.0,8.0,0.3408623933792114,0.6727677583694458,1715.8904600143433
train,12,98.0,8.0,0.2489355206489563,0.7094476819038391,1734.0444939136505
train,12,99.0,8.0,0.2670604884624481,0.6795313954353333,1751.2803030014038
train,12,100.0,8.0,0.15644781291484833,0.7963756918907166,1769.0800499916077
train,12,101.0,8.0,0.3222982585430145,0.8257708549499512,1786.29923081398
train,12,102.0,8.0,0.2688698172569275,0.6638118624687195,1802.8018448352814
train,12,103.0,8.0,0.2072492241859436,0.6704269051551819,1820.4279930591583
train,12,104.0,8.0,0.23431339859962463,0.4877329170703888,1838.8060839176178
train,12,105.0,8.0,0.3505888879299164,0.6270309686660767,1856.3727278709412
train,12,106.0,8.0,0.23261003196239471,0.5970838665962219,1873.1236369609833
train,12,107.0,8.0,0.27804654836654663,0.6896382570266724,1889.8038041591644
train,12,108.0,8.0,0.3914359211921692,0.6954088807106018,1908.8570358753204
train,12,109.0,8.0,0.20391510426998138,0.8670786023139954,1926.342246055603
train,12,110.0,8.0,0.27298638224601746,0.6582877039909363,1943.4963660240173
train,12,111.0,8.0,0.3011947274208069,0.7296557426452637,1960.8866000175476
train,12,112.0,8.0,0.21115531027317047,0.6744844317436218,1977.9815468788147
train,12,113.0,8.0,0.2814796268939972,0.7949666380882263,1995.599673986435
train,12,114.0,8.0,0.2040223926305771,0.7425515651702881,2012.7097461223602
train,12,115.0,8.0,0.2799120843410492,0.6861023902893066,2029.4619920253754
train,12,116.0,8.0,0.19158032536506653,0.5771158337593079,2046.4051020145416
train,12,117.0,8.0,0.23782415688037872,0.6281448602676392,2063.909991979599
train,12,118.0,8.0,0.2927229106426239,0.6173663139343262,2081.5940368175507
train,12,119.0,8.0,0.17444753646850586,0.7516366243362427,2099.1123230457306
train,12,120.0,8.0,0.22178539633750916,0.6913858652114868,2115.5844588279724
train,12,121.0,8.0,0.24069708585739136,0.6046352386474609,2133.3908121585846
train,12,122.0,8.0,0.30574604868888855,0.7234591245651245,2152.3748619556427
train,12,123.0,8.0,0.29364266991615295,0.6220415234565735,2170.7847089767456
train,12,124.0,8.0,0.30292612314224243,0.5874874591827393,2187.5333609580994
train,12,125.0,8.0,0.30430394411087036,0.587535560131073,2206.1126379966736
train,12,126.0,8.0,0.14770284295082092,0.6704033017158508,2224.8583669662476
train,12,127.0,8.0,0.2974434196949005,0.4707390367984772,2241.824811935425
train,12,128.0,8.0,0.2495543658733368,0.7161568403244019,2258.831955909729
train,12,129.0,8.0,0.2814972698688507,0.6710184812545776,2277.8372049331665
train,12,130.0,8.0,0.19962671399116516,0.690575122833252,2296.5397379398346
train,12,131.0,8.0,0.33989155292510986,0.47345036268234253,2314.87610578537
train,12,132.0,8.0,0.24362196028232574,0.5841052532196045,2332.2867288589478
train,12,133.0,8.0,0.2186879962682724,0.6437661051750183,2349.897711992264
train,12,134.0,8.0,0.20816728472709656,0.538543701171875,2368.4382240772247
train,12,135.0,8.0,0.24917778372764587,0.7099946141242981,2387.4775700569153
train,12,136.0,8.0,0.21866999566555023,0.8066647052764893,2405.1736199855804
train,12,137.0,8.0,0.23139682412147522,0.7563167810440063,2422.9059450626373
train,12,138.0,8.0,0.2624654471874237,0.5518888235092163,2440.0463950634003
train,12,139.0,8.0,0.23562419414520264,0.7498374581336975,2457.6585669517517
train,12,140.0,8.0,0.2527622580528259,0.7241926193237305,2476.072587966919
train,12,141.0,8.0,0.2546231150627136,0.5741849541664124,2493.9573369026184
train,12,142.0,8.0,0.157694473862648,0.6504576206207275,2511.1940779685974
train,12,143.0,8.0,0.191470667719841,0.709038496017456,2528.2355279922485
train,12,144.0,8.0,0.24310894310474396,0.5835712552070618,2546.5609259605408
train,12,145.0,8.0,0.17109957337379456,0.7877354621887207,2564.8551778793335
train,12,146.0,8.0,0.24310658872127533,0.5841710567474365,2582.52756690979
train,12,147.0,8.0,0.15765969455242157,0.851157546043396,2599.64111495018
train,12,148.0,8.0,0.3361523449420929,0.4202408492565155,2617.8520941734314
train,12,149.0,8.0,0.28844812512397766,0.6268013119697571,2635.5846979618073
train,12,150.0,8.0,0.2034415453672409,0.5433513522148132,2652.800812959671
train,12,151.0,8.0,0.2757793366909027,0.8241527080535889,2669.700033903122
train,12,152.0,8.0,0.12458644062280655,0.7253361940383911,2686.167872905731
train,12,153.0,8.0,0.24408286809921265,0.720126211643219,2703.294363975525
train,12,154.0,8.0,0.24634699523448944,0.7568308711051941,2721.043375015259
train,12,155.0,8.0,0.2851484417915344,0.768929123878479,2737.9277579784393
train,12,156.0,8.0,0.23937161266803741,0.6204153895378113,2756.1234810352325
val,12,,,0.26673319302499293,0.6759982213377953,2960.6085410118103
train,13,0.0,8.0,0.18645213544368744,0.5840004682540894,23.528041124343872
train,13,1.0,8.0,0.2903469502925873,0.5109379887580872,43.53907895088196
train,13,2.0,8.0,0.19584347307682037,0.8484830260276794,62.62720203399658
train,13,3.0,8.0,0.16094975173473358,0.6329484581947327,80.89894104003906
train,13,4.0,8.0,0.3289310336112976,0.671082615852356,98.62882995605469
train,13,5.0,8.0,0.4101513922214508,0.5568885207176208,116.94355726242065
train,13,6.0,8.0,0.1618303507566452,0.6375780701637268,135.5988290309906
train,13,7.0,8.0,0.22398972511291504,0.6535382866859436,154.5071680545807
train,13,8.0,8.0,0.2971448600292206,0.7357382774353027,171.82587599754333
train,13,9.0,8.0,0.2698482573032379,0.5320038795471191,189.94695401191711
train,13,10.0,8.0,0.2549707293510437,0.7210843563079834,208.02220916748047
train,13,11.0,8.0,0.23548412322998047,0.7621219158172607,226.3225359916687
train,13,12.0,8.0,0.25166308879852295,0.7090847492218018,243.67699909210205
train,13,13.0,8.0,0.29895204305648804,0.6004626154899597,260.85794830322266
train,13,14.0,8.0,0.2700510621070862,0.7047739624977112,278.45157194137573
train,13,15.0,8.0,0.23566092550754547,0.6029903888702393,295.5094258785248
train,13,16.0,8.0,0.1754644364118576,0.7369179725646973,313.07749009132385
train,13,17.0,8.0,0.3730567693710327,0.5933622717857361,329.9924521446228
train,13,18.0,8.0,0.16281644999980927,0.7775527238845825,347.1737370491028
train,13,19.0,8.0,0.15654899179935455,0.8089582920074463,364.3968172073364
train,13,20.0,8.0,0.23954519629478455,0.7238966226577759,381.70152401924133
train,13,21.0,8.0,0.31048694252967834,0.8601020574569702,398.4047181606293
train,13,22.0,8.0,0.2284611016511917,0.7876542806625366,416.4209861755371
train,13,23.0,8.0,0.22119291126728058,0.7955969572067261,434.2048680782318
train,13,24.0,8.0,0.2799125909805298,0.6594164967536926,452.0881931781769
train,13,25.0,8.0,0.22623136639595032,0.7483664155006409,469.7212030887604
train,13,26.0,8.0,0.2564624547958374,0.8481295704841614,486.9777171611786
train,13,27.0,8.0,0.2345276176929474,0.6139670014381409,504.9530391693115
train,13,28.0,8.0,0.23946429789066315,0.5906290411949158,523.4870750904083
train,13,29.0,8.0,0.17147812247276306,0.6394835114479065,542.0023622512817
train,13,30.0,8.0,0.21100695431232452,0.7596673965454102,560.41854596138
train,13,31.0,8.0,0.2130705565214157,0.5207440257072449,577.6974992752075
train,13,32.0,8.0,0.325901061296463,0.8255007266998291,595.4213519096375
train,13,33.0,8.0,0.36171990633010864,0.7470731735229492,612.964714050293
train,13,34.0,8.0,0.3609154224395752,0.7329609394073486,630.3848481178284
train,13,35.0,8.0,0.31977200508117676,0.7063758969306946,646.6368761062622
train,13,36.0,8.0,0.2706899046897888,0.9664136171340942,663.7835509777069
train,13,37.0,8.0,0.1738712191581726,0.7369341254234314,682.0435111522675
train,13,38.0,8.0,0.2969956696033478,0.7398198246955872,699.9835422039032
train,13,39.0,8.0,0.19164621829986572,0.7030850052833557,717.7575280666351
train,13,40.0,8.0,0.23264636099338531,0.7914751768112183,734.8566920757294
train,13,41.0,8.0,0.2022528499364853,0.8461138606071472,752.7629880905151
train,13,42.0,8.0,0.13955867290496826,0.7042106986045837,770.284951210022
train,13,43.0,8.0,0.17470908164978027,0.7716554403305054,788.6619920730591
train,13,44.0,8.0,0.10867706686258316,0.79780113697052,806.6438519954681
train,13,45.0,8.0,0.2296859174966812,0.49228712916374207,824.0118432044983
train,13,46.0,8.0,0.298694908618927,0.6077029705047607,841.3808922767639
train,13,47.0,8.0,0.3058024048805237,0.7628036141395569,860.828770160675
train,13,48.0,8.0,0.27068114280700684,0.5683494806289673,879.2134070396423
train,13,49.0,8.0,0.37819457054138184,0.5925472378730774,897.3705432415009
train,13,50.0,8.0,0.1655706763267517,0.7587071061134338,914.9209122657776
train,13,51.0,8.0,0.41974693536758423,0.39798277616500854,932.5351231098175
train,13,52.0,8.0,0.17812296748161316,0.7694981098175049,949.6427211761475
train,13,53.0,8.0,0.29628613591194153,0.6112560033798218,966.3939681053162
train,13,54.0,8.0,0.26391807198524475,0.5478693842887878,983.5080151557922
train,13,55.0,8.0,0.2579258382320404,0.8515046238899231,1001.4744482040405
train,13,56.0,8.0,0.31189048290252686,0.5767027735710144,1020.1265530586243
train,13,57.0,8.0,0.14517705142498016,0.8523513078689575,1038.492926120758
train,13,58.0,8.0,0.37811747193336487,0.6442707180976868,1056.0647511482239
train,13,59.0,8.0,0.28905218839645386,0.6378183364868164,1073.725429058075
train,13,60.0,8.0,0.21908487379550934,0.7230751514434814,1091.0556690692902
train,13,61.0,8.0,0.13670767843723297,0.6720468401908875,1108.5957791805267
train,13,62.0,8.0,0.18084847927093506,0.7523438930511475,1125.959703207016
train,13,63.0,8.0,0.32286885380744934,0.46390441060066223,1142.5954101085663
train,13,64.0,8.0,0.2459820955991745,0.6073092222213745,1160.5881652832031
train,13,65.0,8.0,0.3294762969017029,0.673984706401825,1178.8921830654144
train,13,66.0,8.0,0.30016621947288513,0.6187744140625,1195.7331261634827
train,13,67.0,8.0,0.2705669403076172,0.66269451379776,1213.2705240249634
train,13,68.0,8.0,0.2809552550315857,0.645055890083313,1233.4616041183472
train,13,69.0,8.0,0.21831578016281128,0.697437584400177,1251.5762071609497
train,13,70.0,8.0,0.23184311389923096,0.4806968569755554,1269.6265771389008
train,13,71.0,8.0,0.11550940573215485,0.7779907584190369,1287.4326810836792
train,13,72.0,8.0,0.24977070093154907,0.7236620783805847,1306.8432850837708
train,13,73.0,8.0,0.26382777094841003,0.6715223789215088,1326.7800340652466
train,13,74.0,8.0,0.22639459371566772,0.6361781358718872,1344.7841231822968
train,13,75.0,8.0,0.2042592614889145,0.660107433795929,1361.8691251277924
train,13,76.0,8.0,0.3081362843513489,0.6063249111175537,1379.2793350219727
train,13,77.0,8.0,0.24991145730018616,0.863724410533905,1396.6845281124115
train,13,78.0,8.0,0.239045649766922,0.5854326486587524,1413.9953410625458
train,13,79.0,8.0,0.2550862431526184,0.7227689623832703,1431.544191122055
train,13,80.0,8.0,0.20227737724781036,0.8157567977905273,1448.8607931137085
train,13,81.0,8.0,0.2948625385761261,0.8923267126083374,1467.436121225357
train,13,82.0,8.0,0.24916765093803406,0.7055891156196594,1485.1436669826508
train,13,83.0,8.0,0.2546535134315491,0.5711039900779724,1502.2674770355225
train,13,84.0,8.0,0.24562357366085052,0.7051972150802612,1520.5220339298248
train,13,85.0,8.0,0.23704688251018524,0.5958613157272339,1538.9192991256714
train,13,86.0,8.0,0.27892348170280457,0.49467718601226807,1555.897455215454
train,13,87.0,8.0,0.40358200669288635,0.4247995913028717,1573.125494003296
train,13,88.0,8.0,0.1603558361530304,0.6539152264595032,1590.5577600002289
train,13,89.0,8.0,0.17807380855083466,0.7320246696472168,1609.0565071105957
train,13,90.0,8.0,0.1629507839679718,0.7797549962997437,1627.0851080417633
train,13,91.0,8.0,0.2787458300590515,0.524335503578186,1644.6424491405487
train,13,92.0,8.0,0.18742257356643677,0.7034339904785156,1661.9996421337128
train,13,93.0,8.0,0.3067378103733063,0.6091105937957764,1680.6068181991577
train,13,94.0,8.0,0.20252159237861633,0.6948329210281372,1697.7705872058868
train,13,95.0,8.0,0.18786191940307617,0.7083106637001038,1714.5319240093231
train,13,96.0,8.0,0.2512364387512207,0.7151191234588623,1732.6618282794952
train,13,97.0,8.0,0.3695043921470642,0.35825344920158386,1750.1903290748596
train,13,98.0,8.0,0.19208788871765137,0.8529878854751587,1766.7469210624695
train,13,99.0,8.0,0.2750839591026306,0.5416104793548584,1783.6035521030426
train,13,100.0,8.0,0.23795926570892334,0.605901837348938,1801.0795521736145
train,13,101.0,8.0,0.19509842991828918,0.5725187063217163,1819.331176996231
train,13,102.0,8.0,0.22507719695568085,0.6546308994293213,1836.593281030655
train,13,103.0,8.0,0.24606069922447205,0.7326241135597229,1853.264575958252
train,13,104.0,8.0,0.3408360183238983,0.7857893705368042,1870.6215460300446
train,13,105.0,8.0,0.18561731278896332,0.7141449451446533,1888.3255093097687
train,13,106.0,8.0,0.2877388894557953,0.7675834894180298,1906.4028990268707
train,13,107.0,8.0,0.357959121465683,0.7572121024131775,1923.7833342552185
train,13,108.0,8.0,0.2642296254634857,0.6713036298751831,1942.4297721385956
train,13,109.0,8.0,0.37737900018692017,0.2858465611934662,1962.2733681201935
train,13,110.0,8.0,0.298218697309494,0.7478267550468445,1980.400152206421
train,13,111.0,8.0,0.2780938148498535,0.7932588458061218,1997.8744990825653
train,13,112.0,8.0,0.18519039452075958,0.719403088092804,2015.6259121894836
train,13,113.0,8.0,0.3386508524417877,0.7792659401893616,2032.852102279663
train,13,114.0,8.0,0.29979613423347473,0.5959053039550781,2050.1739320755005
train,13,115.0,8.0,0.20700152218341827,0.6566569209098816,2067.2642121315002
train,13,116.0,8.0,0.37759554386138916,0.45363664627075195,2084.456827878952
train,13,117.0,8.0,0.2783849835395813,0.6383579969406128,2101.2646939754486
train,13,118.0,8.0,0.3771381080150604,0.45714107155799866,2118.468414068222
train,13,119.0,8.0,0.265809565782547,0.659376323223114,2135.872797012329
train,13,120.0,8.0,0.19033795595169067,0.5672928094863892,2153.2754712104797
train,13,121.0,8.0,0.30921125411987305,0.7321743965148926,2170.8744971752167
train,13,122.0,8.0,0.2849592864513397,0.9236219525337219,2189.0919091701508
train,13,123.0,8.0,0.2906164228916168,0.7371370792388916,2206.1771850585938
train,13,124.0,8.0,0.3090018033981323,0.903141975402832,2224.5127670764923
train,13,125.0,8.0,0.2457597255706787,0.5772995352745056,2242.8944902420044
train,13,126.0,8.0,0.3303689658641815,0.696928858757019,2260.226308107376
train,13,127.0,8.0,0.25958913564682007,0.5499545335769653,2278.089718103409
train,13,128.0,8.0,0.2738019824028015,0.6637521386146545,2295.752070903778
train,13,129.0,8.0,0.3528898060321808,0.3666633367538452,2313.619063138962
train,13,130.0,8.0,0.11638327687978745,0.7657872438430786,2331.2774620056152
train,13,131.0,8.0,0.20780183374881744,0.815060019493103,2349.3442771434784
train,13,132.0,8.0,0.21677111089229584,0.6374836564064026,2366.816051006317
train,13,133.0,8.0,0.38017094135284424,0.8418089747428894,2384.386379003525
train,13,134.0,8.0,0.17400242388248444,0.7966098785400391,2401.8847019672394
train,13,135.0,8.0,0.31431952118873596,0.6929818987846375,2418.8034732341766
train,13,136.0,8.0,0.3751806318759918,0.7066258192062378,2435.857306241989
train,13,137.0,8.0,0.2946358025074005,0.621726393699646,2452.5719962120056
train,13,138.0,8.0,0.2487240731716156,0.5784591436386108,2470.05109500885
train,13,139.0,8.0,0.20252171158790588,0.6705124974250793,2487.691633939743
train,13,140.0,8.0,0.16841037571430206,0.6173235177993774,2505.8739671707153
train,13,141.0,8.0,0.2236054241657257,0.8036555051803589,2523.418332338333
train,13,142.0,8.0,0.1205471009016037,0.8906047344207764,2541.5818870067596
train,13,143.0,8.0,0.18304726481437683,0.726699709892273,2559.210869073868
train,13,144.0,8.0,0.18146201968193054,0.711944580078125,2576.913399219513
train,13,145.0,8.0,0.2994503080844879,0.6178868412971497,2594.404231071472
train,13,146.0,8.0,0.25465553998947144,0.5673856735229492,2611.6518461704254
train,13,147.0,8.0,0.3754156827926636,0.7302863597869873,2629.950083255768
train,13,148.0,8.0,0.1898474544286728,0.6950278878211975,2647.79669213295
train,13,149.0,8.0,0.2651096284389496,0.5572436451911926,2665.326637029648
train,13,150.0,8.0,0.22791479527950287,0.6231534481048584,2682.639263153076
train,13,151.0,8.0,0.20819121599197388,0.8214569687843323,2700.0927259922028
train,13,152.0,8.0,0.28809231519699097,0.49925100803375244,2717.671112060547
train,13,153.0,8.0,0.2550303339958191,0.7147429585456848,2736.593509197235
train,13,154.0,8.0,0.23640981316566467,0.593878984451294,2754.542899131775
train,13,155.0,8.0,0.20813840627670288,0.5365276336669922,2772.538896083832
train,13,156.0,8.0,0.17597153782844543,0.7750499248504639,2790.3013949394226
val,13,,,0.26697626151144505,0.6540472589433193,2994.8781282901764
train,14,0.0,8.0,0.2626689672470093,0.8269749879837036,21.18203091621399
train,14,1.0,8.0,0.32135990262031555,0.7168612480163574,39.073227882385254
train,14,2.0,8.0,0.27468210458755493,0.5221784710884094,55.45745396614075
train,14,3.0,8.0,0.24509653449058533,0.7217610478401184,72.54594492912292
train,14,4.0,8.0,0.261098712682724,0.4083200693130493,91.34105205535889
train,14,5.0,8.0,0.19387143850326538,0.5673303008079529,108.62020182609558
train,14,6.0,8.0,0.23139648139476776,0.7420368194580078,127.42659997940063
train,14,7.0,8.0,0.23476117849349976,0.7489285469055176,145.36658596992493
train,14,8.0,8.0,0.2582484185695648,0.7144780158996582,162.84410214424133
train,14,9.0,8.0,0.2242065668106079,0.7654978632926941,180.6791808605194
train,14,10.0,8.0,0.38582849502563477,0.5636149644851685,197.82859587669373
train,14,11.0,8.0,0.33357858657836914,0.6752676367759705,215.0414309501648
train,14,12.0,8.0,0.30274003744125366,0.8906852006912231,232.8367669582367
train,14,13.0,8.0,0.2884616255760193,0.6308222413063049,250.92393684387207
train,14,14.0,8.0,0.3070262372493744,0.49048149585723877,267.95521998405457
train,14,15.0,8.0,0.1904771625995636,0.7180087566375732,285.3419270515442
train,14,16.0,8.0,0.138413667678833,0.8325790762901306,302.936735868454
train,14,17.0,8.0,0.2523030638694763,0.5705426335334778,320.15654015541077
train,14,18.0,8.0,0.26055461168289185,0.5495123863220215,337.49631786346436
train,14,19.0,8.0,0.18688559532165527,0.7050648331642151,354.56108593940735
train,14,20.0,8.0,0.27972671389579773,0.7915780544281006,372.9916789531708
train,14,21.0,8.0,0.16554434597492218,0.7521708011627197,390.0561351776123
train,14,22.0,8.0,0.2723175287246704,0.67292320728302,407.1772220134735
train,14,23.0,8.0,0.34112924337387085,0.6456948518753052,424.3559510707855
train,14,24.0,8.0,0.2876600921154022,0.5099923610687256,442.4494559764862
train,14,25.0,8.0,0.2617199122905731,0.714508056640625,460.66818594932556
train,14,26.0,8.0,0.3178552985191345,0.8802279233932495,478.0791959762573
train,14,27.0,8.0,0.19585154950618744,0.8606411218643188,495.3499381542206
train,14,28.0,8.0,0.13850148022174835,0.7036899924278259,512.2518389225006
train,14,29.0,8.0,0.21419976651668549,0.6681240797042847,529.6913378238678
train,14,30.0,8.0,0.21979708969593048,0.6429035663604736,547.1900451183319
train,14,31.0,8.0,0.29369616508483887,0.6083316206932068,564.4840087890625
train,14,32.0,8.0,0.1420149803161621,0.6841384172439575,581.4367220401764
train,14,33.0,8.0,0.27357053756713867,0.5216856002807617,598.4323980808258
train,14,34.0,8.0,0.2170144021511078,0.8111215233802795,615.7580358982086
train,14,35.0,8.0,0.2568102478981018,0.848846435546875,633.5820479393005
train,14,36.0,8.0,0.1706138551235199,0.7542093992233276,650.5646231174469
train,14,37.0,8.0,0.31291693449020386,0.723812997341156,668.2175121307373
train,14,38.0,8.0,0.3170778453350067,0.6931331157684326,686.3832919597626
train,14,39.0,8.0,0.22873687744140625,0.6879674792289734,703.7741191387177
train,14,40.0,8.0,0.33668890595436096,0.6559529900550842,721.0876479148865
train,14,41.0,8.0,0.14395487308502197,0.8134980201721191,738.5783920288086
train,14,42.0,8.0,0.25524505972862244,0.751323938369751,756.1593110561371
train,14,43.0,8.0,0.2797478139400482,0.6477376222610474,774.3568618297577
train,14,44.0,8.0,0.21496745944023132,0.6908290386199951,792.486419916153
train,14,45.0,8.0,0.24460947513580322,0.7370815277099609,810.4515779018402
train,14,46.0,8.0,0.2997128665447235,0.609379768371582,827.5347230434418
train,14,47.0,8.0,0.2584816813468933,0.5487905740737915,844.7704937458038
train,14,48.0,8.0,0.18316152691841125,0.7154930830001831,863.7491419315338
train,14,49.0,8.0,0.30611976981163025,0.5946384072303772,880.8256380558014
train,14,50.0,8.0,0.2931043207645416,0.6153900623321533,897.509339094162
train,14,51.0,8.0,0.11262210458517075,0.7519147992134094,915.1150760650635
train,14,52.0,8.0,0.2399662882089615,0.6634306311607361,932.3893458843231
train,14,53.0,8.0,0.2464318424463272,0.725217342376709,950.2723469734192
train,14,54.0,8.0,0.12560111284255981,0.7111626863479614,967.0127389431
train,14,55.0,8.0,0.1202492043375969,0.901520848274231,983.9029948711395
train,14,56.0,8.0,0.3157704770565033,0.7134116291999817,1001.2856271266937
train,14,57.0,8.0,0.2257753163576126,0.6214276552200317,1019.6528820991516
train,14,58.0,8.0,0.2642958164215088,0.6766191124916077,1037.6684119701385
train,14,59.0,8.0,0.2277877926826477,0.4933289587497711,1055.9742748737335
train,14,60.0,8.0,0.11857122927904129,0.753030002117157,1073.035206079483
train,14,61.0,8.0,0.2617639899253845,0.6861962676048279,1091.6030168533325
train,14,62.0,8.0,0.26619774103164673,0.5164234638214111,1109.63423204422
train,14,63.0,8.0,0.23918376863002777,0.5958961844444275,1127.0266950130463
train,14,64.0,8.0,0.3223583400249481,0.5552314519882202,1145.4245400428772
train,14,65.0,8.0,0.2702760100364685,0.6513858437538147,1163.3671569824219
train,14,66.0,8.0,0.31669649481773376,0.5628748536109924,1181.2564888000488
train,14,67.0,8.0,0.2219158113002777,0.7892197966575623,1200.890799999237
train,14,68.0,8.0,0.2764046788215637,0.6989121437072754,1221.4927389621735
train,14,69.0,8.0,0.20308807492256165,0.8583293557167053,1241.4861018657684
train,14,70.0,8.0,0.2906821668148041,0.49031293392181396,1259.4478471279144
train,14,71.0,8.0,0.2419794499874115,0.7387431263923645,1276.7165977954865
train,14,72.0,8.0,0.2918882966041565,0.7744836807250977,1293.8240549564362
train,14,73.0,8.0,0.19575120508670807,0.7011160254478455,1310.7468469142914
train,14,74.0,8.0,0.17479901015758514,0.5886118412017822,1328.2308268547058
train,14,75.0,8.0,0.2279594987630844,0.6137354373931885,1346.7136919498444
train,14,76.0,8.0,0.21809016168117523,0.6386674642562866,1365.163712978363
train,14,77.0,8.0,0.3615257441997528,0.5208920240402222,1383.5621790885925
train,14,78.0,8.0,0.2155924141407013,0.4970638155937195,1402.0317070484161
train,14,79.0,8.0,0.29438549280166626,0.7826220989227295,1420.4149050712585
train,14,80.0,8.0,0.28295180201530457,0.7937431931495667,1439.593621969223
train,14,81.0,8.0,0.30781206488609314,0.6042821407318115,1458.2568469047546
train,14,82.0,8.0,0.2649877667427063,0.8251921534538269,1475.6456270217896
train,14,83.0,8.0,0.23145988583564758,0.7414525747299194,1493.165736913681
train,14,84.0,8.0,0.22628633677959442,0.48936885595321655,1510.511384010315
train,14,85.0,8.0,0.29503387212753296,0.6292561888694763,1528.702847957611
train,14,86.0,8.0,0.2373216450214386,0.4770154654979706,1545.6284279823303
train,14,87.0,8.0,0.26147642731666565,0.5433881878852844,1562.1308579444885
train,14,88.0,8.0,0.20255500078201294,0.6664600968360901,1579.3696188926697
train,14,89.0,8.0,0.24696484208106995,0.5817022919654846,1596.9719789028168
train,14,90.0,8.0,0.1837262362241745,0.7379538416862488,1614.7415330410004
train,14,91.0,8.0,0.11964531242847443,0.7424235939979553,1632.5152959823608
train,14,92.0,8.0,0.20838268101215363,0.5237825512886047,1650.6704778671265
train,14,93.0,8.0,0.1495441198348999,0.8078875541687012,1667.9120790958405
train,14,94.0,8.0,0.24335668981075287,0.732673168182373,1686.1515901088715
train,14,95.0,8.0,0.325408399105072,0.816122829914093,1704.9168281555176
train,14,96.0,8.0,0.29859691858291626,0.6056129932403564,1721.8466539382935
train,14,97.0,8.0,0.17383641004562378,0.7567264437675476,1739.1906299591064
train,14,98.0,8.0,0.2748609185218811,0.6730117797851562,1756.462495803833
train,14,99.0,8.0,0.2739838659763336,0.6670325994491577,1774.3011209964752
train,14,100.0,8.0,0.21100109815597534,0.5127740502357483,1791.2093439102173
train,14,101.0,8.0,0.2738913595676422,0.7841005325317383,1807.9571409225464
train,14,102.0,8.0,0.24669207632541656,0.7121096253395081,1825.3529360294342
train,14,103.0,8.0,0.2505602538585663,0.7500633001327515,1842.5071468353271
train,14,104.0,8.0,0.26535120606422424,0.7013542652130127,1859.8202810287476
train,14,105.0,8.0,0.2633801996707916,0.5409147143363953,1876.6940760612488
train,14,106.0,8.0,0.26899442076683044,0.6594616770744324,1893.5317318439484
train,14,107.0,8.0,0.1992836594581604,0.6834309697151184,1910.412395954132
train,14,108.0,8.0,0.26382094621658325,0.5342353582382202,1928.9178018569946
train,14,109.0,8.0,0.177116259932518,0.7762439250946045,1947.503310918808
train,14,110.0,8.0,0.28726625442504883,0.6137867569923401,1965.3314578533173
train,14,111.0,8.0,0.2942282259464264,0.7337075471878052,1982.673448085785
train,14,112.0,8.0,0.15534761548042297,0.8041593432426453,1999.80198097229
train,14,113.0,8.0,0.1655726432800293,0.7872019410133362,2018.015998840332
train,14,114.0,8.0,0.28282660245895386,0.8116970658302307,2036.407902956009
train,14,115.0,8.0,0.2877834141254425,0.7730861902236938,2054.6295289993286
train,14,116.0,8.0,0.2340613305568695,0.6307841539382935,2072.1366131305695
train,14,117.0,8.0,0.1813429296016693,0.7141435742378235,2090.4622781276703
train,14,118.0,8.0,0.3152444064617157,0.7052228450775146,2107.8370399475098
train,14,119.0,8.0,0.37958765029907227,0.7145301103591919,2125.455491065979
train,14,120.0,8.0,0.28842592239379883,0.5158798694610596,2142.790463924408
train,14,121.0,8.0,0.23354142904281616,0.7325098514556885,2160.7413878440857
train,14,122.0,8.0,0.28118669986724854,0.6421300172805786,2179.2563078403473
train,14,123.0,8.0,0.2856092154979706,0.6141691207885742,2196.4204280376434
train,14,124.0,8.0,0.17651821672916412,0.8987414240837097,2213.391629934311
train,14,125.0,8.0,0.2894614338874817,0.6041320562362671,2231.100691795349
train,14,126.0,8.0,0.30190959572792053,0.7254970073699951,2249.99968290329
train,14,127.0,8.0,0.23183554410934448,0.7422335147857666,2267.850141763687
train,14,128.0,8.0,0.2420911341905594,0.7170575857162476,2285.683790922165
train,14,129.0,8.0,0.3424605131149292,0.6450762748718262,2302.9079179763794
train,14,130.0,8.0,0.17388460040092468,0.5860995054244995,2320.636319875717
train,14,131.0,8.0,0.15406358242034912,0.7941509485244751,2338.293940782547
train,14,132.0,8.0,0.18168200552463531,0.7077751755714417,2355.8916158676147
train,14,133.0,8.0,0.22268590331077576,0.7687410116195679,2373.0799798965454
train,14,134.0,8.0,0.35745424032211304,0.7438132762908936,2390.6872239112854
train,14,135.0,8.0,0.16954723000526428,0.764468789100647,2408.805326938629
train,14,136.0,8.0,0.20948563516139984,0.6801730394363403,2426.1666758060455
train,14,137.0,8.0,0.17225463688373566,0.7353994250297546,2443.144873857498
train,14,138.0,8.0,0.17949150502681732,0.7409618496894836,2460.209389925003
train,14,139.0,8.0,0.20843105018138885,0.7975698709487915,2479.094983100891
train,14,140.0,8.0,0.24385541677474976,0.6286326050758362,2496.6187539100647
train,14,141.0,8.0,0.22167068719863892,0.6358206272125244,2515.7722709178925
train,14,142.0,8.0,0.18437162041664124,0.6044057607650757,2534.317673921585
train,14,143.0,8.0,0.25589537620544434,0.6844725012779236,2552.79568195343
train,14,144.0,8.0,0.1505943238735199,0.8187606334686279,2571.6090998649597
train,14,145.0,8.0,0.36134907603263855,0.6220878958702087,2589.8585410118103
train,14,146.0,8.0,0.28527775406837463,0.6267557144165039,2608.9828400611877
train,14,147.0,8.0,0.2162182629108429,0.8064253926277161,2627.10654091835
train,14,148.0,8.0,0.3255113959312439,0.6667342782020569,2644.083399772644
train,14,149.0,8.0,0.3464829623699188,0.8072843551635742,2661.349800825119
train,14,150.0,8.0,0.2040952444076538,0.6793596744537354,2679.0305140018463
train,14,151.0,8.0,0.275783509016037,0.8190427422523499,2697.2643270492554
train,14,152.0,8.0,0.313176691532135,0.5131831765174866,2715.5497410297394
train,14,153.0,8.0,0.363003671169281,0.6140896677970886,2732.438941001892
train,14,154.0,8.0,0.2210896760225296,0.762192964553833,2749.325443983078
train,14,155.0,8.0,0.24846866726875305,0.6980854868888855,2766.4318850040436
train,14,156.0,8.0,0.303525447845459,0.7404205799102783,2783.723581790924
val,14,,,0.27104632668197154,0.6568119846284389,2991.7409818172455
train,15,0.0,8.0,0.2923057973384857,0.834351658821106,21.018512964248657
train,15,1.0,8.0,0.22451846301555634,0.6402221322059631,39.39082407951355
train,15,2.0,8.0,0.17160029709339142,0.75420081615448,56.86915302276611
train,15,3.0,8.0,0.241084486246109,0.7368015050888062,74.34587502479553
train,15,4.0,8.0,0.22648194432258606,0.7827767729759216,91.78339505195618
train,15,5.0,8.0,0.22150124609470367,0.8150891065597534,108.97877812385559
train,15,6.0,8.0,0.2635333240032196,0.836472749710083,126.86445212364197
train,15,7.0,8.0,0.35793137550354004,0.6204346418380737,144.34223413467407
train,15,8.0,8.0,0.38682955503463745,0.6883845329284668,162.93164610862732
train,15,9.0,8.0,0.2012782245874405,0.8311492204666138,180.31562089920044
train,15,10.0,8.0,0.3301045894622803,0.5346839427947998,198.49490094184875
train,15,11.0,8.0,0.3264457583427429,0.6756049990653992,215.49494194984436
train,15,12.0,8.0,0.31240731477737427,0.5961384177207947,232.20805191993713
train,15,13.0,8.0,0.2041459083557129,0.7078437209129333,249.772634267807
train,15,14.0,8.0,0.13771501183509827,0.8428715467453003,267.7881841659546
train,15,15.0,8.0,0.21549099683761597,0.5078868865966797,284.7325949668884
train,15,16.0,8.0,0.12260813266038895,0.9051794409751892,301.55885100364685
train,15,17.0,8.0,0.24352599680423737,0.7228752374649048,318.79069113731384
train,15,18.0,8.0,0.22877416014671326,0.7534728646278381,336.6598598957062
train,15,19.0,8.0,0.20035304129123688,0.7006280422210693,353.72472190856934
train,15,20.0,8.0,0.23214130103588104,0.6251722574234009,370.63352608680725
train,15,21.0,8.0,0.32355985045433044,0.7087411284446716,387.3728950023651
train,15,22.0,8.0,0.27310237288475037,0.5175527930259705,404.9682319164276
train,15,23.0,8.0,0.27556270360946655,0.7830454111099243,423.1183669567108
train,15,24.0,8.0,0.08875928819179535,0.7824454307556152,441.8222711086273
train,15,25.0,8.0,0.31874826550483704,0.5514211654663086,461.46753096580505
train,15,26.0,8.0,0.2535203695297241,0.6975863575935364,481.50122714042664
train,15,27.0,8.0,0.34185123443603516,0.6681410670280457,501.8161542415619
train,15,28.0,8.0,0.2811381220817566,0.6232151389122009,519.4655950069427
train,15,29.0,8.0,0.2524876296520233,0.7283779978752136,536.5578281879425
train,15,30.0,8.0,0.3368740379810333,0.77174311876297,554.4427881240845
train,15,31.0,8.0,0.22920860350131989,0.783118724822998,571.6302630901337
train,15,32.0,8.0,0.43414759635925293,0.7366476058959961,588.4795830249786
train,15,33.0,8.0,0.21308650076389313,0.8127432465553284,605.6033852100372
train,15,34.0,8.0,0.2249639928340912,0.7947893738746643,622.1234991550446
train,15,35.0,8.0,0.24422861635684967,0.7038933038711548,639.5456478595734
train,15,36.0,8.0,0.22929584980010986,0.8174270391464233,656.6603231430054
train,15,37.0,8.0,0.14905910193920135,0.6767268776893616,673.7782678604126
train,15,38.0,8.0,0.29152458906173706,0.6123846173286438,690.3977780342102
train,15,39.0,8.0,0.21429631114006042,0.8427486419677734,707.7912378311157
train,15,40.0,8.0,0.32614606618881226,0.8379639983177185,727.5418360233307
train,15,41.0,8.0,0.19991695880889893,0.7043268084526062,748.0399518013
train,15,42.0,8.0,0.34567946195602417,0.7001771926879883,766.5580868721008
train,15,43.0,8.0,0.2843470573425293,0.7680348753929138,783.5921018123627
train,15,44.0,8.0,0.2424343228340149,0.7185891270637512,801.3736460208893
train,15,45.0,8.0,0.2854120135307312,0.7755324840545654,819.3503291606903
train,15,46.0,8.0,0.32597750425338745,0.5424036383628845,837.9034459590912
train,15,47.0,8.0,0.2410515546798706,0.4852057099342346,856.0259311199188
train,15,48.0,8.0,0.21965716779232025,0.7825012803077698,873.9075672626495
train,15,49.0,8.0,0.22358770668506622,0.796069324016571,890.7227790355682
train,15,50.0,8.0,0.29323530197143555,0.8924577832221985,908.1447849273682
train,15,51.0,8.0,0.20852036774158478,0.674932062625885,926.2224261760712
train,15,52.0,8.0,0.25521349906921387,0.5563473105430603,942.8464920520782
train,15,53.0,8.0,0.24886120855808258,0.6976946592330933,959.6160309314728
train,15,54.0,8.0,0.31293854117393494,0.87856525182724,976.7650239467621
train,15,55.0,8.0,0.29760119318962097,0.6271340847015381,994.249363899231
train,15,56.0,8.0,0.3460371792316437,0.6622711420059204,1011.3175859451294
train,15,57.0,8.0,0.17177918553352356,0.7290968894958496,1027.9712080955505
train,15,58.0,8.0,0.18571539223194122,0.7197930812835693,1045.331309080124
train,15,59.0,8.0,0.2692255973815918,0.6932149529457092,1063.9907410144806
train,15,60.0,8.0,0.268900990486145,0.5318613052368164,1082.2428090572357
train,15,61.0,8.0,0.22899915277957916,0.7495914101600647,1099.3118259906769
train,15,62.0,8.0,0.188578799366951,0.7091637849807739,1116.5502541065216
train,15,63.0,8.0,0.11767546832561493,0.7565539479255676,1134.3495390415192
train,15,64.0,8.0,0.2600915729999542,0.5376155972480774,1152.3284311294556
train,15,65.0,8.0,0.2936703562736511,0.6175299882888794,1169.136249780655
train,15,66.0,8.0,0.2682078182697296,0.8188875913619995,1186.049029827118
train,15,67.0,8.0,0.16435809433460236,0.6187093257904053,1203.0374920368195
train,15,68.0,8.0,0.3497658967971802,0.780754804611206,1220.5000808238983
train,15,69.0,8.0,0.19792889058589935,0.8486416935920715,1239.1192791461945
train,15,70.0,8.0,0.14223861694335938,0.6652380228042603,1256.6374049186707
train,15,71.0,8.0,0.232085183262825,0.7492949962615967,1274.5419359207153
train,15,72.0,8.0,0.2203935831785202,0.7744767069816589,1291.643170118332
train,15,73.0,8.0,0.17549268901348114,0.7487386465072632,1308.7651150226593
train,15,74.0,8.0,0.22549816966056824,0.9495057463645935,1326.297303199768
train,15,75.0,8.0,0.27608832716941833,0.8113672733306885,1345.1292090415955
train,15,76.0,8.0,0.38093045353889465,0.5729894638061523,1363.5447402000427
train,15,77.0,8.0,0.2884266674518585,0.6210249066352844,1381.0145721435547
train,15,78.0,8.0,0.22785528004169464,0.7377097010612488,1398.7287318706512
train,15,79.0,8.0,0.21568110585212708,0.6429511904716492,1415.9510400295258
train,15,80.0,8.0,0.24455499649047852,0.7208812832832336,1433.243735074997
train,15,81.0,8.0,0.13149850070476532,0.6949766278266907,1450.8955490589142
train,15,82.0,8.0,0.24319185316562653,0.7232288718223572,1467.8978071212769
train,15,83.0,8.0,0.212252676486969,0.7985235452651978,1485.1660192012787
train,15,84.0,8.0,0.17094767093658447,0.5958689451217651,1501.733689069748
train,15,85.0,8.0,0.3011449873447418,0.7437487244606018,1518.9836440086365
train,15,86.0,8.0,0.2369721680879593,0.5864896178245544,1536.3924570083618
train,15,87.0,8.0,0.27980872988700867,0.792080819606781,1553.7050340175629
train,15,88.0,8.0,0.17739398777484894,0.7074395418167114,1570.9377658367157
train,15,89.0,8.0,0.1843489110469818,0.7152320742607117,1587.90727186203
train,15,90.0,8.0,0.3161056339740753,0.8606122732162476,1604.833694934845
train,15,91.0,8.0,0.2693401873111725,0.5392957329750061,1622.0586969852448
train,15,92.0,8.0,0.3198350667953491,0.4384670853614807,1640.228077173233
train,15,93.0,8.0,0.20822790265083313,0.8403722643852234,1658.6749792099
train,15,94.0,8.0,0.2819564938545227,0.6445679068565369,1676.0421590805054
train,15,95.0,8.0,0.20524518191814423,0.54499351978302,1693.4952540397644
train,15,96.0,8.0,0.19941094517707825,0.5321524739265442,1711.05100607872
train,15,97.0,8.0,0.2010257989168167,0.6750537753105164,1728.5862500667572
train,15,98.0,8.0,0.30280131101608276,0.7295074462890625,1745.7386209964752
train,15,99.0,8.0,0.228540301322937,0.6360703706741333,1763.270437002182
train,15,100.0,8.0,0.29626932740211487,0.7441666126251221,1780.7446022033691
train,15,101.0,8.0,0.31202852725982666,0.4586828351020813,1798.4135282039642
train,15,102.0,8.0,0.18749989569187164,0.7148638367652893,1815.9992899894714
train,15,103.0,8.0,0.1598089039325714,0.6293975114822388,1832.8905448913574
train,15,104.0,8.0,0.29197022318840027,0.7643203139305115,1849.7168951034546
train,15,105.0,8.0,0.19142946600914001,0.6788743734359741,1866.877727985382
train,15,106.0,8.0,0.22962002456188202,0.7590199112892151,1884.7287571430206
train,15,107.0,8.0,0.19064193964004517,0.7008088827133179,1901.6705751419067
train,15,108.0,8.0,0.2786114513874054,0.6656734347343445,1918.2661261558533
train,15,109.0,8.0,0.13715916872024536,0.693932294845581,1935.3888959884644
train,15,110.0,8.0,0.32320448756217957,0.6742334365844727,1953.5675048828125
train,15,111.0,8.0,0.325033575296402,0.805457592010498,1971.9702541828156
train,15,112.0,8.0,0.3850342631340027,0.6938945055007935,1990.169946193695
train,15,113.0,8.0,0.2911972105503082,0.7963457703590393,2007.661898136139
train,15,114.0,8.0,0.2512698769569397,0.543628454208374,2026.9497289657593
train,15,115.0,8.0,0.19200800359249115,0.7219231128692627,2045.430372953415
train,15,116.0,8.0,0.19509421288967133,0.7028862237930298,2064.5022599697113
train,15,117.0,8.0,0.3413604199886322,0.6513660550117493,2082.790927886963
train,15,118.0,8.0,0.36333394050598145,0.48129531741142273,2100.3608660697937
train,15,119.0,8.0,0.3061870038509369,0.5690324306488037,2117.527704000473
train,15,120.0,8.0,0.21510939300060272,0.7953156232833862,2134.3904190063477
train,15,121.0,8.0,0.23070533573627472,0.7564915418624878,2151.758635997772
train,15,122.0,8.0,0.1264074146747589,0.6939631700515747,2168.9140391349792
train,15,123.0,8.0,0.20306620001792908,0.688583254814148,2186.6271879673004
train,15,124.0,8.0,0.2372364103794098,0.6027862429618835,2204.432960987091
train,15,125.0,8.0,0.32394668459892273,0.695605993270874,2222.027960062027
train,15,126.0,8.0,0.17215226590633392,0.7520313858985901,2240.4861800670624
train,15,127.0,8.0,0.17870862782001495,0.7434034943580627,2259.403127193451
train,15,128.0,8.0,0.27874571084976196,0.7843847870826721,2277.707086086273
train,15,129.0,8.0,0.21637850999832153,0.6561413407325745,2295.210695028305
train,15,130.0,8.0,0.23700346052646637,0.7321152091026306,2312.3168380260468
train,15,131.0,8.0,0.20422062277793884,0.8299933075904846,2330.129238128662
train,15,132.0,8.0,0.2665537893772125,0.5179092288017273,2347.941507101059
train,15,133.0,8.0,0.17700397968292236,0.9198548197746277,2365.840448141098
train,15,134.0,8.0,0.2274269461631775,0.6070877313613892,2383.09566116333
train,15,135.0,8.0,0.20404452085494995,0.8294371366500854,2400.4415371418
train,15,136.0,8.0,0.28015661239624023,0.6522625684738159,2417.91895198822
train,15,137.0,8.0,0.19128163158893585,0.8381354808807373,2435.0341000556946
train,15,138.0,8.0,0.3065153658390045,0.717772364616394,2452.115734100342
train,15,139.0,8.0,0.2603110671043396,0.542424738407135,2469.326763153076
train,15,140.0,8.0,0.2055789977312088,0.7972334027290344,2486.885561943054
train,15,141.0,8.0,0.2608051896095276,0.5322000980377197,2503.472161054611
train,15,142.0,8.0,0.38330885767936707,0.5655168890953064,2521.1140520572662
train,15,143.0,8.0,0.2961411774158478,0.6191340684890747,2539.3226251602173
train,15,144.0,8.0,0.2003563791513443,0.8392188549041748,2557.830713033676
train,15,145.0,8.0,0.27160876989364624,0.6595374345779419,2575.0282719135284
train,15,146.0,8.0,0.25290483236312866,0.8538972735404968,2592.48801112175
train,15,147.0,8.0,0.21731631457805634,0.6215927600860596,2609.7128150463104
train,15,148.0,8.0,0.2158522605895996,0.8253673315048218,2627.4272010326385
train,15,149.0,8.0,0.2555627226829529,0.8331146240234375,2645.1550238132477
train,15,150.0,8.0,0.19336780905723572,0.6753074526786804,2662.909024000168
train,15,151.0,8.0,0.22111734747886658,0.6238018274307251,2680.211776971817
train,15,152.0,8.0,0.1618652194738388,0.7749242186546326,2697.6331038475037
train,15,153.0,8.0,0.2592254877090454,0.3928166329860687,2716.8621339797974
train,15,154.0,8.0,0.21711164712905884,0.787202000617981,2735.105521917343
train,15,155.0,8.0,0.18232442438602448,0.7107698321342468,2751.8308610916138
train,15,156.0,8.0,0.28977736830711365,0.7583057880401611,2769.6169888973236
val,15,,,0.2641954209655523,0.6804705545306206,2979.6790540218353
train,16,0.0,8.0,0.10872024297714233,0.7811992764472961,21.29434084892273
train,16,1.0,8.0,0.29430511593818665,0.7387738823890686,39.04738473892212
train,16,2.0,8.0,0.24342690408229828,0.7283043265342712,58.25478768348694
train,16,3.0,8.0,0.12552256882190704,0.8658077716827393,76.01435589790344
train,16,4.0,8.0,0.29296666383743286,0.7721042633056641,94.81824278831482
train,16,5.0,8.0,0.208253413438797,0.5270255208015442,113.34302473068237
train,16,6.0,8.0,0.19704174995422363,0.7155662775039673,131.15316772460938
train,16,7.0,8.0,0.11683972924947739,0.7253847718238831,149.04028797149658
train,16,8.0,8.0,0.332756906747818,0.6608176231384277,166.81139874458313
train,16,9.0,8.0,0.17759230732917786,0.7235593199729919,186.1491768360138
train,16,10.0,8.0,0.15442770719528198,0.810052752494812,204.16925168037415
train,16,11.0,8.0,0.19270357489585876,0.6742199063301086,222.02586579322815
train,16,12.0,8.0,0.22559741139411926,0.6142433881759644,240.24826192855835
train,16,13.0,8.0,0.2734283208847046,0.646371066570282,258.610955953598
train,16,14.0,8.0,0.16790814697742462,0.6131276488304138,276.2028238773346
train,16,15.0,8.0,0.17856617271900177,0.7165700793266296,293.2485496997833
train,16,16.0,8.0,0.1917124092578888,0.7631410956382751,310.818589925766
train,16,17.0,8.0,0.23540925979614258,0.633280336856842,328.49007177352905
train,16,18.0,8.0,0.21221446990966797,0.8166934251785278,346.17402601242065
train,16,19.0,8.0,0.2760232388973236,0.5187640190124512,362.9541108608246
train,16,20.0,8.0,0.2412751019001007,0.7242408394813538,379.71313095092773
train,16,21.0,8.0,0.20372678339481354,0.7224776744842529,397.3590269088745
train,16,22.0,8.0,0.3020002245903015,0.6151129007339478,415.19421005249023
train,16,23.0,8.0,0.35175418853759766,0.5120316743850708,432.37663102149963
train,16,24.0,8.0,0.26834559440612793,0.7272024154663086,451.2076668739319
train,16,25.0,8.0,0.21314258873462677,0.786673903465271,470.5411548614502
train,16,26.0,8.0,0.2010686993598938,0.6743992567062378,490.6400167942047
train,16,27.0,8.0,0.11493019014596939,0.9198508262634277,508.3956198692322
train,16,28.0,8.0,0.17587584257125854,0.7306764721870422,525.9771318435669
train,16,29.0,8.0,0.2881515622138977,0.4978691041469574,543.6560478210449
train,16,30.0,8.0,0.17550760507583618,0.7308381795883179,561.686271905899
train,16,31.0,8.0,0.21828022599220276,0.7215893864631653,582.0883667469025
train,16,32.0,8.0,0.19842961430549622,0.6777435541152954,598.8610858917236
train,16,33.0,8.0,0.16918112337589264,0.7404807806015015,616.7567360401154
train,16,34.0,8.0,0.26433032751083374,0.5921444892883301,634.1458938121796
train,16,35.0,8.0,0.1547209471464157,0.6315687894821167,651.5901598930359
train,16,36.0,8.0,0.2210083156824112,0.7651379704475403,668.684280872345
train,16,37.0,8.0,0.30971255898475647,0.6982885003089905,685.5357067584991
train,16,38.0,8.0,0.26439809799194336,0.6663072109222412,702.9153289794922
train,16,39.0,8.0,0.16721656918525696,0.7641966342926025,720.1039757728577
train,16,40.0,8.0,0.2321431040763855,0.7667324542999268,737.4019546508789
train,16,41.0,8.0,0.19827765226364136,0.7249453067779541,754.8409788608551
train,16,42.0,8.0,0.26527416706085205,0.8139320611953735,772.4317288398743
train,16,43.0,8.0,0.29866066575050354,0.7498601078987122,790.9322118759155
train,16,44.0,8.0,0.3499436378479004,0.6348804235458374,809.3408777713776
train,16,45.0,8.0,0.2406066358089447,0.5746342539787292,828.9290318489075
train,16,46.0,8.0,0.21321149170398712,0.8205124139785767,848.860554933548
train,16,47.0,8.0,0.23373667895793915,0.5957759618759155,867.2489569187164
train,16,48.0,8.0,0.2005854994058609,0.6768887639045715,885.0262427330017
train,16,49.0,8.0,0.20114807784557343,0.6665822267532349,902.4034087657928
train,16,50.0,8.0,0.30431216955184937,0.7421998381614685,920.3221879005432
train,16,51.0,8.0,0.30576464533805847,0.7221361398696899,937.7255549430847
train,16,52.0,8.0,0.20718751847743988,0.8196215033531189,955.0719459056854
train,16,53.0,8.0,0.3063427209854126,0.5676132440567017,972.3129327297211
train,16,54.0,8.0,0.3374536633491516,0.8279044032096863,989.685996055603
train,16,55.0,8.0,0.20901577174663544,0.7115328907966614,1009.6924197673798
train,16,56.0,8.0,0.38405466079711914,0.5832552313804626,1030.1360008716583
train,16,57.0,8.0,0.23750218749046326,0.7259795665740967,1048.8439087867737
train,16,58.0,8.0,0.3273669481277466,0.698898434638977,1067.4847359657288
train,16,59.0,8.0,0.30701643228530884,0.8866156935691833,1086.723935842514
train,16,60.0,8.0,0.14686785638332367,0.6748844385147095,1106.0768687725067
train,16,61.0,8.0,0.3515253961086273,0.7504870295524597,1124.6754858493805
train,16,62.0,8.0,0.29653269052505493,0.6125926971435547,1142.9379377365112
train,16,63.0,8.0,0.24858126044273376,0.5796721577644348,1160.7859199047089
train,16,64.0,8.0,0.2260483354330063,0.7764154672622681,1179.8375988006592
train,16,65.0,8.0,0.17934294044971466,0.7274107336997986,1199.1139357089996
train,16,66.0,8.0,0.22839152812957764,0.7471281886100769,1217.3744659423828
train,16,67.0,8.0,0.22310233116149902,0.7542165517807007,1235.8740746974945
train,16,68.0,8.0,0.3027341663837433,0.4638615548610687,1253.403163909912
train,16,69.0,8.0,0.26091206073760986,0.8193797469139099,1271.1155889034271
train,16,70.0,8.0,0.323505163192749,0.5354518890380859,1288.5550079345703
train,16,71.0,8.0,0.17485545575618744,0.7418948411941528,1306.337870836258
train,16,72.0,8.0,0.28272199630737305,0.7747508883476257,1323.6092717647552
train,16,73.0,8.0,0.25564560294151306,0.68802410364151,1341.3263318538666
train,16,74.0,8.0,0.30068904161453247,0.8924838304519653,1359.2713737487793
train,16,75.0,8.0,0.2618657946586609,0.6769082546234131,1378.3856399059296
train,16,76.0,8.0,0.38321220874786377,0.715165376663208,1396.4645328521729
train,16,77.0,8.0,0.12699167430400848,0.8499895334243774,1414.856039762497
train,16,78.0,8.0,0.21973508596420288,0.7931316494941711,1433.0983250141144
train,16,79.0,8.0,0.27897515892982483,0.7867340445518494,1450.9754288196564
train,16,80.0,8.0,0.15351161360740662,0.7989437580108643,1469.2949650287628
train,16,81.0,8.0,0.23596066236495972,0.6170273423194885,1487.3000886440277
train,16,82.0,8.0,0.29771050810813904,0.7415400147438049,1505.0325109958649
train,16,83.0,8.0,0.3193478286266327,0.8305990099906921,1522.5016310214996
train,16,84.0,8.0,0.2538016140460968,0.542870283126831,1540.49498295784
train,16,85.0,8.0,0.19799914956092834,0.6774696111679077,1557.7479798793793
train,16,86.0,8.0,0.28127503395080566,0.7673966288566589,1575.0520367622375
train,16,87.0,8.0,0.2091933786869049,0.8077678680419922,1591.941514968872
train,16,88.0,8.0,0.20907436311244965,0.8182357549667358,1609.7681946754456
train,16,89.0,8.0,0.28501418232917786,0.4935755431652069,1627.184731721878
train,16,90.0,8.0,0.26898616552352905,0.5410258769989014,1643.8557708263397
train,16,91.0,8.0,0.25074973702430725,0.4791773855686188,1661.5098979473114
train,16,92.0,8.0,0.24477851390838623,0.7119244337081909,1680.0194568634033
train,16,93.0,8.0,0.26645708084106445,0.8226896524429321,1699.3223459720612
train,16,94.0,8.0,0.292726069688797,0.9097356200218201,1716.4122049808502
train,16,95.0,8.0,0.2968307137489319,0.6016180515289307,1734.4230868816376
train,16,96.0,8.0,0.375337153673172,0.6234793066978455,1752.0660119056702
train,16,97.0,8.0,0.2928643524646759,0.6478393077850342,1770.6352849006653
train,16,98.0,8.0,0.3530835807323456,0.6364109516143799,1787.8785736560822
train,16,99.0,8.0,0.2455509454011917,0.746928334236145,1805.0015487670898
train,16,100.0,8.0,0.24640299379825592,0.7241448760032654,1822.2398068904877
train,16,101.0,8.0,0.27490976452827454,0.5025984048843384,1840.09938788414
train,16,102.0,8.0,0.22947967052459717,0.7598710656166077,1858.8797748088837
train,16,103.0,8.0,0.22224916517734528,0.7769051790237427,1875.9219908714294
train,16,104.0,8.0,0.29601484537124634,0.7482607364654541,1893.5949869155884
train,16,105.0,8.0,0.250436007976532,0.6956836581230164,1911.680538892746
train,16,106.0,8.0,0.2276637703180313,0.46596622467041016,1929.4929180145264
train,16,107.0,8.0,0.2207866907119751,0.9386767148971558,1946.7601208686829
train,16,108.0,8.0,0.24577023088932037,0.7450365424156189,1964.5366840362549
train,16,109.0,8.0,0.3002643585205078,0.5945387482643127,1983.304925918579
train,16,110.0,8.0,0.16212686896324158,0.6196579337120056,2002.253289937973
train,16,111.0,8.0,0.34220489859580994,0.7803654074668884,2019.3450028896332
train,16,112.0,8.0,0.14558133482933044,0.6431102156639099,2036.727133989334
train,16,113.0,8.0,0.2154248207807541,0.7863767743110657,2053.9833569526672
train,16,114.0,8.0,0.2846227288246155,0.7826750874519348,2072.0290718078613
train,16,115.0,8.0,0.2709326148033142,0.6664373874664307,2090.231930732727
train,16,116.0,8.0,0.2264590710401535,0.6419857144355774,2107.8670427799225
train,16,117.0,8.0,0.0874900072813034,0.8143302202224731,2125.4513318538666
train,16,118.0,8.0,0.22123321890830994,0.7747697830200195,2143.021936893463
train,16,119.0,8.0,0.26238110661506653,0.6910848617553711,2160.909910917282
train,16,120.0,8.0,0.24011065065860748,0.5710747241973877,2177.6175088882446
train,16,121.0,8.0,0.37543919682502747,0.5876249074935913,2194.3781378269196
train,16,122.0,8.0,0.255068302154541,0.6849828362464905,2212.0807778835297
train,16,123.0,8.0,0.26972317695617676,0.6529539227485657,2229.7125108242035
train,16,124.0,8.0,0.19884911179542542,0.6854564547538757,2249.598244905472
train,16,125.0,8.0,0.3130180239677429,0.6917399168014526,2269.3256998062134
train,16,126.0,8.0,0.24155005812644958,0.7253703474998474,2289.1089029312134
train,16,127.0,8.0,0.1932724565267563,0.5273466110229492,2306.8993017673492
train,16,128.0,8.0,0.24105973541736603,0.4440189301967621,2323.9695329666138
train,16,129.0,8.0,0.1854173094034195,0.5630221366882324,2341.146160840988
train,16,130.0,8.0,0.2688724994659424,0.6580564379692078,2358.464051961899
train,16,131.0,8.0,0.24528588354587555,0.7058496475219727,2376.167411804199
train,16,132.0,8.0,0.29138821363449097,0.528367817401886,2393.5633058547974
train,16,133.0,8.0,0.24997957050800323,0.72127366065979,2410.9316008090973
train,16,134.0,8.0,0.24432986974716187,0.4599551558494568,2428.9060027599335
train,16,135.0,8.0,0.12892617285251617,0.7030247449874878,2447.492109775543
train,16,136.0,8.0,0.2468215972185135,0.5590128898620605,2466.152612686157
train,16,137.0,8.0,0.2793717086315155,0.6248480677604675,2483.7390236854553
train,16,138.0,8.0,0.18286842107772827,0.5758834481239319,2501.0303778648376
train,16,139.0,8.0,0.30263662338256836,0.7216929793357849,2517.726534843445
train,16,140.0,8.0,0.19549506902694702,0.8165217638015747,2535.160312652588
train,16,141.0,8.0,0.24871952831745148,0.727347731590271,2552.8068418502808
train,16,142.0,8.0,0.22178705036640167,0.6189045310020447,2571.494725704193
train,16,143.0,8.0,0.2671074867248535,0.7998131513595581,2591.312003850937
train,16,144.0,8.0,0.2785243093967438,0.663442850112915,2609.64174079895
train,16,145.0,8.0,0.18978281319141388,0.8439196944236755,2627.071227788925
train,16,146.0,8.0,0.12286212295293808,0.707412838935852,2644.9332869052887
train,16,147.0,8.0,0.22667334973812103,0.6156262159347534,2661.785409927368
train,16,148.0,8.0,0.13692080974578857,0.8413682579994202,2680.6743059158325
train,16,149.0,8.0,0.190155029296875,0.8534391522407532,2698.9664640426636
train,16,150.0,8.0,0.3252514898777008,0.7481330037117004,2716.7897369861603
train,16,151.0,8.0,0.22231832146644592,0.7743074893951416,2733.8562228679657
train,16,152.0,8.0,0.18924358487129211,0.7028603553771973,2750.901218652725
train,16,153.0,8.0,0.22899280488491058,0.6283965706825256,2768.2900269031525
train,16,154.0,8.0,0.19695302844047546,0.8186043500900269,2785.5527489185333
train,16,155.0,8.0,0.28324010968208313,0.7758966684341431,2803.11843585968
train,16,156.0,8.0,0.29369157552719116,0.7361199259757996,2820.3804049491882
val,16,,,0.26236198134720323,0.6669796243309974,3029.5622708797455
train,17,0.0,8.0,0.2668207883834839,0.6625775098800659,22.031721830368042
train,17,1.0,8.0,0.3327658474445343,0.6886234283447266,40.729349851608276
train,17,2.0,8.0,0.16027235984802246,0.6492614150047302,58.911473751068115
train,17,3.0,8.0,0.34369465708732605,0.7664558291435242,77.35716080665588
train,17,4.0,8.0,0.3826395273208618,0.7076928615570068,94.95317769050598
train,17,5.0,8.0,0.1915578544139862,0.8805037140846252,113.46651697158813
train,17,6.0,8.0,0.2607709467411041,0.55473792552948,131.08777594566345
train,17,7.0,8.0,0.10991635918617249,0.7664627432823181,150.76075267791748
train,17,8.0,8.0,0.1575344204902649,0.6610862016677856,169.20329689979553
train,17,9.0,8.0,0.25792160630226135,0.6864041090011597,187.1581027507782
train,17,10.0,8.0,0.11975821852684021,0.7188239097595215,204.20174264907837
train,17,11.0,8.0,0.3191918432712555,0.8379723429679871,221.57991194725037
train,17,12.0,8.0,0.24872756004333496,0.5517550110816956,239.59439992904663
train,17,13.0,8.0,0.21916623413562775,0.6389089822769165,258.2199056148529
train,17,14.0,8.0,0.19927914440631866,0.8350843191146851,275.44393491744995
train,17,15.0,8.0,0.3078049123287201,0.7245768308639526,292.9425847530365
train,17,16.0,8.0,0.12694783508777618,0.7048434019088745,310.71380281448364
train,17,17.0,8.0,0.2402530014514923,0.7168884873390198,328.34097266197205
train,17,18.0,8.0,0.3193366527557373,0.434744268655777,346.315331697464
train,17,19.0,8.0,0.1070290133357048,0.7416152954101562,363.48719000816345
train,17,20.0,8.0,0.13371381163597107,0.6938813924789429,381.04091787338257
train,17,21.0,8.0,0.2469780594110489,0.7463898062705994,398.0754747390747
train,17,22.0,8.0,0.2007371187210083,0.8385610580444336,416.3468337059021
train,17,23.0,8.0,0.29449981451034546,0.6343511343002319,433.01546597480774
train,17,24.0,8.0,0.25299522280693054,0.6955686211585999,450.8746249675751
train,17,25.0,8.0,0.2584594786167145,0.831386387348175,469.0305678844452
train,17,26.0,8.0,0.10482031106948853,0.7826462388038635,487.4881589412689
train,17,27.0,8.0,0.22180235385894775,0.7633223533630371,504.31701278686523
train,17,28.0,8.0,0.2377350926399231,0.7305459976196289,521.1296677589417
train,17,29.0,8.0,0.13969752192497253,0.8198012113571167,538.6413617134094
train,17,30.0,8.0,0.3162247836589813,0.559607207775116,556.3661158084869
train,17,31.0,8.0,0.28760167956352234,0.7629244327545166,573.7136588096619
train,17,32.0,8.0,0.2797236442565918,0.6509849429130554,590.5277829170227
train,17,33.0,8.0,0.2521863877773285,0.6942817568778992,608.3267388343811
train,17,34.0,8.0,0.3018275499343872,0.46410277485847473,625.9830498695374
train,17,35.0,8.0,0.2519097626209259,0.5678698420524597,643.973260641098
train,17,36.0,8.0,0.34379318356513977,0.804118275642395,660.9694247245789
train,17,37.0,8.0,0.2568618953227997,0.6811097264289856,677.901597738266
train,17,38.0,8.0,0.4288763999938965,0.7662643790245056,695.247918844223
train,17,39.0,8.0,0.3098733723163605,0.6994898915290833,712.9079358577728
train,17,40.0,8.0,0.20315250754356384,0.6770620942115784,731.6731379032135
train,17,41.0,8.0,0.2981177270412445,0.7427570819854736,749.0147788524628
train,17,42.0,8.0,0.19224239885807037,0.8755531311035156,767.2121007442474
train,17,43.0,8.0,0.18684430420398712,0.6858714818954468,784.9968817234039
train,17,44.0,8.0,0.18313533067703247,0.7201383709907532,803.2935538291931
train,17,45.0,8.0,0.1615336686372757,0.6127820611000061,823.7246956825256
train,17,46.0,8.0,0.32344937324523926,0.8049336671829224,841.4421539306641
train,17,47.0,8.0,0.26479372382164,0.7086248397827148,858.5955557823181
train,17,48.0,8.0,0.26221007108688354,0.6582571268081665,875.9480438232422
train,17,49.0,8.0,0.26653075218200684,0.8469945192337036,892.7915987968445
train,17,50.0,8.0,0.19046787917613983,0.8658299446105957,910.499639749527
train,17,51.0,8.0,0.14671917259693146,0.6456124782562256,928.3499598503113
train,17,52.0,8.0,0.25215622782707214,0.7326862812042236,945.6030168533325
train,17,53.0,8.0,0.34093502163887024,0.7852742075920105,962.5028748512268
train,17,54.0,8.0,0.2596076428890228,0.6769648194313049,979.9504849910736
train,17,55.0,8.0,0.19996649026870728,0.6824700236320496,997.2878608703613
train,17,56.0,8.0,0.251335471868515,0.5509254932403564,1014.9074449539185
train,17,57.0,8.0,0.23520053923130035,0.7436001300811768,1031.8760237693787
train,17,58.0,8.0,0.2240053117275238,0.6302632093429565,1049.720354795456
train,17,59.0,8.0,0.2831009328365326,0.7526463866233826,1068.2983877658844
train,17,60.0,8.0,0.29220011830329895,0.6047660112380981,1087.1070487499237
train,17,61.0,8.0,0.11691778898239136,0.7222364544868469,1105.6211948394775
train,17,62.0,8.0,0.25614407658576965,0.6680809259414673,1122.782841682434
train,17,63.0,8.0,0.24314551055431366,0.5931501984596252,1140.0021748542786
train,17,64.0,8.0,0.08361466228961945,0.8118529915809631,1157.4906558990479
train,17,65.0,8.0,0.32496178150177,0.8277422189712524,1175.324908733368
train,17,66.0,8.0,0.14655481278896332,0.8071519136428833,1192.841856956482
train,17,67.0,8.0,0.39381417632102966,0.6800222396850586,1209.709291934967
train,17,68.0,8.0,0.21438781917095184,0.6314476132392883,1228.0267267227173
train,17,69.0,8.0,0.2558653652667999,0.5646235942840576,1245.5141997337341
train,17,70.0,8.0,0.2904854714870453,0.6048589944839478,1262.9464128017426
train,17,71.0,8.0,0.18212981522083282,0.5753262639045715,1280.8132197856903
train,17,72.0,8.0,0.1286669373512268,0.6924669146537781,1297.489542722702
train,17,73.0,8.0,0.19737336039543152,0.8325598835945129,1314.8011639118195
train,17,74.0,8.0,0.27023497223854065,0.5252170562744141,1332.7470877170563
train,17,75.0,8.0,0.14411035180091858,0.6691787838935852,1350.3284816741943
train,17,76.0,8.0,0.2752927243709564,0.646305501461029,1368.3511159420013
train,17,77.0,8.0,0.3638627231121063,0.6092877984046936,1385.6177158355713
train,17,78.0,8.0,0.2132735401391983,0.783983588218689,1402.8986837863922
train,17,79.0,8.0,0.30829885601997375,0.7068324685096741,1421.2776787281036
train,17,80.0,8.0,0.11267873644828796,0.7243508696556091,1438.446240901947
train,17,81.0,8.0,0.3281717598438263,0.6961431503295898,1455.7331657409668
train,17,82.0,8.0,0.2453991323709488,0.6242483258247375,1473.1986508369446
train,17,83.0,8.0,0.30159127712249756,0.7327678799629211,1490.8932700157166
train,17,84.0,8.0,0.3238719701766968,0.5519909262657166,1508.1821417808533
train,17,85.0,8.0,0.284090131521225,0.6165187358856201,1525.4439806938171
train,17,86.0,8.0,0.26585614681243896,0.8384042978286743,1542.599761724472
train,17,87.0,8.0,0.11570025980472565,0.7333152294158936,1560.0554747581482
train,17,88.0,8.0,0.30925461649894714,0.6979977488517761,1578.713194847107
train,17,89.0,8.0,0.43842196464538574,0.740847647190094,1596.8474249839783
train,17,90.0,8.0,0.20780418813228607,0.8135539889335632,1615.7377107143402
train,17,91.0,8.0,0.25951987504959106,0.6674004793167114,1633.8274638652802
train,17,92.0,8.0,0.10583800077438354,0.7774307727813721,1651.5983498096466
train,17,93.0,8.0,0.29435837268829346,0.7598705291748047,1670.3714878559113
train,17,94.0,8.0,0.20534831285476685,0.6642909049987793,1688.6811876296997
train,17,95.0,8.0,0.23990605771541595,0.5970121026039124,1707.5493488311768
train,17,96.0,8.0,0.28227320313453674,0.6463695764541626,1725.4669997692108
train,17,97.0,8.0,0.18727144598960876,0.8843995332717896,1743.305282831192
train,17,98.0,8.0,0.16713657975196838,0.7761279940605164,1761.055404663086
train,17,99.0,8.0,0.284983366727829,0.798954963684082,1778.7711596488953
train,17,100.0,8.0,0.13765975832939148,0.6629008054733276,1795.4939277172089
train,17,101.0,8.0,0.25593799352645874,0.43751654028892517,1813.11616897583
train,17,102.0,8.0,0.2876301109790802,0.6213247179985046,1831.2337169647217
train,17,103.0,8.0,0.1943110227584839,0.6817485690116882,1849.0329179763794
train,17,104.0,8.0,0.24413536489009857,0.8886941075325012,1866.6024556159973
train,17,105.0,8.0,0.24471727013587952,0.5679348111152649,1883.2454216480255
train,17,106.0,8.0,0.1103709414601326,0.7580656409263611,1901.110523700714
train,17,107.0,8.0,0.19353383779525757,0.6850416660308838,1918.4239029884338
train,17,108.0,8.0,0.31425410509109497,0.7135617136955261,1937.8702018260956
train,17,109.0,8.0,0.21657371520996094,0.809700071811676,1956.5834138393402
train,17,110.0,8.0,0.3019760549068451,0.720523476600647,1974.611627817154
train,17,111.0,8.0,0.412757933139801,0.663655161857605,1992.5746157169342
train,17,112.0,8.0,0.18672986328601837,0.7008672952651978,2010.4537217617035
train,17,113.0,8.0,0.1456766128540039,0.8146279454231262,2028.6430628299713
train,17,114.0,8.0,0.24497047066688538,0.5919949412345886,2047.1857297420502
train,17,115.0,8.0,0.22354136407375336,0.7554910778999329,2066.1877818107605
train,17,116.0,8.0,0.2592412829399109,0.8461245894432068,2083.557388782501
train,17,117.0,8.0,0.20038054883480072,0.6796873807907104,2101.3412249088287
train,17,118.0,8.0,0.32668596506118774,0.8546645641326904,2119.1124238967896
train,17,119.0,8.0,0.2131723314523697,0.6363914012908936,2136.5980846881866
train,17,120.0,8.0,0.2458335906267166,0.7094579935073853,2156.9181649684906
train,17,121.0,8.0,0.19405566155910492,0.5791295766830444,2175.738830804825
train,17,122.0,8.0,0.26051023602485657,0.6911731958389282,2193.661990880966
train,17,123.0,8.0,0.3017565906047821,0.5837403535842896,2210.7253968715668
train,17,124.0,8.0,0.307300329208374,0.5928009152412415,2229.6474056243896
train,17,125.0,8.0,0.205891951918602,0.7898174524307251,2250.414484977722
train,17,126.0,8.0,0.2612014412879944,0.6696548461914062,2269.3221838474274
train,17,127.0,8.0,0.2169792503118515,0.783004879951477,2287.46674990654
train,17,128.0,8.0,0.2821231782436371,0.7767699360847473,2307.1682348251343
train,17,129.0,8.0,0.31891724467277527,0.4888443350791931,2325.376618862152
train,17,130.0,8.0,0.2720669209957123,0.6778527498245239,2343.974834918976
train,17,131.0,8.0,0.22764506936073303,0.6016422510147095,2361.8947467803955
train,17,132.0,8.0,0.18321645259857178,0.5977957844734192,2379.420729637146
train,17,133.0,8.0,0.2508421242237091,0.7065517902374268,2396.9044296741486
train,17,134.0,8.0,0.18477080762386322,0.5690948367118835,2413.8009989261627
train,17,135.0,8.0,0.2651505172252655,0.6887602210044861,2431.5216958522797
train,17,136.0,8.0,0.23928652703762054,0.7181551456451416,2448.4785459041595
train,17,137.0,8.0,0.11898449808359146,0.8799911737442017,2466.980023622513
train,17,138.0,8.0,0.28170472383499146,0.4942972660064697,2484.7309539318085
train,17,139.0,8.0,0.26462534070014954,0.8159400820732117,2503.01570892334
train,17,140.0,8.0,0.28973689675331116,0.6597843766212463,2519.8843247890472
train,17,141.0,8.0,0.22873960435390472,0.6626648306846619,2537.2931797504425
train,17,142.0,8.0,0.2705889046192169,0.8053932785987854,2555.8415818214417
train,17,143.0,8.0,0.110087089240551,0.766094446182251,2573.14209485054
train,17,144.0,8.0,0.22017034888267517,0.7902912497520447,2590.6564857959747
train,17,145.0,8.0,0.10836786776781082,0.9380476474761963,2608.8503139019012
train,17,146.0,8.0,0.26198941469192505,0.6821120977401733,2626.447227716446
train,17,147.0,8.0,0.3065411150455475,0.5665329098701477,2647.631306886673
train,17,148.0,8.0,0.34835323691368103,0.7833584547042847,2669.8120079040527
train,17,149.0,8.0,0.2478710561990738,0.6975933909416199,2690.8682487010956
train,17,150.0,8.0,0.3942152261734009,0.8396399021148682,2709.272907972336
train,17,151.0,8.0,0.26506465673446655,0.5616145730018616,2727.9125986099243
train,17,152.0,8.0,0.18488697707653046,0.8837630152702332,2746.7322857379913
train,17,153.0,8.0,0.1456977128982544,0.8215783834457397,2764.5022809505463
train,17,154.0,8.0,0.22875946760177612,0.7555261850357056,2781.2841987609863
train,17,155.0,8.0,0.19210922718048096,0.7149516344070435,2798.5673508644104
train,17,156.0,8.0,0.29609209299087524,0.7501240372657776,2816.2877798080444
val,17,,,0.2611147094517946,0.683502359688282,3027.1949796676636
train,18,0.0,8.0,0.10966726392507553,0.7681355476379395,25.017966747283936
train,18,1.0,8.0,0.2380644977092743,0.7296116948127747,43.264394998550415
train,18,2.0,8.0,0.19024567306041718,0.8632959127426147,60.79951190948486
train,18,3.0,8.0,0.18115933239459991,0.72480309009552,79.90011096000671
train,18,4.0,8.0,0.22768700122833252,0.7842233777046204,99.3197250366211
train,18,5.0,8.0,0.2985230088233948,0.740160346031189,125.52966809272766
train,18,6.0,8.0,0.23527024686336517,0.7374749779701233,144.20749282836914
train,18,7.0,8.0,0.30816593766212463,0.5908374786376953,163.53425002098083
train,18,8.0,8.0,0.11284332722425461,0.7425136566162109,181.53284406661987
train,18,9.0,8.0,0.3435099124908447,0.7651218771934509,199.45715308189392
train,18,10.0,8.0,0.26382991671562195,0.5383835434913635,218.5496859550476
train,18,11.0,8.0,0.23546619713306427,0.5986639857292175,237.3024079799652
train,18,12.0,8.0,0.21246545016765594,0.6383386254310608,254.14885783195496
train,18,13.0,8.0,0.26012158393859863,0.6733494400978088,270.7000529766083
train,18,14.0,8.0,0.12549494206905365,0.6843376159667969,288.2298939228058
train,18,15.0,8.0,0.271389365196228,0.810617208480835,305.30554604530334
train,18,16.0,8.0,0.21493178606033325,0.8056039214134216,322.4511637687683
train,18,17.0,8.0,0.25992828607559204,0.8246230483055115,340.76897501945496
train,18,18.0,8.0,0.24032853543758392,0.7508127689361572,357.27728295326233
train,18,19.0,8.0,0.23100468516349792,0.7540602087974548,374.75652503967285
train,18,20.0,8.0,0.1412852257490158,0.8228399753570557,393.2574338912964
train,18,21.0,8.0,0.2751893699169159,0.8117309212684631,412.06332182884216
train,18,22.0,8.0,0.2596878111362457,0.6619259715080261,431.7345321178436
train,18,23.0,8.0,0.17341932654380798,0.7319470643997192,452.2899408340454
train,18,24.0,8.0,0.16786588728427887,0.9022175669670105,470.82342290878296
train,18,25.0,8.0,0.2653188109397888,0.5777994394302368,489.21727991104126
train,18,26.0,8.0,0.15437543392181396,0.786780834197998,506.5806419849396
train,18,27.0,8.0,0.15553121268749237,0.6440432667732239,525.8177537918091
train,18,28.0,8.0,0.26811251044273376,0.7847632765769958,544.3126018047333
train,18,29.0,8.0,0.29772207140922546,0.7234172224998474,562.5507950782776
train,18,30.0,8.0,0.2598750591278076,0.6668047904968262,580.3435289859772
train,18,31.0,8.0,0.20315000414848328,0.5180076360702515,598.8708279132843
train,18,32.0,8.0,0.19886314868927002,0.6697186231613159,616.577516078949
train,18,33.0,8.0,0.2939206063747406,0.7457392811775208,633.559788942337
train,18,34.0,8.0,0.25396353006362915,0.6882320046424866,650.6905279159546
train,18,35.0,8.0,0.2443786859512329,0.7511643767356873,668.1614708900452
train,18,36.0,8.0,0.1918986588716507,0.6988086104393005,687.0664999485016
train,18,37.0,8.0,0.1830672174692154,0.7356650829315186,706.730959892273
train,18,38.0,8.0,0.40083515644073486,0.4144986569881439,725.2474701404572
train,18,39.0,8.0,0.3112141489982605,0.5629594326019287,744.3587357997894
train,18,40.0,8.0,0.1550629585981369,0.6241607069969177,763.1296179294586
train,18,41.0,8.0,0.31022047996520996,0.7272264361381531,781.1373629570007
train,18,42.0,8.0,0.12309770286083221,0.7565876245498657,799.8233799934387
train,18,43.0,8.0,0.23559881746768951,0.49112072587013245,818.6729938983917
train,18,44.0,8.0,0.2730819582939148,0.6289963722229004,835.881808757782
train,18,45.0,8.0,0.24331606924533844,0.7099967002868652,853.4894478321075
train,18,46.0,8.0,0.2984173595905304,0.8812019228935242,872.282329082489
train,18,47.0,8.0,0.19806282222270966,0.6655033826828003,890.098650932312
train,18,48.0,8.0,0.15960274636745453,0.748082160949707,909.6097118854523
train,18,49.0,8.0,0.21962445974349976,0.8024347424507141,928.3472990989685
train,18,50.0,8.0,0.14770552515983582,0.6710231304168701,947.9534828662872
train,18,51.0,8.0,0.20978835225105286,0.6958211660385132,965.6205759048462
train,18,52.0,8.0,0.21275804936885834,0.8071548342704773,983.7518589496613
train,18,53.0,8.0,0.2493571639060974,0.5138180255889893,1002.3234648704529
train,18,54.0,8.0,0.25745049118995667,0.6709699034690857,1021.4777657985687
train,18,55.0,8.0,0.39668330550193787,0.5360517501831055,1039.5506858825684
train,18,56.0,8.0,0.1754266619682312,0.7403811812400818,1058.717465877533
train,18,57.0,8.0,0.258586585521698,0.7068009376525879,1077.6540968418121
train,18,58.0,8.0,0.3212023079395294,0.7043137550354004,1097.443489074707
train,18,59.0,8.0,0.17978578805923462,0.6024176478385925,1116.3393967151642
train,18,60.0,8.0,0.2500431537628174,0.7066190838813782,1134.4279448986053
train,18,61.0,8.0,0.29185935854911804,0.7561783790588379,1156.0818009376526
train,18,62.0,8.0,0.25451382994651794,0.6952840685844421,1174.9399199485779
train,18,63.0,8.0,0.27695414423942566,0.5563737154006958,1193.0278379917145
train,18,64.0,8.0,0.23166216909885406,0.6233400702476501,1211.607579946518
train,18,65.0,8.0,0.2626710534095764,0.6857110857963562,1230.0133488178253
train,18,66.0,8.0,0.2524452805519104,0.552290678024292,1248.166584968567
train,18,67.0,8.0,0.2131498008966446,0.503982424736023,1267.204952955246
train,18,68.0,8.0,0.20140628516674042,0.662745475769043,1285.6570718288422
train,18,69.0,8.0,0.14286960661411285,0.8302088975906372,1303.5187788009644
train,18,70.0,8.0,0.25487926602363586,0.8493413925170898,1324.2101068496704
train,18,71.0,8.0,0.15412212908267975,0.8275527954101562,1345.5818660259247
train,18,72.0,8.0,0.3051709234714508,0.7691317200660706,1365.9226288795471
train,18,73.0,8.0,0.23312292993068695,0.7381808757781982,1383.9131059646606
train,18,74.0,8.0,0.37848642468452454,0.6186230778694153,1401.8510448932648
train,18,75.0,8.0,0.18503648042678833,0.5712829232215881,1420.2922937870026
train,18,76.0,8.0,0.18280412256717682,0.701228141784668,1438.030091047287
train,18,77.0,8.0,0.3221074342727661,0.7046902179718018,1455.2108399868011
train,18,78.0,8.0,0.1493234932422638,0.7922953367233276,1473.2988510131836
train,18,79.0,8.0,0.3408207595348358,0.6684887409210205,1490.9659178256989
train,18,80.0,8.0,0.1703271120786667,0.7502864003181458,1509.2310128211975
train,18,81.0,8.0,0.23117110133171082,0.781402051448822,1526.1277709007263
train,18,82.0,8.0,0.16537721455097198,0.6037299633026123,1543.8064179420471
train,18,83.0,8.0,0.3606775104999542,0.6453895568847656,1563.3306059837341
train,18,84.0,8.0,0.208412304520607,0.6567514538764954,1581.3932840824127
train,18,85.0,8.0,0.1934446394443512,0.6788936257362366,1598.7464439868927
train,18,86.0,8.0,0.3024548590183258,0.5743193626403809,1616.824324131012
train,18,87.0,8.0,0.30331408977508545,0.7110933661460876,1635.4367921352386
train,18,88.0,8.0,0.2632649540901184,0.6550571918487549,1655.5552089214325
train,18,89.0,8.0,0.21264541149139404,0.6403555274009705,1673.8464467525482
train,18,90.0,8.0,0.2811790704727173,0.705794095993042,1693.5002119541168
train,18,91.0,8.0,0.2511765658855438,0.5930064916610718,1712.4389488697052
train,18,92.0,8.0,0.17025859653949738,0.746475100517273,1731.239471912384
train,18,93.0,8.0,0.267921507358551,0.806451141834259,1749.6556839942932
train,18,94.0,8.0,0.24256670475006104,0.7312009334564209,1769.087063074112
train,18,95.0,8.0,0.18581323325634003,0.545509397983551,1789.6514019966125
train,18,96.0,8.0,0.2930070757865906,0.6328708529472351,1810.2881059646606
train,18,97.0,8.0,0.17625641822814941,0.710709810256958,1829.6022639274597
train,18,98.0,8.0,0.2694469094276428,0.5153029561042786,1847.2330088615417
train,18,99.0,8.0,0.39444538950920105,0.5668079257011414,1864.7881798744202
train,18,100.0,8.0,0.154915913939476,0.6561821103096008,1882.5382668972015
train,18,101.0,8.0,0.28303608298301697,0.4870135188102722,1901.3024549484253
train,18,102.0,8.0,0.2519380748271942,0.7418258786201477,1921.77161693573
train,18,103.0,8.0,0.16282612085342407,0.7771334648132324,1940.3249337673187
train,18,104.0,8.0,0.2555955648422241,0.7316979765892029,1959.039321899414
train,18,105.0,8.0,0.17935773730278015,0.7309783697128296,1978.726676940918
train,18,106.0,8.0,0.2613812983036041,0.6654074788093567,2002.2265977859497
train,18,107.0,8.0,0.27554506063461304,0.6317571997642517,2022.2598609924316
train,18,108.0,8.0,0.3456950783729553,0.6314652562141418,2040.526454925537
train,18,109.0,8.0,0.32254838943481445,0.8125914335250854,2057.5437989234924
train,18,110.0,8.0,0.3740425407886505,0.4518006145954132,2074.6434409618378
train,18,111.0,8.0,0.2976827919483185,0.7526219487190247,2092.6326608657837
train,18,112.0,8.0,0.23603343963623047,0.9052600860595703,2109.0983390808105
train,18,113.0,8.0,0.10460242629051208,0.779762327671051,2126.7343080043793
train,18,114.0,8.0,0.30051660537719727,0.7340724468231201,2146.7810049057007
train,18,115.0,8.0,0.240676611661911,0.7189822196960449,2165.532206058502
train,18,116.0,8.0,0.27147147059440613,0.6932418346405029,2183.605411052704
train,18,117.0,8.0,0.1960442215204239,0.8326628804206848,2203.5752041339874
train,18,118.0,8.0,0.2882668972015381,0.4821673333644867,2222.355833053589
train,18,119.0,8.0,0.24673916399478912,0.7373443841934204,2239.5454330444336
train,18,120.0,8.0,0.12636494636535645,0.8821302652359009,2257.919793844223
train,18,121.0,8.0,0.2385495901107788,0.9151304960250854,2275.5092148780823
train,18,122.0,8.0,0.298648864030838,0.7325846552848816,2293.4281520843506
train,18,123.0,8.0,0.36911308765411377,0.6159940958023071,2311.3608520030975
train,18,124.0,8.0,0.2840988337993622,0.6355080604553223,2328.563868999481
train,18,125.0,8.0,0.17116032540798187,0.7437041997909546,2346.5544908046722
train,18,126.0,8.0,0.24646660685539246,0.8729732036590576,2363.7621829509735
train,18,127.0,8.0,0.33796754479408264,0.5033240914344788,2381.0440039634705
train,18,128.0,8.0,0.2377563714981079,0.7499985694885254,2397.999881029129
train,18,129.0,8.0,0.26632070541381836,0.8228983879089355,2416.6141109466553
train,18,130.0,8.0,0.21123801171779633,0.6375207304954529,2434.636095046997
train,18,131.0,8.0,0.2233460247516632,0.7631153464317322,2452.6265337467194
train,18,132.0,8.0,0.26141467690467834,0.6725592017173767,2470.1080169677734
train,18,133.0,8.0,0.3039865791797638,0.5793108344078064,2486.827087163925
train,18,134.0,8.0,0.19178874790668488,0.7245064973831177,2503.8590688705444
train,18,135.0,8.0,0.17759940028190613,0.7080665826797485,2522.472249031067
train,18,136.0,8.0,0.30045264959335327,0.738445520401001,2540.526500940323
train,18,137.0,8.0,0.24047735333442688,0.8948060870170593,2557.721267938614
train,18,138.0,8.0,0.1326039433479309,0.7061546444892883,2576.284819841385
train,18,139.0,8.0,0.1725851595401764,0.7576754689216614,2595.0523357391357
train,18,140.0,8.0,0.2858206629753113,0.797606348991394,2613.0061988830566
train,18,141.0,8.0,0.25008127093315125,0.4304077923297882,2631.14573097229
train,18,142.0,8.0,0.2676439583301544,0.5939388275146484,2648.402266740799
train,18,143.0,8.0,0.21163536608219147,0.6617185473442078,2667.1880440711975
train,18,144.0,8.0,0.19708117842674255,0.7304352521896362,2684.7630400657654
train,18,145.0,8.0,0.26811742782592773,0.531722903251648,2702.605460882187
train,18,146.0,8.0,0.28188207745552063,0.6246683597564697,2719.1298208236694
train,18,147.0,8.0,0.1285308450460434,0.6966962218284607,2736.1873548030853
train,18,148.0,8.0,0.17342454195022583,0.7294203639030457,2753.5047719478607
train,18,149.0,8.0,0.26499390602111816,0.5595868825912476,2770.6780290603638
train,18,150.0,8.0,0.23918871581554413,0.7206518650054932,2787.048612833023
train,18,151.0,8.0,0.3457496166229248,0.49698495864868164,2804.2797949314117
train,18,152.0,8.0,0.24094583094120026,0.7181472778320312,2822.6403589248657
train,18,153.0,8.0,0.18710631132125854,0.7034657001495361,2839.39058303833
train,18,154.0,8.0,0.2096201628446579,0.7948372960090637,2856.1000418663025
train,18,155.0,8.0,0.3681490421295166,0.7232749462127686,2873.37442779541
train,18,156.0,8.0,0.2661190330982208,0.6585158705711365,2890.2932028770447
val,18,,,0.2629336748272181,0.6631926022469997,3092.6055500507355
train,19,0.0,8.0,0.2002614587545395,0.8313006162643433,20.992030143737793
train,19,1.0,8.0,0.257109135389328,0.7070748805999756,38.55568194389343
train,19,2.0,8.0,0.1732858419418335,0.907634437084198,56.761752128601074
train,19,3.0,8.0,0.22620464861392975,0.7855477929115295,74.33246517181396
train,19,4.0,8.0,0.36020392179489136,0.735023021697998,91.57210803031921
train,19,5.0,8.0,0.2229449301958084,0.6085746884346008,108.97102403640747
train,19,6.0,8.0,0.2735839784145355,0.6659220457077026,126.98515915870667
train,19,7.0,8.0,0.18660709261894226,0.6931320428848267,144.5888020992279
train,19,8.0,8.0,0.23544985055923462,0.5841264724731445,161.479266166687
train,19,9.0,8.0,0.22241905331611633,0.6287801861763,178.33465003967285
train,19,10.0,8.0,0.2537713646888733,0.8336395025253296,195.07086205482483
train,19,11.0,8.0,0.27008143067359924,0.5147119760513306,211.77619194984436
train,19,12.0,8.0,0.28760650753974915,0.9156492948532104,228.7790162563324
train,19,13.0,8.0,0.1521400362253189,0.807228147983551,245.0922338962555
train,19,14.0,8.0,0.1926184594631195,0.6877771019935608,262.1508951187134
train,19,15.0,8.0,0.28114253282546997,0.6583638191223145,279.4963960647583
train,19,16.0,8.0,0.12234271317720413,0.8703564405441284,295.9277591705322
train,19,17.0,8.0,0.16445578634738922,0.7550197243690491,312.67672395706177
train,19,18.0,8.0,0.214362233877182,0.7929649353027344,330.73413014411926
train,19,19.0,8.0,0.3254384994506836,0.6761415600776672,347.88552808761597
train,19,20.0,8.0,0.27216917276382446,0.6404052376747131,364.8678820133209
train,19,21.0,8.0,0.21916866302490234,0.6427509188652039,382.422709941864
train,19,22.0,8.0,0.14005012810230255,0.6741101741790771,400.05068802833557
train,19,23.0,8.0,0.27514034509658813,0.6341964602470398,416.902911901474
train,19,24.0,8.0,0.2495635598897934,0.8541193008422852,434.05711007118225
train,19,25.0,8.0,0.2655482590198517,0.7075700759887695,450.59912395477295
train,19,26.0,8.0,0.1368025243282318,0.8264484405517578,467.4568030834198
train,19,27.0,8.0,0.16879680752754211,0.7499555349349976,485.1926820278168
train,19,28.0,8.0,0.2189067155122757,0.6237212419509888,502.4690799713135
train,19,29.0,8.0,0.18992483615875244,0.5482960343360901,519.4997758865356
train,19,30.0,8.0,0.274367094039917,0.6305642127990723,536.3051590919495
train,19,31.0,8.0,0.2204175889492035,0.7749191522598267,552.6579701900482
train,19,32.0,8.0,0.23558324575424194,0.7347282767295837,569.65864610672
train,19,33.0,8.0,0.2738436460494995,0.8062658309936523,586.1996159553528
train,19,34.0,8.0,0.25914397835731506,0.6806343793869019,602.9261691570282
train,19,35.0,8.0,0.21336860954761505,0.6430853605270386,620.3425462245941
train,19,36.0,8.0,0.2067859172821045,0.8054355382919312,637.602518081665
train,19,37.0,8.0,0.18408995866775513,0.8929136395454407,654.8332901000977
train,19,38.0,8.0,0.2717040181159973,0.8110356330871582,672.1448602676392
train,19,39.0,8.0,0.11015094071626663,0.9033112525939941,690.0906879901886
train,19,40.0,8.0,0.1710456758737564,0.7540245056152344,707.0951569080353
train,19,41.0,8.0,0.11796096712350845,0.7175312042236328,724.8634140491486
train,19,42.0,8.0,0.18152324855327606,0.7325782775878906,742.1833620071411
train,19,43.0,8.0,0.1853993684053421,0.7089587450027466,758.7059938907623
train,19,44.0,8.0,0.20503279566764832,0.5247087478637695,776.0213859081268
train,19,45.0,8.0,0.20117968320846558,0.5299757122993469,792.680948972702
train,19,46.0,8.0,0.17554187774658203,0.737775981426239,809.7561552524567
train,19,47.0,8.0,0.2646125853061676,0.7016254663467407,826.2725722789764
train,19,48.0,8.0,0.11492519080638885,0.7360744476318359,845.3949649333954
train,19,49.0,8.0,0.32936471700668335,0.8376495242118835,863.2142431735992
train,19,50.0,8.0,0.24149280786514282,0.7225353717803955,880.4456942081451
train,19,51.0,8.0,0.3373667597770691,0.6985053420066833,897.8727972507477
train,19,52.0,8.0,0.14789971709251404,0.6498994827270508,915.4393839836121
train,19,53.0,8.0,0.27824848890304565,0.6383510231971741,932.8978779315948
train,19,54.0,8.0,0.2903594672679901,0.7393977046012878,950.0582482814789
train,19,55.0,8.0,0.2445407658815384,0.7460600137710571,966.849011182785
train,19,56.0,8.0,0.15507890284061432,0.798760175704956,984.0437521934509
train,19,57.0,8.0,0.2240130603313446,0.6251142621040344,1001.1456942558289
train,19,58.0,8.0,0.19989435374736786,0.6614401936531067,1018.3298060894012
train,19,59.0,8.0,0.21656791865825653,0.6336797475814819,1035.972139120102
train,19,60.0,8.0,0.2699200212955475,0.5205854177474976,1053.0186722278595
train,19,61.0,8.0,0.33504754304885864,0.7874739170074463,1069.5072062015533
train,19,62.0,8.0,0.23222947120666504,0.592796266078949,1086.759066104889
train,19,63.0,8.0,0.23955215513706207,0.719156801700592,1104.2627711296082
train,19,64.0,8.0,0.26274558901786804,0.6924955248832703,1122.0452568531036
train,19,65.0,8.0,0.28478556871414185,0.6074824929237366,1139.415325164795
train,19,66.0,8.0,0.2490069568157196,0.8539968729019165,1156.4163839817047
train,19,67.0,8.0,0.18069776892662048,0.7226920127868652,1172.940936088562
train,19,68.0,8.0,0.3580330014228821,0.7692402005195618,1189.5863962173462
train,19,69.0,8.0,0.26799044013023376,0.6478775143623352,1206.1821911334991
train,19,70.0,8.0,0.32718023657798767,0.6876258254051208,1223.9690420627594
train,19,71.0,8.0,0.23808421194553375,0.5732793211936951,1241.7993590831757
train,19,72.0,8.0,0.2979927659034729,0.8774220943450928,1259.0742819309235
train,19,73.0,8.0,0.2976268529891968,0.7342877984046936,1277.0092270374298
train,19,74.0,8.0,0.26006659865379333,0.8237942457199097,1294.7213549613953
train,19,75.0,8.0,0.13208483159542084,0.6957759261131287,1312.2850050926208
train,19,76.0,8.0,0.28965121507644653,0.661599338054657,1331.0142381191254
train,19,77.0,8.0,0.19535022974014282,0.690746545791626,1348.0108091831207
train,19,78.0,8.0,0.2971705198287964,0.5899734497070312,1365.259164094925
train,19,79.0,8.0,0.2320176213979721,0.5812145471572876,1382.151034116745
train,19,80.0,8.0,0.2553611993789673,0.7079708576202393,1399.3693029880524
train,19,81.0,8.0,0.299198180437088,0.7571742534637451,1416.095631122589
train,19,82.0,8.0,0.3061693608760834,0.8831731677055359,1433.0904831886292
train,19,83.0,8.0,0.28005698323249817,0.6255877614021301,1450.9129750728607
train,19,84.0,8.0,0.31125712394714355,0.571760892868042,1468.556446313858
train,19,85.0,8.0,0.31456929445266724,0.838581383228302,1485.6904230117798
train,19,86.0,8.0,0.22086866199970245,0.6389594078063965,1502.2719810009003
train,19,87.0,8.0,0.2804514765739441,0.649679958820343,1519.529282093048
train,19,88.0,8.0,0.2591961920261383,0.6797818541526794,1537.3470101356506
train,19,89.0,8.0,0.23386137187480927,0.6307467222213745,1555.0924561023712
train,19,90.0,8.0,0.23283222317695618,0.7230316400527954,1572.0968210697174
train,19,91.0,8.0,0.3099050521850586,0.8616746068000793,1589.3855800628662
train,19,92.0,8.0,0.1630246341228485,0.7543072700500488,1606.2769241333008
train,19,93.0,8.0,0.19389373064041138,0.5563086271286011,1623.8989870548248
train,19,94.0,8.0,0.22536228597164154,0.6006607413291931,1640.985766172409
train,19,95.0,8.0,0.2917628288269043,0.7394810914993286,1658.4102251529694
train,19,96.0,8.0,0.3355487883090973,0.6694312691688538,1676.5335230827332
train,19,97.0,8.0,0.1953428089618683,0.827602744102478,1694.6112859249115
train,19,98.0,8.0,0.24247874319553375,0.7467567920684814,1711.9064519405365
train,19,99.0,8.0,0.14181163907051086,0.8243982195854187,1729.1124773025513
train,19,100.0,8.0,0.23283612728118896,0.7353463768959045,1745.6781733036041
train,19,101.0,8.0,0.17566701769828796,0.7407895922660828,1762.650864124298
train,19,102.0,8.0,0.2681969404220581,0.667575478553772,1779.7112109661102
train,19,103.0,8.0,0.28184789419174194,0.7572289705276489,1796.2618999481201
train,19,104.0,8.0,0.23036544024944305,0.7567230463027954,1813.0454211235046
train,19,105.0,8.0,0.3829718232154846,0.718822181224823,1830.951250076294
train,19,106.0,8.0,0.20270729064941406,0.6755245923995972,1848.54590010643
train,19,107.0,8.0,0.20760577917099,0.8044219613075256,1868.0658020973206
train,19,108.0,8.0,0.1927088350057602,0.6746485829353333,1887.737802028656
train,19,109.0,8.0,0.1561906933784485,0.7945859432220459,1905.5547261238098
train,19,110.0,8.0,0.17343319952487946,0.578362762928009,1924.987564086914
train,19,111.0,8.0,0.27080804109573364,0.8024806976318359,1943.0053741931915
train,19,112.0,8.0,0.28155970573425293,0.6122247576713562,1960.4863500595093
train,19,113.0,8.0,0.1258646547794342,0.7192282676696777,1977.5062730312347
train,19,114.0,8.0,0.28456592559814453,0.7676774859428406,1994.2417171001434
train,19,115.0,8.0,0.28943976759910583,0.7545479536056519,2011.5197312831879
train,19,116.0,8.0,0.20881387591362,0.734672486782074,2028.7202970981598
train,19,117.0,8.0,0.23805654048919678,0.896073579788208,2045.9285769462585
train,19,118.0,8.0,0.27725034952163696,0.6338675618171692,2062.9164259433746
train,19,119.0,8.0,0.25085464119911194,0.747129499912262,2079.449343919754
train,19,120.0,8.0,0.3540225923061371,0.8968215584754944,2097.3866901397705
train,19,121.0,8.0,0.12062018364667892,0.8930318355560303,2114.993157148361
train,19,122.0,8.0,0.1843135803937912,0.8532342910766602,2132.513934135437
train,19,123.0,8.0,0.1461888551712036,0.8344081044197083,2150.473114013672
train,19,124.0,8.0,0.24396581947803497,0.7183724045753479,2168.0785450935364
train,19,125.0,8.0,0.21853011846542358,0.637871503829956,2185.747845172882
train,19,126.0,8.0,0.15046831965446472,0.6224346160888672,2203.494276046753
train,19,127.0,8.0,0.20248699188232422,0.8304625749588013,2221.497371196747
train,19,128.0,8.0,0.26617541909217834,0.6664018034934998,2239.2258002758026
train,19,129.0,8.0,0.23339521884918213,0.6080312132835388,2257.9130210876465
train,19,130.0,8.0,0.16484935581684113,0.7612066864967346,2275.6096119880676
train,19,131.0,8.0,0.2623421549797058,0.8227143883705139,2292.385931968689
train,19,132.0,8.0,0.3557387888431549,0.24006450176239014,2309.0280890464783
train,19,133.0,8.0,0.31053197383880615,0.7383600473403931,2325.5011451244354
train,19,134.0,8.0,0.17262312769889832,0.7291501760482788,2342.065353870392
train,19,135.0,8.0,0.25350087881088257,0.5933220982551575,2359.1441991329193
train,19,136.0,8.0,0.18391282856464386,0.7209760546684265,2375.591142177582
train,19,137.0,8.0,0.21586421132087708,0.6380347609519958,2392.202826976776
train,19,138.0,8.0,0.3599645495414734,0.5942826271057129,2409.087025165558
train,19,139.0,8.0,0.14622899889945984,0.6661654710769653,2427.0995121002197
train,19,140.0,8.0,0.2718060314655304,0.640288233757019,2444.0320591926575
train,19,141.0,8.0,0.20422956347465515,0.5490283966064453,2461.2912690639496
train,19,142.0,8.0,0.23366348445415497,0.8998885750770569,2479.6107230186462
train,19,143.0,8.0,0.19744405150413513,0.6612650156021118,2496.6510100364685
train,19,144.0,8.0,0.2558862268924713,0.6906538009643555,2513.528862953186
train,19,145.0,8.0,0.23121170699596405,0.7280817031860352,2530.9023180007935
train,19,146.0,8.0,0.24234025180339813,0.7347224950790405,2548.14483499527
train,19,147.0,8.0,0.18931087851524353,0.689555823802948,2564.8106610774994
train,19,148.0,8.0,0.3148551881313324,0.7535383105278015,2582.370677947998
train,19,149.0,8.0,0.27064767479896545,0.7936016917228699,2599.8950321674347
train,19,150.0,8.0,0.13788238167762756,0.8250115513801575,2616.132477283478
train,19,151.0,8.0,0.34983864426612854,0.6447147130966187,2632.673595190048
train,19,152.0,8.0,0.22663269937038422,0.769012451171875,2649.1917521953583
train,19,153.0,8.0,0.31677454710006714,0.5969184637069702,2666.0935668945312
train,19,154.0,8.0,0.13865208625793457,0.6525896787643433,2682.3599650859833
train,19,155.0,8.0,0.25469520688056946,0.7008458375930786,2700.116774082184
train,19,156.0,8.0,0.23976027965545654,0.4461955428123474,2716.793431043625
val,19,,,0.26309864372015,0.6616296887397766,2919.0575590133667
train,20,0.0,8.0,0.21165768802165985,0.6608543992042542,20.42434597015381
train,20,1.0,8.0,0.2585594654083252,0.6634252071380615,37.62220311164856
train,20,2.0,8.0,0.28375741839408875,0.7471266984939575,55.584096908569336
train,20,3.0,8.0,0.16039925813674927,0.6268910765647888,72.19744300842285
train,20,4.0,8.0,0.1904621720314026,0.7201075553894043,89.66163897514343
train,20,5.0,8.0,0.25847557187080383,0.6917552947998047,106.97170615196228
train,20,6.0,8.0,0.32293713092803955,0.6739541888237,124.59970879554749
train,20,7.0,8.0,0.21941709518432617,0.6174530982971191,142.21623611450195
train,20,8.0,8.0,0.18500493466854095,0.7104878425598145,159.6313910484314
train,20,9.0,8.0,0.27677246928215027,0.629572331905365,179.08165192604065
train,20,10.0,8.0,0.1938420832157135,0.8424292802810669,198.31401586532593
train,20,11.0,8.0,0.32779690623283386,0.7091817259788513,218.50379991531372
train,20,12.0,8.0,0.2926492989063263,0.6219238638877869,238.30927300453186
train,20,13.0,8.0,0.1977905035018921,0.6715224385261536,255.9787130355835
train,20,14.0,8.0,0.20297984778881073,0.7988862991333008,273.8389639854431
train,20,15.0,8.0,0.3128983676433563,0.7043128609657288,291.60181307792664
train,20,16.0,8.0,0.24772752821445465,0.7075663805007935,314.1320118904114
train,20,17.0,8.0,0.10009521245956421,0.7801152467727661,332.84833693504333
train,20,18.0,8.0,0.26233237981796265,0.6869959235191345,350.58145689964294
train,20,19.0,8.0,0.16869808733463287,0.7438806891441345,367.6670231819153
train,20,20.0,8.0,0.3049061596393585,0.7262241840362549,385.4044439792633
train,20,21.0,8.0,0.13565519452095032,0.6774388551712036,402.6088819503784
train,20,22.0,8.0,0.24928614497184753,0.6095981001853943,419.8052170276642
train,20,23.0,8.0,0.2790510654449463,0.6230723857879639,437.21129298210144
train,20,24.0,8.0,0.19450287520885468,0.6971482634544373,453.7287368774414
train,20,25.0,8.0,0.1763986349105835,0.6026036739349365,471.75359416007996
train,20,26.0,8.0,0.4080587327480316,0.2739819586277008,488.5841028690338
train,20,27.0,8.0,0.16833321750164032,0.7497357726097107,506.6813509464264
train,20,28.0,8.0,0.20502330362796783,0.665149450302124,523.5001330375671
train,20,29.0,8.0,0.230809286236763,0.8934171199798584,539.8052978515625
train,20,30.0,8.0,0.24061763286590576,0.7373205423355103,557.1410059928894
train,20,31.0,8.0,0.2421792894601822,0.7181665301322937,573.0858118534088
train,20,32.0,8.0,0.24156959354877472,0.8772546648979187,589.5912189483643
train,20,33.0,8.0,0.17206016182899475,0.7505348324775696,606.5359239578247
train,20,34.0,8.0,0.3306981325149536,0.6789141297340393,623.0808320045471
train,20,35.0,8.0,0.14623551070690155,0.6599334478378296,639.8103148937225
train,20,36.0,8.0,0.15531612932682037,0.7712156176567078,656.647323846817
train,20,37.0,8.0,0.29404905438423157,0.8938469290733337,673.2306249141693
train,20,38.0,8.0,0.22874824702739716,0.7450912594795227,690.5721569061279
train,20,39.0,8.0,0.2680525481700897,0.8049823045730591,708.6571500301361
train,20,40.0,8.0,0.2839972972869873,0.48011815547943115,725.5769469738007
train,20,41.0,8.0,0.17899549007415771,0.8915677666664124,742.2500238418579
train,20,42.0,8.0,0.28138160705566406,0.7703056931495667,759.4537510871887
train,20,43.0,8.0,0.21607986092567444,0.7877346873283386,776.4682140350342
train,20,44.0,8.0,0.18150170147418976,0.7374071478843689,793.3696808815002
train,20,45.0,8.0,0.31207388639450073,0.8474742770195007,811.9212000370026
train,20,46.0,8.0,0.19797001779079437,0.5324390530586243,832.2426660060883
train,20,47.0,8.0,0.2326616495847702,0.4525560140609741,851.3488709926605
train,20,48.0,8.0,0.24495579302310944,0.7023106813430786,870.7077679634094
train,20,49.0,8.0,0.1916409730911255,0.6887803673744202,890.034364938736
train,20,50.0,8.0,0.16665403544902802,0.7496042251586914,907.5956220626831
train,20,51.0,8.0,0.18073955178260803,0.5830094814300537,924.3881049156189
train,20,52.0,8.0,0.290242999792099,0.8903968930244446,941.226833820343
train,20,53.0,8.0,0.20608402788639069,0.647609293460846,957.7753558158875
train,20,54.0,8.0,0.28927192091941833,0.6441845893859863,975.1237108707428
train,20,55.0,8.0,0.2705020308494568,0.8414750695228577,991.9693529605865
train,20,56.0,8.0,0.30549293756484985,0.8676156997680664,1008.3701450824738
train,20,57.0,8.0,0.3194262385368347,0.8140989542007446,1024.726224899292
train,20,58.0,8.0,0.189783975481987,0.6823810935020447,1041.0097558498383
train,20,59.0,8.0,0.344801127910614,0.6302735805511475,1057.9079930782318
train,20,60.0,8.0,0.25224921107292175,0.7177344560623169,1075.0132038593292
train,20,61.0,8.0,0.23385800421237946,0.7360416650772095,1091.8357939720154
train,20,62.0,8.0,0.1920766979455948,0.8424324989318848,1108.7594060897827
train,20,63.0,8.0,0.32500195503234863,0.8604194521903992,1125.1429281234741
train,20,64.0,8.0,0.2867949604988098,0.6682490706443787,1142.009032011032
train,20,65.0,8.0,0.2590581476688385,0.842979907989502,1158.9096050262451
train,20,66.0,8.0,0.20425854623317719,0.515308678150177,1175.5241680145264
train,20,67.0,8.0,0.21564434468746185,0.7896572947502136,1192.0852007865906
train,20,68.0,8.0,0.14324022829532623,0.669707179069519,1207.930176973343
train,20,69.0,8.0,0.18785467743873596,0.6968328952789307,1224.6962921619415
train,20,70.0,8.0,0.31657877564430237,0.8252907395362854,1240.5388209819794
train,20,71.0,8.0,0.3186556398868561,0.7059845328330994,1256.9954481124878
train,20,72.0,8.0,0.4503222405910492,0.46313241124153137,1273.1598498821259
train,20,73.0,8.0,0.23659493029117584,0.7238391637802124,1289.932471036911
train,20,74.0,8.0,0.17646686732769012,0.8926885724067688,1306.734946012497
train,20,75.0,8.0,0.1305645853281021,0.8636640906333923,1323.491870880127
train,20,76.0,8.0,0.3169655501842499,0.5516229867935181,1339.5679638385773
train,20,77.0,8.0,0.18522775173187256,0.7254294157028198,1356.1188740730286
train,20,78.0,8.0,0.2710254490375519,0.6406096816062927,1374.8696529865265
train,20,79.0,8.0,0.17335447669029236,0.7360698580741882,1392.7923069000244
train,20,80.0,8.0,0.2518586814403534,0.8321666717529297,1410.0554308891296
train,20,81.0,8.0,0.26261427998542786,0.8319656252861023,1427.4882218837738
train,20,82.0,8.0,0.22750717401504517,0.6332197785377502,1443.9795110225677
train,20,83.0,8.0,0.36768046021461487,0.7147236466407776,1460.1174829006195
train,20,84.0,8.0,0.3008783459663391,0.4965876042842865,1476.4127049446106
train,20,85.0,8.0,0.24568255245685577,0.8574213981628418,1492.9723341464996
train,20,86.0,8.0,0.17882375419139862,0.7338504791259766,1509.8526141643524
train,20,87.0,8.0,0.1933058500289917,0.8552327752113342,1525.9856960773468
train,20,88.0,8.0,0.20945334434509277,0.8182571530342102,1543.106626033783
train,20,89.0,8.0,0.24677833914756775,0.7153153419494629,1561.9892621040344
train,20,90.0,8.0,0.23216551542282104,0.7826825976371765,1579.0478210449219
train,20,91.0,8.0,0.3324126899242401,0.6680507063865662,1596.2171840667725
train,20,92.0,8.0,0.22298754751682281,0.7658844590187073,1613.8916249275208
train,20,93.0,8.0,0.14327648282051086,0.6369225978851318,1630.6894037723541
train,20,94.0,8.0,0.20499713718891144,0.6845688223838806,1647.4232330322266
train,20,95.0,8.0,0.333082914352417,0.8126918077468872,1665.016667842865
train,20,96.0,8.0,0.20694683492183685,0.8062132000923157,1682.5232310295105
train,20,97.0,8.0,0.28518304228782654,0.613638162612915,1700.1786699295044
train,20,98.0,8.0,0.2603928744792938,0.8154647350311279,1717.20214509964
train,20,99.0,8.0,0.20795641839504242,0.8079050779342651,1734.1858460903168
train,20,100.0,8.0,0.25138601660728455,0.5592342615127563,1752.4751501083374
train,20,101.0,8.0,0.1738031953573227,0.7276114225387573,1769.5927531719208
train,20,102.0,8.0,0.1639682650566101,0.6139056086540222,1787.0211639404297
train,20,103.0,8.0,0.1696019321680069,0.7825825810432434,1805.0511128902435
train,20,104.0,8.0,0.3540796935558319,0.5208756327629089,1822.112242937088
train,20,105.0,8.0,0.18698322772979736,0.8618719577789307,1839.230169057846
train,20,106.0,8.0,0.20737798511981964,0.6774507164955139,1856.3364100456238
train,20,107.0,8.0,0.2808125615119934,0.6356728076934814,1873.5416300296783
train,20,108.0,8.0,0.21354401111602783,0.6314330101013184,1891.4001259803772
train,20,109.0,8.0,0.1843949407339096,0.5567082762718201,1908.9171829223633
train,20,110.0,8.0,0.1546775847673416,0.6361186504364014,1926.054417848587
train,20,111.0,8.0,0.3646361529827118,0.727535605430603,1943.317254781723
train,20,112.0,8.0,0.21103647351264954,0.6893325448036194,1960.2647969722748
train,20,113.0,8.0,0.26091697812080383,0.6778128743171692,1977.8225569725037
train,20,114.0,8.0,0.24909286201000214,0.6941360235214233,1996.486732006073
train,20,115.0,8.0,0.26909342408180237,0.5131891369819641,2013.424763917923
train,20,116.0,8.0,0.1930052489042282,0.6975147724151611,2030.4457731246948
train,20,117.0,8.0,0.23866119980812073,0.9013486504554749,2047.6024570465088
train,20,118.0,8.0,0.1504887491464615,0.8006324172019958,2064.4907808303833
train,20,119.0,8.0,0.24340081214904785,0.7031704187393188,2081.183874130249
train,20,120.0,8.0,0.27324381470680237,0.6358054280281067,2098.0979850292206
train,20,121.0,8.0,0.17885732650756836,0.6219528913497925,2114.7044961452484
train,20,122.0,8.0,0.21964207291603088,0.6179957389831543,2131.976262807846
train,20,123.0,8.0,0.18150727450847626,0.5648698806762695,2148.2698860168457
train,20,124.0,8.0,0.153621643781662,0.777946949005127,2165.1585988998413
train,20,125.0,8.0,0.21220426261425018,0.794196605682373,2181.5033400058746
train,20,126.0,8.0,0.3342060446739197,0.7953324317932129,2198.1020867824554
train,20,127.0,8.0,0.2675456702709198,0.6398159861564636,2215.2008130550385
train,20,128.0,8.0,0.24716968834400177,0.6888224482536316,2231.9483399391174
train,20,129.0,8.0,0.2533298134803772,0.5480387210845947,2248.317934989929
train,20,130.0,8.0,0.19321465492248535,0.6818767786026001,2265.2589790821075
train,20,131.0,8.0,0.15630435943603516,0.7843629717826843,2281.492390871048
train,20,132.0,8.0,0.2609597444534302,0.6804007291793823,2298.9944620132446
train,20,133.0,8.0,0.38209304213523865,0.7070486545562744,2315.5777039527893
train,20,134.0,8.0,0.3053753077983856,0.8738893270492554,2332.4896750450134
train,20,135.0,8.0,0.09210631251335144,0.7884191274642944,2349.176831007004
train,20,136.0,8.0,0.20266743004322052,0.6717041730880737,2365.422828912735
train,20,137.0,8.0,0.22079402208328247,0.6321107745170593,2382.026293039322
train,20,138.0,8.0,0.22741034626960754,0.7535241842269897,2398.6856620311737
train,20,139.0,8.0,0.19478371739387512,0.8638290762901306,2416.112071990967
train,20,140.0,8.0,0.17007626593112946,0.7369961738586426,2433.1492018699646
train,20,141.0,8.0,0.24484407901763916,0.7073922753334045,2449.4996860027313
train,20,142.0,8.0,0.13755559921264648,0.660412073135376,2466.2673048973083
train,20,143.0,8.0,0.17493179440498352,0.8844030499458313,2483.114030122757
train,20,144.0,8.0,0.24568217992782593,0.7874555587768555,2499.803673028946
train,20,145.0,8.0,0.21367335319519043,0.6804940700531006,2517.677794933319
train,20,146.0,8.0,0.29778435826301575,0.8865790963172913,2534.1824700832367
train,20,147.0,8.0,0.2651529610157013,0.6508302688598633,2550.9806888103485
train,20,148.0,8.0,0.254102885723114,0.8534374237060547,2568.1923928260803
train,20,149.0,8.0,0.234566330909729,0.7680709362030029,2584.7413849830627
train,20,150.0,8.0,0.20394833385944366,0.8084766864776611,2601.2618868350983
train,20,151.0,8.0,0.33530643582344055,0.6446247696876526,2617.703132867813
train,20,152.0,8.0,0.163398876786232,0.7656923532485962,2634.3897709846497
train,20,153.0,8.0,0.262774795293808,0.54246586561203,2650.5693550109863
train,20,154.0,8.0,0.1728118658065796,0.7334004640579224,2666.901564836502
train,20,155.0,8.0,0.19080671668052673,0.6933636665344238,2683.5038390159607
train,20,156.0,8.0,0.187211811542511,0.7017568945884705,2699.6079511642456
val,20,,,0.26031738370656965,0.6735259771347046,2899.7644391059875
