phase,epoch,batch_idx,batch_size,loss,mean_iou,time
train,1,0.0,8.0,0.7265224456787109,0.017178360372781754,35.65649604797363
train,1,1.0,8.0,0.765221893787384,0.20897948741912842,70.95522809028625
train,1,2.0,8.0,0.743624210357666,0.08123043179512024,97.31439995765686
train,1,3.0,8.0,0.8061732053756714,0.003856069641187787,117.61948800086975
train,1,4.0,8.0,0.7287791967391968,0.19019168615341187,137.69082498550415
train,1,5.0,8.0,0.6720938086509705,0.3034120798110962,158.11167097091675
train,1,6.0,8.0,0.6969598531723022,0.35192638635635376,178.19995307922363
train,1,7.0,8.0,0.674575924873352,0.275152325630188,204.46038389205933
train,1,8.0,8.0,0.6409231424331665,0.33221718668937683,226.2300660610199
train,1,9.0,8.0,0.6924463510513306,0.3236433267593384,246.14307713508606
train,1,10.0,8.0,0.5647436380386353,0.5346260666847229,265.79499888420105
train,1,11.0,8.0,0.7916232347488403,0.036106787621974945,285.6790728569031
train,1,12.0,8.0,0.7725417613983154,0.2692582607269287,303.9244270324707
train,1,13.0,8.0,0.5238732099533081,0.5501550436019897,322.4013957977295
train,1,14.0,8.0,0.6434091925621033,0.24244561791419983,340.78004813194275
train,1,15.0,8.0,0.6712794303894043,0.5009995102882385,359.0956120491028
train,1,16.0,8.0,0.5571839809417725,0.4392314851284027,377.6868121623993
train,1,17.0,8.0,0.7987678050994873,0.12598586082458496,395.2095410823822
train,1,18.0,8.0,0.6000003218650818,0.6221714019775391,413.75602293014526
train,1,19.0,8.0,0.5913832187652588,0.3510950803756714,432.87266087532043
train,1,20.0,8.0,0.6566600799560547,0.12795871496200562,452.0490279197693
train,1,21.0,8.0,0.5131253004074097,0.4554675221443176,471.88685417175293
train,1,22.0,8.0,0.6777547597885132,0.3274959921836853,489.56278586387634
train,1,23.0,8.0,0.7874948978424072,0.0040542129427194595,509.9214971065521
train,1,24.0,8.0,0.4915963411331177,0.7263073325157166,527.4507591724396
train,1,25.0,8.0,0.49149948358535767,0.34755808115005493,544.5839400291443
train,1,26.0,8.0,0.4506042003631592,0.5700827240943909,561.9081699848175
train,1,27.0,8.0,0.5602319240570068,0.5903689861297607,580.5869097709656
train,1,28.0,8.0,0.583611249923706,0.3124775290489197,597.7044680118561
train,1,29.0,8.0,0.5532900094985962,0.7577451467514038,615.0365259647369
train,1,30.0,8.0,0.5845913290977478,0.30850455164909363,632.1115598678589
train,1,31.0,8.0,0.6756842136383057,0.0962028056383133,650.4179801940918
train,1,32.0,8.0,0.471973180770874,0.47416338324546814,668.4962730407715
train,1,33.0,8.0,0.4584341049194336,0.5547321438789368,686.141223192215
train,1,34.0,8.0,0.4754803478717804,0.32632631063461304,703.056303024292
train,1,35.0,8.0,0.46084269881248474,0.8360397815704346,719.6464140415192
train,1,36.0,8.0,0.5343828201293945,0.5224819779396057,736.7365920543671
train,1,37.0,8.0,0.37007319927215576,0.8246181011199951,753.7175679206848
train,1,38.0,8.0,0.6165599822998047,0.2283984273672104,771.6244678497314
train,1,39.0,8.0,0.635086178779602,0.5084865093231201,788.5677280426025
train,1,40.0,8.0,0.6153238415718079,0.5170621871948242,808.4085280895233
train,1,41.0,8.0,0.45703446865081787,0.5967508554458618,826.2191729545593
train,1,42.0,8.0,0.6196290850639343,0.36127597093582153,844.3039400577545
train,1,43.0,8.0,0.5742943286895752,0.36911827325820923,861.4762580394745
train,1,44.0,8.0,0.5037485361099243,0.3636232018470764,878.9775540828705
train,1,45.0,8.0,0.6432499885559082,0.21722784638404846,897.3595387935638
train,1,46.0,8.0,0.4255669414997101,0.5727799534797668,915.4250259399414
train,1,47.0,8.0,0.4753223955631256,0.491298645734787,933.9361388683319
train,1,48.0,8.0,0.3857886791229248,0.7188940644264221,952.1530878543854
train,1,49.0,8.0,0.5043025612831116,0.23759740591049194,969.7797679901123
train,1,50.0,8.0,0.36661213636398315,0.5234870314598083,987.1775920391083
train,1,51.0,8.0,0.4837516248226166,0.836942732334137,1004.7913568019867
train,1,52.0,8.0,0.47342655062675476,0.49765264987945557,1022.6290709972382
train,1,53.0,8.0,0.5468859076499939,0.6165305972099304,1040.3215279579163
train,1,54.0,8.0,0.602013349533081,0.2599171996116638,1058.4008209705353
train,1,55.0,8.0,0.6780902147293091,0.14939554035663605,1076.1661219596863
train,1,56.0,8.0,0.5348960757255554,0.453880250453949,1093.0594952106476
train,1,57.0,8.0,0.5553436875343323,0.2471325546503067,1111.2447338104248
train,1,58.0,8.0,0.33898866176605225,0.7077125310897827,1130.6188309192657
train,1,59.0,8.0,0.31979697942733765,0.7800495028495789,1151.3402318954468
train,1,60.0,8.0,0.607854425907135,0.4729374945163727,1171.237627029419
train,1,61.0,8.0,0.5267763137817383,0.7720014452934265,1190.581874847412
train,1,62.0,8.0,0.4030531048774719,0.682685136795044,1208.691025018692
train,1,63.0,8.0,0.40288665890693665,0.8316575288772583,1227.2706179618835
train,1,64.0,8.0,0.33461636304855347,0.8333015441894531,1244.9707760810852
train,1,65.0,8.0,0.5868051052093506,0.4827111065387726,1262.2511851787567
train,1,66.0,8.0,0.47770893573760986,0.5587804913520813,1279.6287558078766
train,1,67.0,8.0,0.45372074842453003,0.8294399380683899,1296.8821680545807
train,1,68.0,8.0,0.4342418909072876,0.352548211812973,1314.9152669906616
train,1,69.0,8.0,0.444513201713562,0.4957864582538605,1332.0576140880585
train,1,70.0,8.0,0.5204300284385681,0.45283043384552,1349.6668610572815
train,1,71.0,8.0,0.6834858059883118,0.14968973398208618,1368.9258539676666
train,1,72.0,8.0,0.5161340832710266,0.501532793045044,1387.6484611034393
train,1,73.0,8.0,0.45021307468414307,0.6068025827407837,1405.5802071094513
train,1,74.0,8.0,0.4874913692474365,0.613277792930603,1422.4065248966217
train,1,75.0,8.0,0.36645010113716125,0.5531333088874817,1439.766412973404
train,1,76.0,8.0,0.5831338167190552,0.3886318802833557,1457.577980041504
train,1,77.0,8.0,0.41342929005622864,0.6686426997184753,1475.099524974823
train,1,78.0,8.0,0.47504711151123047,0.5165582895278931,1492.1605911254883
train,1,79.0,8.0,0.625988781452179,0.4384671449661255,1509.6421389579773
train,1,80.0,8.0,0.5620899796485901,0.604232132434845,1527.061362028122
train,1,81.0,8.0,0.4925961196422577,0.2261458933353424,1544.9144880771637
train,1,82.0,8.0,0.49537229537963867,0.3610774874687195,1562.4144539833069
train,1,83.0,8.0,0.6313649415969849,0.1907535195350647,1579.379359960556
train,1,84.0,8.0,0.41376984119415283,0.47997644543647766,1596.489471912384
train,1,85.0,8.0,0.730244517326355,0.12560445070266724,1613.4299130439758
train,1,86.0,8.0,0.5333747863769531,0.3663371801376343,1631.4545550346375
train,1,87.0,8.0,0.43170419335365295,0.5297709107398987,1650.5544199943542
train,1,88.0,8.0,0.6930683851242065,0.26059404015541077,1669.3611359596252
train,1,89.0,8.0,0.49192333221435547,0.6340839266777039,1688.793926000595
train,1,90.0,8.0,0.4405938386917114,0.56629478931427,1707.062183856964
train,1,91.0,8.0,0.4389530420303345,0.7584510445594788,1726.3149240016937
train,1,92.0,8.0,0.5435090065002441,0.4908093214035034,1745.9156131744385
train,1,93.0,8.0,0.38282105326652527,0.6987146139144897,1763.8567609786987
train,1,94.0,8.0,0.31578534841537476,0.7428905367851257,1782.3713388442993
train,1,95.0,8.0,0.32549595832824707,0.7018244862556458,1802.2742550373077
train,1,96.0,8.0,0.49674752354621887,0.35504671931266785,1820.915461063385
train,1,97.0,8.0,0.41394633054733276,0.47523507475852966,1839.9672298431396
train,1,98.0,8.0,0.467079758644104,0.49180036783218384,1859.1147129535675
train,1,99.0,8.0,0.4569883942604065,0.5132883787155151,1877.266408920288
train,1,100.0,8.0,0.4264459013938904,0.49730396270751953,1895.5188500881195
train,1,101.0,8.0,0.36795860528945923,0.7010833024978638,1913.8194880485535
train,1,102.0,8.0,0.5332163572311401,0.5489506721496582,1931.5903730392456
train,1,103.0,8.0,0.5047625303268433,0.4491499960422516,1949.6668961048126
train,1,104.0,8.0,0.5678726434707642,0.11790923774242401,1967.1490008831024
train,1,105.0,8.0,0.38843297958374023,0.8221415877342224,1988.2220249176025
train,1,106.0,8.0,0.37278038263320923,0.4492461681365967,2007.903501033783
train,1,107.0,8.0,0.32802581787109375,0.7445114850997925,2027.3050699234009
train,1,108.0,8.0,0.4615497887134552,0.24100466072559357,2047.0263180732727
train,1,109.0,8.0,0.46270859241485596,0.48343169689178467,2064.833657026291
train,1,110.0,8.0,0.38174641132354736,0.5535202622413635,2082.8785331249237
train,1,111.0,8.0,0.5643152594566345,0.49708014726638794,2100.576555967331
train,1,112.0,8.0,0.44163569808006287,0.5507690906524658,2118.313824892044
train,1,113.0,8.0,0.4477088451385498,0.5644266605377197,2135.365777015686
train,1,114.0,8.0,0.4586867392063141,0.3625599145889282,2154.877352952957
train,1,115.0,8.0,0.4447815418243408,0.6868722438812256,2174.710300207138
train,1,116.0,8.0,0.4290136694908142,0.6025131940841675,2194.54424905777
train,1,117.0,8.0,0.46673262119293213,0.6108944416046143,2212.991119146347
train,1,118.0,8.0,0.30469727516174316,0.70079505443573,2232.583374977112
train,1,119.0,8.0,0.5424254536628723,0.16623108088970184,2251.3227519989014
train,1,120.0,8.0,0.4888312518596649,0.7243203520774841,2270.0323297977448
train,1,121.0,8.0,0.40027862787246704,0.4165889620780945,2289.237874984741
train,1,122.0,8.0,0.339241623878479,0.5306342244148254,2308.68279004097
train,1,123.0,8.0,0.519160270690918,0.5517125725746155,2327.980648994446
train,1,124.0,8.0,0.38596439361572266,0.41502299904823303,2350.7410700321198
train,1,125.0,8.0,0.4584466218948364,0.47783148288726807,2370.0995008945465
train,1,126.0,8.0,0.5163198709487915,0.5280677676200867,2388.350084066391
train,1,127.0,8.0,0.5843512415885925,0.3745386600494385,2408.026356935501
train,1,128.0,8.0,0.41694289445877075,0.47301697731018066,2427.6613018512726
train,1,129.0,8.0,0.5239888429641724,0.6179980039596558,2446.0287029743195
train,1,130.0,8.0,0.5417286157608032,0.3786596953868866,2464.1926040649414
train,1,131.0,8.0,0.45787313580513,0.3819253742694855,2481.084142923355
train,1,132.0,8.0,0.35109883546829224,0.4571084976196289,2498.649959087372
train,1,133.0,8.0,0.30527976155281067,0.6817638278007507,2515.334760904312
train,1,134.0,8.0,0.6654974818229675,0.2603740692138672,2535.1333391666412
train,1,135.0,8.0,0.417493611574173,0.5520168542861938,2553.7785861492157
train,1,136.0,8.0,0.45382896065711975,0.6120409965515137,2571.8920822143555
val,1,,,0.4589502185583115,0.5071439738074939,2731.817337989807
train,2,0.0,8.0,0.38710132241249084,0.5519329309463501,23.664875030517578
train,2,1.0,8.0,0.38594886660575867,0.41008198261260986,43.20631718635559
train,2,2.0,8.0,0.4929938018321991,0.47366270422935486,61.09948015213013
train,2,3.0,8.0,0.4034106731414795,0.5252951979637146,78.70383214950562
train,2,4.0,8.0,0.4880385398864746,0.47200846672058105,97.39609289169312
train,2,5.0,8.0,0.42840272188186646,0.6987259984016418,115.45534801483154
train,2,6.0,8.0,0.6542087197303772,0.17577479779720306,133.69442105293274
train,2,7.0,8.0,0.4822787344455719,0.43566641211509705,152.00817108154297
train,2,8.0,8.0,0.36916929483413696,0.4555593729019165,170.53749895095825
train,2,9.0,8.0,0.4383305013179779,0.4014018177986145,187.77716088294983
train,2,10.0,8.0,0.3482077419757843,0.5859362483024597,205.63682794570923
train,2,11.0,8.0,0.47658175230026245,0.7255657911300659,223.56439876556396
train,2,12.0,8.0,0.4418140649795532,0.6902210712432861,241.02500677108765
train,2,13.0,8.0,0.3875052332878113,0.7334766387939453,258.62286901474
train,2,14.0,8.0,0.4505932927131653,0.865879476070404,277.7108359336853
train,2,15.0,8.0,0.3258415460586548,0.7291752099990845,295.45461988449097
train,2,16.0,8.0,0.42673641443252563,0.4809449315071106,312.5396990776062
train,2,17.0,8.0,0.5103070735931396,0.578477680683136,330.3436539173126
train,2,18.0,8.0,0.5410776734352112,0.23759347200393677,348.965961933136
train,2,19.0,8.0,0.43523597717285156,0.4936256408691406,368.0181019306183
train,2,20.0,8.0,0.4940778315067291,0.5815825462341309,387.5331699848175
train,2,21.0,8.0,0.3315020203590393,0.7188062071800232,405.6004228591919
train,2,22.0,8.0,0.5473024845123291,0.2455095648765564,423.13166999816895
train,2,23.0,8.0,0.4720388352870941,0.5683740377426147,441.15933108329773
train,2,24.0,8.0,0.3026449680328369,0.9290290474891663,459.177344083786
train,2,25.0,8.0,0.34766885638237,0.8236358165740967,476.6563630104065
train,2,26.0,8.0,0.44158315658569336,0.6162897348403931,494.532212972641
train,2,27.0,8.0,0.5553872585296631,0.3685144782066345,513.1716060638428
train,2,28.0,8.0,0.45122289657592773,0.6068822145462036,532.4151198863983
train,2,29.0,8.0,0.5934112071990967,0.2906307578086853,551.1907908916473
train,2,30.0,8.0,0.42800676822662354,0.5070648789405823,569.1339139938354
train,2,31.0,8.0,0.4606322944164276,0.7614843845367432,586.6438400745392
train,2,32.0,8.0,0.5071412324905396,0.6434816718101501,603.8251919746399
train,2,33.0,8.0,0.42251256108283997,0.5714001655578613,623.0608530044556
train,2,34.0,8.0,0.4412819445133209,0.41858023405075073,642.293426990509
train,2,35.0,8.0,0.44968312978744507,0.4091651439666748,661.5138959884644
train,2,36.0,8.0,0.4868585169315338,0.47154948115348816,678.9076979160309
train,2,37.0,8.0,0.45723313093185425,0.5200381875038147,696.7292070388794
train,2,38.0,8.0,0.5738356113433838,0.3044964671134949,714.3173840045929
train,2,39.0,8.0,0.4564793109893799,0.42611613869667053,731.758542060852
train,2,40.0,8.0,0.4082145094871521,0.5017188191413879,750.5994050502777
train,2,41.0,8.0,0.5138313174247742,0.42327168583869934,767.5879218578339
train,2,42.0,8.0,0.3825437128543854,0.6136192083358765,786.1360719203949
train,2,43.0,8.0,0.3728218972682953,0.7716220021247864,804.5932629108429
train,2,44.0,8.0,0.36082398891448975,0.5593452453613281,822.0862250328064
train,2,45.0,8.0,0.4221365451812744,0.6584668755531311,839.6462337970734
train,2,46.0,8.0,0.4473189413547516,0.6121647953987122,856.934895992279
train,2,47.0,8.0,0.4216686189174652,0.4794635772705078,874.7146339416504
train,2,48.0,8.0,0.4891386032104492,0.34329140186309814,892.174831867218
train,2,49.0,8.0,0.36121028661727905,0.8286614418029785,910.2973279953003
train,2,50.0,8.0,0.36229151487350464,0.44522637128829956,928.3514261245728
train,2,51.0,8.0,0.43413859605789185,0.5340110063552856,945.8103151321411
train,2,52.0,8.0,0.239503875374794,0.9355617165565491,964.7982659339905
train,2,53.0,8.0,0.40450334548950195,0.5837571620941162,981.9077708721161
train,2,54.0,8.0,0.3257949948310852,0.6082237958908081,999.1900098323822
train,2,55.0,8.0,0.42823368310928345,0.5634375214576721,1016.2118890285492
train,2,56.0,8.0,0.40227246284484863,0.6316654682159424,1032.8964648246765
train,2,57.0,8.0,0.4954594373703003,0.6084199547767639,1050.7126421928406
train,2,58.0,8.0,0.3368176221847534,0.7118749618530273,1068.626041173935
train,2,59.0,8.0,0.4192446768283844,0.4570256471633911,1087.8612039089203
train,2,60.0,8.0,0.420406699180603,0.42833393812179565,1106.5270929336548
train,2,61.0,8.0,0.4933255910873413,0.37690606713294983,1125.1616840362549
train,2,62.0,8.0,0.3151032626628876,0.6373594403266907,1143.273638010025
train,2,63.0,8.0,0.43621525168418884,0.5108342170715332,1160.851706981659
train,2,64.0,8.0,0.48021578788757324,0.36007434129714966,1179.1713869571686
train,2,65.0,8.0,0.42170393466949463,0.5333511829376221,1196.9479610919952
train,2,66.0,8.0,0.5832417011260986,0.3318360447883606,1214.1999959945679
train,2,67.0,8.0,0.42586472630500793,0.48041924834251404,1232.2721009254456
train,2,68.0,8.0,0.3843366801738739,0.49616122245788574,1250.3034718036652
train,2,69.0,8.0,0.49069297313690186,0.3970155715942383,1267.152137041092
train,2,70.0,8.0,0.4476008415222168,0.5828090310096741,1284.1554009914398
train,2,71.0,8.0,0.3645852506160736,0.6242145299911499,1301.5182778835297
train,2,72.0,8.0,0.3204217851161957,0.7406694293022156,1318.69877409935
train,2,73.0,8.0,0.3050953149795532,0.6421216726303101,1335.7243568897247
train,2,74.0,8.0,0.4351125657558441,0.6501120924949646,1353.0859529972076
train,2,75.0,8.0,0.4837268888950348,0.2893506586551666,1370.105017900467
train,2,76.0,8.0,0.33212894201278687,0.737679660320282,1387.296277999878
train,2,77.0,8.0,0.3904639780521393,0.7475701570510864,1404.4473538398743
train,2,78.0,8.0,0.3290313482284546,0.6099569797515869,1424.8643560409546
train,2,79.0,8.0,0.4291783273220062,0.6404603719711304,1444.5387918949127
train,2,80.0,8.0,0.4971591532230377,0.4923892617225647,1461.9151921272278
train,2,81.0,8.0,0.4892042875289917,0.35661786794662476,1480.11026096344
train,2,82.0,8.0,0.4716348648071289,0.5871127247810364,1497.9516339302063
train,2,83.0,8.0,0.34357574582099915,0.578718900680542,1515.1693499088287
train,2,84.0,8.0,0.42091232538223267,0.5630949139595032,1532.6529841423035
train,2,85.0,8.0,0.3229964077472687,0.6146440505981445,1550.3575899600983
train,2,86.0,8.0,0.40084582567214966,0.7524762153625488,1567.7059309482574
train,2,87.0,8.0,0.3475591540336609,0.6855985522270203,1585.8438580036163
train,2,88.0,8.0,0.35683509707450867,0.5777469873428345,1603.7247989177704
train,2,89.0,8.0,0.320108026266098,0.6318953633308411,1621.7053661346436
train,2,90.0,8.0,0.36898502707481384,0.6322025656700134,1639.2218260765076
train,2,91.0,8.0,0.3573009669780731,0.5347790122032166,1657.9844028949738
train,2,92.0,8.0,0.509795606136322,0.337488055229187,1676.4634540081024
train,2,93.0,8.0,0.5006030797958374,0.3955273926258087,1693.921404838562
train,2,94.0,8.0,0.34381023049354553,0.6193609237670898,1711.3549728393555
train,2,95.0,8.0,0.3344406485557556,0.6045082807540894,1728.5397679805756
train,2,96.0,8.0,0.4490777552127838,0.7589055299758911,1746.618439912796
train,2,97.0,8.0,0.47007808089256287,0.5100083947181702,1764.5793001651764
train,2,98.0,8.0,0.4089605510234833,0.69315105676651,1781.5811519622803
train,2,99.0,8.0,0.37367555499076843,0.5405716896057129,1799.3777840137482
train,2,100.0,8.0,0.3998526632785797,0.5916619300842285,1816.9626359939575
train,2,101.0,8.0,0.420567125082016,0.4534291625022888,1834.4469151496887
train,2,102.0,8.0,0.36781299114227295,0.7437404990196228,1851.2698209285736
train,2,103.0,8.0,0.5720694661140442,0.3475709855556488,1868.6768209934235
train,2,104.0,8.0,0.35935384035110474,0.6323511600494385,1886.9593150615692
train,2,105.0,8.0,0.2950590252876282,0.5456854701042175,1904.9601259231567
train,2,106.0,8.0,0.41270387172698975,0.7279253005981445,1922.2352340221405
train,2,107.0,8.0,0.29944950342178345,0.690720796585083,1940.4144670963287
train,2,108.0,8.0,0.4649691581726074,0.6092281341552734,1958.266314983368
train,2,109.0,8.0,0.3845560848712921,0.60845547914505,1983.0691800117493
train,2,110.0,8.0,0.4167092740535736,0.33756759762763977,2009.8053750991821
train,2,111.0,8.0,0.4007543921470642,0.34465375542640686,2029.5525481700897
train,2,112.0,8.0,0.2592284381389618,0.7709883451461792,2049.9366269111633
train,2,113.0,8.0,0.40573588013648987,0.8694245219230652,2076.347035884857
train,2,114.0,8.0,0.3894840478897095,0.42744430899620056,2095.966859102249
train,2,115.0,8.0,0.2849569320678711,0.9154837727546692,2113.8743228912354
train,2,116.0,8.0,0.3528590798377991,0.3863009810447693,2131.5615549087524
train,2,117.0,8.0,0.2464185357093811,0.6314175724983215,2149.4629011154175
train,2,118.0,8.0,0.49606814980506897,0.5581925511360168,2168.38853597641
train,2,119.0,8.0,0.3697883188724518,0.415618896484375,2187.096398830414
train,2,120.0,8.0,0.47084882855415344,0.3560589551925659,2206.439183950424
train,2,121.0,8.0,0.3875376880168915,0.476323664188385,2227.3366680145264
train,2,122.0,8.0,0.4664667546749115,0.35290130972862244,2251.411412000656
train,2,123.0,8.0,0.36168986558914185,0.6331926584243774,2274.005012989044
train,2,124.0,8.0,0.36820143461227417,0.612960934638977,2297.3742139339447
train,2,125.0,8.0,0.46038782596588135,0.5909374952316284,2320.653727054596
train,2,126.0,8.0,0.3999629616737366,0.48215627670288086,2339.521824121475
train,2,127.0,8.0,0.4096793234348297,0.44849225878715515,2356.3357770442963
train,2,128.0,8.0,0.41449278593063354,0.5350984334945679,2373.234123945236
train,2,129.0,8.0,0.5084594488143921,0.45466023683547974,2393.5711030960083
train,2,130.0,8.0,0.42479076981544495,0.6648871302604675,2414.175549030304
train,2,131.0,8.0,0.3342724144458771,0.7294838428497314,2431.4652919769287
train,2,132.0,8.0,0.47473251819610596,0.5648788809776306,2454.8490600585938
train,2,133.0,8.0,0.5761712789535522,0.19853876531124115,2475.5434110164642
train,2,134.0,8.0,0.340276300907135,0.6395439505577087,2496.917911052704
train,2,135.0,8.0,0.4145204722881317,0.6604949831962585,2517.8867819309235
train,2,136.0,8.0,0.3478199243545532,0.7102543115615845,2535.825761079788
val,2,,,0.3940906196832657,0.569810193280379,2693.720139026642
train,3,0.0,8.0,0.4416268467903137,0.6235057711601257,22.916306972503662
train,3,1.0,8.0,0.37620002031326294,0.6563550233840942,42.49113869667053
train,3,2.0,8.0,0.5037643313407898,0.3799345791339874,60.17495083808899
train,3,3.0,8.0,0.3077293038368225,0.6086766719818115,77.34707188606262
train,3,4.0,8.0,0.32945990562438965,0.5348120331764221,94.2494568824768
train,3,5.0,8.0,0.3662440776824951,0.6179933547973633,111.43556475639343
train,3,6.0,8.0,0.43731775879859924,0.6498987078666687,132.50041604042053
train,3,7.0,8.0,0.5790707468986511,0.23480740189552307,151.30740571022034
train,3,8.0,8.0,0.3325071632862091,0.5924339890480042,170.40482091903687
train,3,9.0,8.0,0.4030267000198364,0.5616232752799988,188.95363688468933
train,3,10.0,8.0,0.447381854057312,0.7197320461273193,207.79576778411865
train,3,11.0,8.0,0.3338052034378052,0.5736957788467407,227.16078782081604
train,3,12.0,8.0,0.4575110673904419,0.41797927021980286,245.57266879081726
train,3,13.0,8.0,0.3532439172267914,0.4306148588657379,263.33476877212524
train,3,14.0,8.0,0.4650404155254364,0.5863624811172485,280.276447057724
train,3,15.0,8.0,0.29430699348449707,0.684576690196991,298.52823281288147
train,3,16.0,8.0,0.45006564259529114,0.5570895075798035,319.0622708797455
train,3,17.0,8.0,0.38891837000846863,0.6698709726333618,338.40421080589294
train,3,18.0,8.0,0.4337867498397827,0.6488066911697388,357.1788387298584
train,3,19.0,8.0,0.4879668653011322,0.6839502453804016,375.39041090011597
train,3,20.0,8.0,0.3957482874393463,0.5699378848075867,393.54641485214233
train,3,21.0,8.0,0.30538567900657654,0.6275824904441833,411.0731427669525
train,3,22.0,8.0,0.4390045702457428,0.5225687623023987,428.21391701698303
train,3,23.0,8.0,0.3807709217071533,0.6002736687660217,445.21028780937195
train,3,24.0,8.0,0.34027019143104553,0.6014242768287659,462.4072120189667
train,3,25.0,8.0,0.40755754709243774,0.45601460337638855,480.22644996643066
train,3,26.0,8.0,0.5229482054710388,0.3020089864730835,497.51199078559875
train,3,27.0,8.0,0.2981489896774292,0.7498680353164673,515.389185667038
train,3,28.0,8.0,0.36594274640083313,0.5489695072174072,538.1941287517548
train,3,29.0,8.0,0.4823606014251709,0.3493990898132324,560.0305979251862
train,3,30.0,8.0,0.43613943457603455,0.5524863004684448,580.0208809375763
train,3,31.0,8.0,0.42075061798095703,0.8788288831710815,599.1160447597504
train,3,32.0,8.0,0.4446554183959961,0.5198556780815125,617.6309750080109
train,3,33.0,8.0,0.4798186719417572,0.3730013966560364,635.447497844696
train,3,34.0,8.0,0.3205370008945465,0.7209430932998657,652.9892978668213
train,3,35.0,8.0,0.4141852557659149,0.6798750162124634,671.0874309539795
train,3,36.0,8.0,0.47846904397010803,0.4036965072154999,687.9685938358307
train,3,37.0,8.0,0.4306711256504059,0.594573974609375,704.8548448085785
train,3,38.0,8.0,0.35282713174819946,0.6469712853431702,722.2586069107056
train,3,39.0,8.0,0.30106183886528015,0.7480274438858032,739.1978907585144
train,3,40.0,8.0,0.48793649673461914,0.42415446043014526,758.3307828903198
train,3,41.0,8.0,0.34195396304130554,0.6760193705558777,777.6345808506012
train,3,42.0,8.0,0.4583866000175476,0.47634822130203247,797.1119737625122
train,3,43.0,8.0,0.326907217502594,0.6964191198348999,827.900111913681
train,3,44.0,8.0,0.46330955624580383,0.32480543851852417,855.7957038879395
train,3,45.0,8.0,0.35650044679641724,0.5522083640098572,877.9037539958954
train,3,46.0,8.0,0.47791188955307007,0.6297616362571716,897.9185528755188
train,3,47.0,8.0,0.41526350378990173,0.47335144877433777,917.319415807724
train,3,48.0,8.0,0.26106616854667664,0.7097418904304504,937.6249029636383
train,3,49.0,8.0,0.30303406715393066,0.752427339553833,956.800036907196
train,3,50.0,8.0,0.3442675471305847,0.5739353895187378,975.9789776802063
train,3,51.0,8.0,0.2914062440395355,0.7788481712341309,994.6391880512238
train,3,52.0,8.0,0.36751246452331543,0.7821487784385681,1012.631443977356
train,3,53.0,8.0,0.3435329794883728,0.6548478603363037,1030.9965987205505
train,3,54.0,8.0,0.46093419194221497,0.5823521018028259,1049.6294567584991
train,3,55.0,8.0,0.36533525586128235,0.6600961685180664,1068.7136867046356
train,3,56.0,8.0,0.4745585024356842,0.4669848382472992,1088.484318971634
train,3,57.0,8.0,0.3257223069667816,0.6185601949691772,1107.087679862976
train,3,58.0,8.0,0.26063933968544006,0.5996790528297424,1126.2946009635925
train,3,59.0,8.0,0.28232741355895996,0.785912036895752,1145.9554648399353
train,3,60.0,8.0,0.34400469064712524,0.7677063345909119,1165.167585849762
train,3,61.0,8.0,0.4017952084541321,0.41404813528060913,1183.7324419021606
train,3,62.0,8.0,0.3565594553947449,0.5236140489578247,1202.9339337348938
train,3,63.0,8.0,0.4624919295310974,0.47897422313690186,1221.1378178596497
train,3,64.0,8.0,0.34658530354499817,0.8823020458221436,1238.9961738586426
train,3,65.0,8.0,0.4489889442920685,0.38413411378860474,1257.0620288848877
train,3,66.0,8.0,0.44024503231048584,0.5906580686569214,1274.9340159893036
train,3,67.0,8.0,0.4468638002872467,0.4924167990684509,1292.6598899364471
train,3,68.0,8.0,0.3271423876285553,0.685948371887207,1310.4959018230438
train,3,69.0,8.0,0.35387858748435974,0.6243602633476257,1328.4629287719727
train,3,70.0,8.0,0.3078766167163849,0.5296449065208435,1347.1864409446716
train,3,71.0,8.0,0.23371216654777527,0.75531405210495,1370.178897857666
train,3,72.0,8.0,0.2822759747505188,0.6558045148849487,1389.6648199558258
train,3,73.0,8.0,0.428295761346817,0.7511420249938965,1409.8458907604218
train,3,74.0,8.0,0.4202510416507721,0.45141440629959106,1429.917247056961
train,3,75.0,8.0,0.2885076701641083,0.7458111643791199,1447.5471649169922
train,3,76.0,8.0,0.43960464000701904,0.6188845634460449,1464.7724859714508
train,3,77.0,8.0,0.45744138956069946,0.585085391998291,1482.0395448207855
train,3,78.0,8.0,0.5278740525245667,0.4771566390991211,1499.6929688453674
train,3,79.0,8.0,0.35909175872802734,0.41929036378860474,1517.7401268482208
train,3,80.0,8.0,0.30750662088394165,0.5302214026451111,1534.8126468658447
train,3,81.0,8.0,0.39155343174934387,0.800316572189331,1552.5647838115692
train,3,82.0,8.0,0.31119126081466675,0.7257645130157471,1572.5245246887207
train,3,83.0,8.0,0.3343978524208069,0.6695678234100342,1592.3206839561462
train,3,84.0,8.0,0.4507278800010681,0.7248724102973938,1610.7059898376465
train,3,85.0,8.0,0.3593065142631531,0.6320451498031616,1628.9949457645416
train,3,86.0,8.0,0.4721654951572418,0.33905234932899475,1646.7931249141693
train,3,87.0,8.0,0.2896631956100464,0.5553449392318726,1664.7975568771362
train,3,88.0,8.0,0.3809685707092285,0.41566455364227295,1683.416748046875
train,3,89.0,8.0,0.40231853723526,0.5660163164138794,1702.943568944931
train,3,90.0,8.0,0.30538734793663025,0.7282403111457825,1721.1556837558746
train,3,91.0,8.0,0.3999730944633484,0.3940505385398865,1740.6573688983917
train,3,92.0,8.0,0.2655067443847656,0.6227589845657349,1760.4559378623962
train,3,93.0,8.0,0.20850729942321777,0.8042439818382263,1779.7955956459045
train,3,94.0,8.0,0.29418811202049255,0.7401245832443237,1797.7780799865723
train,3,95.0,8.0,0.3937237560749054,0.7025581002235413,1815.1357970237732
train,3,96.0,8.0,0.4691990315914154,0.3946658968925476,1832.1086819171906
train,3,97.0,8.0,0.35899388790130615,0.6410213708877563,1849.3331027030945
train,3,98.0,8.0,0.3213644325733185,0.6712732911109924,1866.6158499717712
train,3,99.0,8.0,0.3153127431869507,0.6220775842666626,1883.9246389865875
train,3,100.0,8.0,0.42351314425468445,0.5447881817817688,1900.9731316566467
train,3,101.0,8.0,0.3871883153915405,0.4189247786998749,1919.2557530403137
train,3,102.0,8.0,0.2750605344772339,0.6015233993530273,1936.5753626823425
train,3,103.0,8.0,0.3839087188243866,0.7050339579582214,1956.180202960968
train,3,104.0,8.0,0.3806073069572449,0.5857697129249573,1973.4209349155426
train,3,105.0,8.0,0.3199341297149658,0.5874835252761841,1990.73015499115
train,3,106.0,8.0,0.36195456981658936,0.736534059047699,2008.1573898792267
train,3,107.0,8.0,0.34130415320396423,0.7879624366760254,2026.6614518165588
train,3,108.0,8.0,0.3654232621192932,0.5037743449211121,2044.653345823288
train,3,109.0,8.0,0.45690739154815674,0.4099315404891968,2061.9747457504272
train,3,110.0,8.0,0.2886507511138916,0.5363927483558655,2079.4055728912354
train,3,111.0,8.0,0.2507295310497284,0.7528254389762878,2097.7929768562317
train,3,112.0,8.0,0.3354698121547699,0.5484462976455688,2116.5521988868713
train,3,113.0,8.0,0.47128960490226746,0.5122291445732117,2134.948520898819
train,3,114.0,8.0,0.4239237606525421,0.5345367789268494,2154.4915928840637
train,3,115.0,8.0,0.33234888315200806,0.6986067295074463,2176.106015920639
train,3,116.0,8.0,0.26805979013442993,0.7872377634048462,2194.4907829761505
train,3,117.0,8.0,0.45830053091049194,0.6101293563842773,2212.8868749141693
train,3,118.0,8.0,0.35720545053482056,0.42335861921310425,2230.590819835663
train,3,119.0,8.0,0.322726309299469,0.5904995799064636,2247.856859922409
train,3,120.0,8.0,0.3607545495033264,0.5092535614967346,2265.932968854904
train,3,121.0,8.0,0.3855758309364319,0.6925705671310425,2283.9966180324554
train,3,122.0,8.0,0.38617342710494995,0.6774415373802185,2301.781849861145
train,3,123.0,8.0,0.39923250675201416,0.5635721683502197,2320.379669904709
train,3,124.0,8.0,0.3162687122821808,0.6114060878753662,2339.0147478580475
train,3,125.0,8.0,0.3270026445388794,0.5844437479972839,2356.6651520729065
train,3,126.0,8.0,0.3958440124988556,0.6689477562904358,2373.905928850174
train,3,127.0,8.0,0.4286305904388428,0.41896310448646545,2391.134412765503
train,3,128.0,8.0,0.31754037737846375,0.565604567527771,2408.3310239315033
train,3,129.0,8.0,0.3569299280643463,0.6183631420135498,2425.8003640174866
train,3,130.0,8.0,0.43107032775878906,0.5130814909934998,2443.5158989429474
train,3,131.0,8.0,0.3987113833427429,0.5848334431648254,2461.659057855606
train,3,132.0,8.0,0.32809552550315857,0.7773350477218628,2478.777680873871
train,3,133.0,8.0,0.29858338832855225,0.6159201264381409,2495.8876926898956
train,3,134.0,8.0,0.38699930906295776,0.5544882416725159,2513.272562980652
train,3,135.0,8.0,0.4152688682079315,0.6671565175056458,2530.3367598056793
train,3,136.0,8.0,0.33385270833969116,0.7086381912231445,2547.1796498298645
val,3,,,0.3642884060740471,0.5957669059435526,2698.6017079353333
train,4,0.0,8.0,0.36644917726516724,0.6090709567070007,21.292685747146606
train,4,1.0,8.0,0.2628381848335266,0.6979044675827026,39.39731788635254
train,4,2.0,8.0,0.3578299283981323,0.6281235218048096,57.584168910980225
train,4,3.0,8.0,0.3152249753475189,0.49563851952552795,75.3108549118042
train,4,4.0,8.0,0.2839370369911194,0.7773239612579346,92.58365178108215
train,4,5.0,8.0,0.3043132424354553,0.7290176749229431,110.92121863365173
train,4,6.0,8.0,0.4521654546260834,0.45237693190574646,128.76204371452332
train,4,7.0,8.0,0.6286818981170654,0.25197944045066833,145.8671748638153
train,4,8.0,8.0,0.47058188915252686,0.4633609652519226,163.5869698524475
train,4,9.0,8.0,0.32718390226364136,0.6770351529121399,181.21357679367065
train,4,10.0,8.0,0.5721691250801086,0.290099561214447,198.909117937088
train,4,11.0,8.0,0.2980976700782776,0.7405716180801392,216.91322875022888
train,4,12.0,8.0,0.34539276361465454,0.633713960647583,235.85595679283142
train,4,13.0,8.0,0.3845602869987488,0.5910713076591492,253.73475670814514
train,4,14.0,8.0,0.4533258378505707,0.7028132677078247,271.4779427051544
train,4,15.0,8.0,0.4931620657444,0.4042767286300659,290.76571798324585
train,4,16.0,8.0,0.5496892929077148,0.4467591643333435,308.739786863327
train,4,17.0,8.0,0.3997228145599365,0.5235013365745544,326.4104256629944
train,4,18.0,8.0,0.3429727554321289,0.6761612296104431,343.63733196258545
train,4,19.0,8.0,0.3008470833301544,0.7355921268463135,362.0901439189911
train,4,20.0,8.0,0.4741523563861847,0.4985162615776062,381.46565890312195
train,4,21.0,8.0,0.39834561944007874,0.47521787881851196,399.11964893341064
train,4,22.0,8.0,0.4444848895072937,0.568321943283081,416.07406997680664
train,4,23.0,8.0,0.3558223843574524,0.655244767665863,433.1372127532959
train,4,24.0,8.0,0.3483588695526123,0.5002862215042114,450.5202889442444
train,4,25.0,8.0,0.3988427221775055,0.5772212147712708,469.8822708129883
train,4,26.0,8.0,0.23437771201133728,0.7591784000396729,489.43494486808777
train,4,27.0,8.0,0.4105064868927002,0.6665748357772827,507.21534991264343
train,4,28.0,8.0,0.4663375914096832,0.5404688119888306,525.0911407470703
train,4,29.0,8.0,0.3334335684776306,0.6548707485198975,542.9174997806549
train,4,30.0,8.0,0.344816118478775,0.5345876812934875,560.031192779541
train,4,31.0,8.0,0.25798022747039795,0.7095287442207336,577.2077419757843
train,4,32.0,8.0,0.3931071162223816,0.5530282258987427,594.8533136844635
train,4,33.0,8.0,0.2908231019973755,0.6107462644577026,615.7826838493347
train,4,34.0,8.0,0.4269654154777527,0.6027618050575256,636.548122882843
train,4,35.0,8.0,0.20760053396224976,0.7392323017120361,655.9120409488678
train,4,36.0,8.0,0.25585758686065674,0.6026501655578613,673.7982459068298
train,4,37.0,8.0,0.2617688477039337,0.5796865224838257,692.0413558483124
train,4,38.0,8.0,0.2506295442581177,0.5689166188240051,710.4000866413116
train,4,39.0,8.0,0.3527866303920746,0.6287078261375427,728.5937259197235
train,4,40.0,8.0,0.3569638431072235,0.4928235113620758,745.6193358898163
train,4,41.0,8.0,0.3214469850063324,0.5705434679985046,764.6303298473358
train,4,42.0,8.0,0.3736799359321594,0.45224684476852417,782.5775649547577
train,4,43.0,8.0,0.43025851249694824,0.38204896450042725,801.8896749019623
train,4,44.0,8.0,0.4237079620361328,0.5702147483825684,821.6745908260345
train,4,45.0,8.0,0.3995276093482971,0.5527672171592712,840.6195578575134
train,4,46.0,8.0,0.4359104633331299,0.500023365020752,860.0261828899384
train,4,47.0,8.0,0.287672758102417,0.5078429579734802,878.4533267021179
train,4,48.0,8.0,0.3691282570362091,0.6126001477241516,895.7443327903748
train,4,49.0,8.0,0.285773903131485,0.6517999172210693,913.8011016845703
train,4,50.0,8.0,0.3575150966644287,0.5403116345405579,930.7210078239441
train,4,51.0,8.0,0.37028202414512634,0.59476637840271,947.6839158535004
train,4,52.0,8.0,0.32399195432662964,0.46128642559051514,965.3539788722992
train,4,53.0,8.0,0.4572620391845703,0.4962214529514313,984.0622498989105
train,4,54.0,8.0,0.3666473627090454,0.4833050072193146,1001.8332149982452
train,4,55.0,8.0,0.2840864360332489,0.6169919371604919,1019.3732497692108
train,4,56.0,8.0,0.389925092458725,0.3732212483882904,1036.8587210178375
train,4,57.0,8.0,0.2822079062461853,0.6343988180160522,1055.2822139263153
train,4,58.0,8.0,0.32895904779434204,0.44227030873298645,1073.1086299419403
train,4,59.0,8.0,0.27834394574165344,0.7432027459144592,1090.8117136955261
train,4,60.0,8.0,0.3281341791152954,0.5483188629150391,1108.03711271286
train,4,61.0,8.0,0.2738879919052124,0.5825085639953613,1126.4694027900696
train,4,62.0,8.0,0.5549482703208923,0.08082202076911926,1144.5052218437195
train,4,63.0,8.0,0.2971719801425934,0.6142323017120361,1161.5100128650665
train,4,64.0,8.0,0.24532972276210785,0.7160406112670898,1178.4505517482758
train,4,65.0,8.0,0.24249812960624695,0.7007569670677185,1195.249235868454
train,4,66.0,8.0,0.3802008628845215,0.7492912411689758,1212.5693397521973
train,4,67.0,8.0,0.41417476534843445,0.4767793118953705,1229.758803844452
train,4,68.0,8.0,0.27180981636047363,0.6668576598167419,1247.2216567993164
train,4,69.0,8.0,0.29001522064208984,0.6128692626953125,1264.9621758460999
train,4,70.0,8.0,0.3923625648021698,0.6720126271247864,1283.9511458873749
train,4,71.0,8.0,0.30366960167884827,0.6675688624382019,1302.4692900180817
train,4,72.0,8.0,0.29809725284576416,0.5966504216194153,1320.0970418453217
train,4,73.0,8.0,0.3495507836341858,0.7731294631958008,1337.6325659751892
train,4,74.0,8.0,0.300685852766037,0.6093778610229492,1356.3417358398438
train,4,75.0,8.0,0.2762044370174408,0.6514873504638672,1375.1061608791351
train,4,76.0,8.0,0.33671119809150696,0.7547352313995361,1393.5325818061829
train,4,77.0,8.0,0.31759151816368103,0.6890812516212463,1411.1939299106598
train,4,78.0,8.0,0.27787017822265625,0.6787862777709961,1429.7727818489075
train,4,79.0,8.0,0.262416273355484,0.5884290933609009,1448.8090889453888
train,4,80.0,8.0,0.43210944533348083,0.4857935309410095,1467.2960658073425
train,4,81.0,8.0,0.32104966044425964,0.5739932656288147,1484.5974748134613
train,4,82.0,8.0,0.38058266043663025,0.3665192723274231,1501.8820626735687
train,4,83.0,8.0,0.37579864263534546,0.7124696373939514,1519.0263028144836
train,4,84.0,8.0,0.3367495834827423,0.5160568952560425,1536.1898460388184
train,4,85.0,8.0,0.298369437456131,0.8368282914161682,1555.273990869522
train,4,86.0,8.0,0.3482394516468048,0.6491485238075256,1572.5830028057098
train,4,87.0,8.0,0.42548668384552,0.42463427782058716,1589.7477629184723
train,4,88.0,8.0,0.2523568868637085,0.6756376028060913,1606.5590398311615
train,4,89.0,8.0,0.44960999488830566,0.26961925625801086,1624.040555715561
train,4,90.0,8.0,0.1626366227865219,0.8663232326507568,1641.3214976787567
train,4,91.0,8.0,0.3756949305534363,0.5723766088485718,1659.1048548221588
train,4,92.0,8.0,0.3483024835586548,0.3618163466453552,1676.9185717105865
train,4,93.0,8.0,0.34847337007522583,0.6132979989051819,1696.1169819831848
train,4,94.0,8.0,0.30497774481773376,0.4830527603626251,1714.9845688343048
train,4,95.0,8.0,0.3085592985153198,0.7964593172073364,1734.7060987949371
train,4,96.0,8.0,0.3616008162498474,0.5321837067604065,1753.083373785019
train,4,97.0,8.0,0.37331512570381165,0.5698912143707275,1771.1177518367767
train,4,98.0,8.0,0.29206421971321106,0.6286221742630005,1789.202889919281
train,4,99.0,8.0,0.3837636411190033,0.4760258197784424,1806.4396810531616
train,4,100.0,8.0,0.47595375776290894,0.5276033878326416,1823.6965897083282
train,4,101.0,8.0,0.13731931149959564,0.7989869117736816,1840.8455958366394
train,4,102.0,8.0,0.39389950037002563,0.5390297770500183,1857.8853328227997
train,4,103.0,8.0,0.3576318025588989,0.5343924760818481,1874.7120108604431
train,4,104.0,8.0,0.3960326910018921,0.41170018911361694,1891.5473747253418
train,4,105.0,8.0,0.37819069623947144,0.5929685235023499,1911.6018488407135
train,4,106.0,8.0,0.44198697805404663,0.37194547057151794,1930.8597660064697
train,4,107.0,8.0,0.40307989716529846,0.5525311231613159,1949.2319197654724
train,4,108.0,8.0,0.3644263446331024,0.6774677038192749,1967.2992026805878
train,4,109.0,8.0,0.30767765641212463,0.5966274738311768,1985.8637738227844
train,4,110.0,8.0,0.38619697093963623,0.4483509659767151,2003.4612889289856
train,4,111.0,8.0,0.36549246311187744,0.4985983967781067,2022.0848257541656
train,4,112.0,8.0,0.38849684596061707,0.6599971055984497,2039.9759368896484
train,4,113.0,8.0,0.28854095935821533,0.7295370101928711,2058.089525938034
train,4,114.0,8.0,0.3064291477203369,0.49616146087646484,2075.7421038150787
train,4,115.0,8.0,0.3824705183506012,0.5705328583717346,2093.1324977874756
train,4,116.0,8.0,0.39122211933135986,0.5582590103149414,2110.782052755356
train,4,117.0,8.0,0.41899746656417847,0.480944961309433,2127.7168157100677
train,4,118.0,8.0,0.34862804412841797,0.5461562275886536,2145.14005279541
train,4,119.0,8.0,0.26909729838371277,0.7602990865707397,2162.4758846759796
train,4,120.0,8.0,0.3211612403392792,0.6828067898750305,2179.67160487175
train,4,121.0,8.0,0.4347933232784271,0.4236806631088257,2196.3371777534485
train,4,122.0,8.0,0.33757340908050537,0.7601878643035889,2213.122773885727
train,4,123.0,8.0,0.31920692324638367,0.8962621688842773,2229.8036589622498
train,4,124.0,8.0,0.555753767490387,0.2130955159664154,2246.7830488681793
train,4,125.0,8.0,0.24179616570472717,0.6872920393943787,2264.3874769210815
train,4,126.0,8.0,0.5009945631027222,0.5025414228439331,2282.0184059143066
train,4,127.0,8.0,0.2374143898487091,0.7016165852546692,2299.2698097229004
train,4,128.0,8.0,0.29442736506462097,0.6180038452148438,2316.2899057865143
train,4,129.0,8.0,0.42337965965270996,0.6090735793113708,2333.515852689743
train,4,130.0,8.0,0.3707659840583801,0.8021984100341797,2351.2455928325653
train,4,131.0,8.0,0.280956894159317,0.6166810989379883,2368.013473033905
train,4,132.0,8.0,0.33273255825042725,0.6268452405929565,2384.9747347831726
train,4,133.0,8.0,0.4643718898296356,0.4248254597187042,2402.4408886432648
train,4,134.0,8.0,0.237664595246315,0.7197211384773254,2419.4754779338837
train,4,135.0,8.0,0.34233543276786804,0.7362383604049683,2435.787032842636
train,4,136.0,8.0,0.20405013859272003,0.6536715626716614,2452.760538816452
val,4,,,0.33619686712821323,0.6012368688980738,2601.6095497608185
train,5,0.0,8.0,0.4022197723388672,0.6215885877609253,20.910184144973755
train,5,1.0,8.0,0.45032650232315063,0.5670689344406128,38.799479246139526
train,5,2.0,8.0,0.3234591484069824,0.5497533679008484,57.17984700202942
train,5,3.0,8.0,0.2888000011444092,0.7131773233413696,74.65250277519226
train,5,4.0,8.0,0.361223965883255,0.5923243165016174,92.41416311264038
train,5,5.0,8.0,0.4594965875148773,0.45781663060188293,109.85494995117188
train,5,6.0,8.0,0.4199557900428772,0.5069679021835327,126.86583089828491
train,5,7.0,8.0,0.2887558341026306,0.6237042546272278,144.03173899650574
train,5,8.0,8.0,0.19114691019058228,0.6763690710067749,161.67516922950745
train,5,9.0,8.0,0.38424620032310486,0.6131604313850403,180.7797122001648
train,5,10.0,8.0,0.3664226531982422,0.5886572599411011,200.0946478843689
train,5,11.0,8.0,0.40557876229286194,0.5158711075782776,219.78812408447266
train,5,12.0,8.0,0.4255705177783966,0.6097449660301208,238.3015592098236
train,5,13.0,8.0,0.22832557559013367,0.647197961807251,256.1532130241394
train,5,14.0,8.0,0.41331833600997925,0.47335314750671387,274.3029761314392
train,5,15.0,8.0,0.33592718839645386,0.5323299169540405,292.2281460762024
train,5,16.0,8.0,0.3077467978000641,0.7888765931129456,309.7007830142975
train,5,17.0,8.0,0.23261845111846924,0.7215147018432617,327.7362480163574
train,5,18.0,8.0,0.1489926278591156,0.9126728773117065,345.6148681640625
train,5,19.0,8.0,0.21903564035892487,0.7327120900154114,362.98814511299133
train,5,20.0,8.0,0.580547571182251,0.1936747431755066,380.7633481025696
train,5,21.0,8.0,0.3040834069252014,0.7942593097686768,398.35932207107544
train,5,22.0,8.0,0.3689669668674469,0.5676867365837097,416.1288568973541
train,5,23.0,8.0,0.3201669454574585,0.5915060043334961,433.6947648525238
train,5,24.0,8.0,0.39004936814308167,0.6584150791168213,450.821809053421
train,5,25.0,8.0,0.3346574902534485,0.738551676273346,468.94388484954834
train,5,26.0,8.0,0.29216036200523376,0.6960691809654236,485.91630816459656
train,5,27.0,8.0,0.2931160032749176,0.5985163450241089,503.023010969162
train,5,28.0,8.0,0.4115757346153259,0.3986295461654663,520.4265351295471
train,5,29.0,8.0,0.31695258617401123,0.6934648752212524,537.3497381210327
train,5,30.0,8.0,0.3949953615665436,0.41458603739738464,554.3840379714966
train,5,31.0,8.0,0.5266265869140625,0.3479606509208679,571.6506750583649
train,5,32.0,8.0,0.3507348299026489,0.5817740559577942,588.9823079109192
train,5,33.0,8.0,0.3822064697742462,0.5741830468177795,605.95867395401
train,5,34.0,8.0,0.3739282786846161,0.4607756733894348,623.8834080696106
train,5,35.0,8.0,0.4152778089046478,0.6003274917602539,641.1429860591888
train,5,36.0,8.0,0.3824274241924286,0.5170652270317078,658.3990108966827
train,5,37.0,8.0,0.26713040471076965,0.5161986947059631,675.5086779594421
train,5,38.0,8.0,0.21128012239933014,0.7463566064834595,692.7910120487213
train,5,39.0,8.0,0.37349945306777954,0.49726438522338867,710.8271970748901
train,5,40.0,8.0,0.3346477150917053,0.5357553958892822,727.5743489265442
train,5,41.0,8.0,0.28113120794296265,0.5131915807723999,744.7884440422058
train,5,42.0,8.0,0.3037359416484833,0.8059804439544678,762.6923768520355
train,5,43.0,8.0,0.26694077253341675,0.6590946912765503,779.7662250995636
train,5,44.0,8.0,0.1906731128692627,0.6970509886741638,796.4810090065002
train,5,45.0,8.0,0.39803409576416016,0.4708850681781769,813.4155218601227
train,5,46.0,8.0,0.47481271624565125,0.5121972560882568,830.6852922439575
train,5,47.0,8.0,0.3282158672809601,0.4096894860267639,847.5329418182373
train,5,48.0,8.0,0.42332127690315247,0.4560350775718689,866.6868350505829
train,5,49.0,8.0,0.318612277507782,0.6444656848907471,886.0484471321106
train,5,50.0,8.0,0.2554539442062378,0.6550104022026062,903.9975121021271
train,5,51.0,8.0,0.33690276741981506,0.5622650980949402,922.1113529205322
train,5,52.0,8.0,0.4731908440589905,0.3959925174713135,940.2205600738525
train,5,53.0,8.0,0.2383008450269699,0.6767483949661255,957.937618970871
train,5,54.0,8.0,0.31059738993644714,0.6601815819740295,976.6831059455872
train,5,55.0,8.0,0.21283714473247528,0.7290022373199463,994.0010368824005
train,5,56.0,8.0,0.3569791615009308,0.5854322910308838,1011.4945459365845
train,5,57.0,8.0,0.2655561566352844,0.6325458884239197,1028.2596499919891
train,5,58.0,8.0,0.24525141716003418,0.6742245554924011,1044.7598218917847
train,5,59.0,8.0,0.190376877784729,0.6834588646888733,1061.4992229938507
train,5,60.0,8.0,0.35976430773735046,0.45614972710609436,1081.005334854126
train,5,61.0,8.0,0.33134394884109497,0.5742393732070923,1099.832673072815
train,5,62.0,8.0,0.4259408116340637,0.4069702625274658,1117.2601308822632
train,5,63.0,8.0,0.31074410676956177,0.6670663356781006,1134.6522269248962
train,5,64.0,8.0,0.31039947271347046,0.6535761952400208,1151.249992132187
train,5,65.0,8.0,0.362826943397522,0.5547316670417786,1170.1806559562683
train,5,66.0,8.0,0.2576993405818939,0.5545433163642883,1190.7446310520172
train,5,67.0,8.0,0.3486151397228241,0.5954545140266418,1212.2383470535278
train,5,68.0,8.0,0.3314468264579773,0.4010382294654846,1231.7760798931122
train,5,69.0,8.0,0.5533431172370911,0.285586416721344,1250.094080209732
train,5,70.0,8.0,0.34908899664878845,0.49166139960289,1268.5857019424438
train,5,71.0,8.0,0.3556137979030609,0.5200628638267517,1285.9210460186005
train,5,72.0,8.0,0.3243131935596466,0.7669743299484253,1303.9511330127716
train,5,73.0,8.0,0.37067827582359314,0.6853302717208862,1321.0885610580444
train,5,74.0,8.0,0.2951449155807495,0.6162974238395691,1339.0566091537476
train,5,75.0,8.0,0.3881934881210327,0.43810197710990906,1357.6757788658142
train,5,76.0,8.0,0.3581813871860504,0.705349326133728,1376.2130000591278
train,5,77.0,8.0,0.41134142875671387,0.43501725792884827,1393.7794818878174
train,5,78.0,8.0,0.22393673658370972,0.7367674708366394,1410.9528908729553
train,5,79.0,8.0,0.32211560010910034,0.6480875015258789,1427.8465299606323
train,5,80.0,8.0,0.2142866551876068,0.8566498756408691,1445.5384540557861
train,5,81.0,8.0,0.38178786635398865,0.36774182319641113,1464.4790740013123
train,5,82.0,8.0,0.46738430857658386,0.4001503586769104,1483.4799370765686
train,5,83.0,8.0,0.3032633662223816,0.6789071559906006,1500.6030700206757
train,5,84.0,8.0,0.4318002462387085,0.4609925150871277,1518.2208459377289
train,5,85.0,8.0,0.29635122418403625,0.8086103200912476,1535.473804950714
train,5,86.0,8.0,0.3404354155063629,0.7341110110282898,1553.5186660289764
train,5,87.0,8.0,0.33111143112182617,0.737273097038269,1570.8592879772186
train,5,88.0,8.0,0.2578715980052948,0.644417941570282,1587.9547390937805
train,5,89.0,8.0,0.42318230867385864,0.7000179886817932,1604.8635330200195
train,5,90.0,8.0,0.3157082796096802,0.6489121913909912,1621.91601395607
train,5,91.0,8.0,0.3223705589771271,0.7516340017318726,1638.8773138523102
train,5,92.0,8.0,0.36950403451919556,0.3215194642543793,1655.7704029083252
train,5,93.0,8.0,0.34414196014404297,0.6138936877250671,1673.7638092041016
train,5,94.0,8.0,0.3065837025642395,0.6922391653060913,1691.5976169109344
train,5,95.0,8.0,0.2906635105609894,0.6038680076599121,1711.0118238925934
train,5,96.0,8.0,0.2482241541147232,0.5912513732910156,1730.2837460041046
train,5,97.0,8.0,0.4749912619590759,0.39001598954200745,1749.3414261341095
train,5,98.0,8.0,0.37022051215171814,0.42512407898902893,1768.3445568084717
train,5,99.0,8.0,0.35237932205200195,0.5080791711807251,1787.9740340709686
train,5,100.0,8.0,0.32773900032043457,0.44889378547668457,1807.4542560577393
train,5,101.0,8.0,0.36225470900535583,0.5976075530052185,1826.6586420536041
train,5,102.0,8.0,0.3060442805290222,0.4798067510128021,1847.173418045044
train,5,103.0,8.0,0.25892937183380127,0.6495250463485718,1867.1925349235535
train,5,104.0,8.0,0.2747955024242401,0.7284910678863525,1885.0603969097137
train,5,105.0,8.0,0.3101469874382019,0.6829847693443298,1902.6758620738983
train,5,106.0,8.0,0.25163426995277405,0.6667959094047546,1920.3549880981445
train,5,107.0,8.0,0.24344420433044434,0.6858683228492737,1937.394196987152
train,5,108.0,8.0,0.2787629961967468,0.7281150817871094,1954.8255581855774
train,5,109.0,8.0,0.33224087953567505,0.6984648704528809,1972.759062051773
train,5,110.0,8.0,0.33220505714416504,0.6237581968307495,1989.5286438465118
train,5,111.0,8.0,0.2696518003940582,0.6109604239463806,2006.2064089775085
train,5,112.0,8.0,0.2760014533996582,0.7415338754653931,2022.9738140106201
train,5,113.0,8.0,0.29034000635147095,0.5136280655860901,2040.4900040626526
train,5,114.0,8.0,0.45341622829437256,0.3422951102256775,2057.4417250156403
train,5,115.0,8.0,0.29589369893074036,0.830930769443512,2074.5004119873047
train,5,116.0,8.0,0.16675731539726257,0.7090688943862915,2092.14018702507
train,5,117.0,8.0,0.4027053713798523,0.5663399696350098,2109.6525888442993
train,5,118.0,8.0,0.3876679837703705,0.42279624938964844,2127.547126054764
train,5,119.0,8.0,0.3492737114429474,0.5931264162063599,2145.083489179611
train,5,120.0,8.0,0.262520968914032,0.6242204904556274,2163.050838947296
train,5,121.0,8.0,0.2904803454875946,0.5732194781303406,2180.0460019111633
train,5,122.0,8.0,0.24668283760547638,0.7844558954238892,2197.038444042206
train,5,123.0,8.0,0.4165711998939514,0.619755744934082,2214.372001886368
train,5,124.0,8.0,0.3648321330547333,0.8051066398620605,2231.454841852188
train,5,125.0,8.0,0.31755006313323975,0.5252326130867004,2248.943435192108
train,5,126.0,8.0,0.3454843759536743,0.5183138847351074,2266.3693001270294
train,5,127.0,8.0,0.38263967633247375,0.5453203916549683,2283.9478821754456
train,5,128.0,8.0,0.3123105764389038,0.6689504384994507,2300.797959089279
train,5,129.0,8.0,0.4489341378211975,0.25982004404067993,2318.2639350891113
train,5,130.0,8.0,0.31364285945892334,0.5445888042449951,2335.1694600582123
train,5,131.0,8.0,0.33583223819732666,0.7337145805358887,2351.8631398677826
train,5,132.0,8.0,0.25695082545280457,0.6471732258796692,2369.5907139778137
train,5,133.0,8.0,0.2970450222492218,0.4732174277305603,2387.269093990326
train,5,134.0,8.0,0.2663082182407379,0.7213928699493408,2404.2906551361084
train,5,135.0,8.0,0.3997166156768799,0.4156510829925537,2421.2408590316772
train,5,136.0,8.0,0.24871736764907837,0.6618456244468689,2438.701272010803
val,5,,,0.3208649555842082,0.6081538488467534,2587.6209292411804
train,6,0.0,8.0,0.3809545636177063,0.3979598879814148,20.83388900756836
train,6,1.0,8.0,0.22608067095279694,0.705795168876648,39.38464689254761
train,6,2.0,8.0,0.2964298129081726,0.5755500793457031,57.19320487976074
train,6,3.0,8.0,0.30873551964759827,0.5226495265960693,74.61867690086365
train,6,4.0,8.0,0.2753898799419403,0.7270702719688416,92.13491106033325
train,6,5.0,8.0,0.4170883893966675,0.4688735902309418,109.5247209072113
train,6,6.0,8.0,0.46492624282836914,0.26286521553993225,126.71639394760132
train,6,7.0,8.0,0.2799339294433594,0.721139132976532,144.5476520061493
train,6,8.0,8.0,0.24929292500019073,0.6524956822395325,162.17873311042786
train,6,9.0,8.0,0.4027796983718872,0.7568157911300659,179.1683919429779
train,6,10.0,8.0,0.3184385895729065,0.6477298736572266,196.03812980651855
train,6,11.0,8.0,0.2668817639350891,0.7439931035041809,214.36436414718628
train,6,12.0,8.0,0.3808891773223877,0.6326295137405396,232.0158131122589
train,6,13.0,8.0,0.2904745936393738,0.6848627924919128,249.44120407104492
train,6,14.0,8.0,0.2908953130245209,0.6908442974090576,266.56624579429626
train,6,15.0,8.0,0.3598979413509369,0.5795129537582397,283.73206186294556
train,6,16.0,8.0,0.23746320605278015,0.8016878962516785,300.8161840438843
train,6,17.0,8.0,0.2631458342075348,0.7432645559310913,317.84337520599365
train,6,18.0,8.0,0.27354079484939575,0.7334619760513306,334.7494740486145
train,6,19.0,8.0,0.22371011972427368,0.8187978267669678,351.53551506996155
train,6,20.0,8.0,0.3058084547519684,0.4482709467411041,368.16535902023315
train,6,21.0,8.0,0.31523802876472473,0.5002405643463135,385.37262320518494
train,6,22.0,8.0,0.2747637927532196,0.6040442585945129,404.379909992218
train,6,23.0,8.0,0.31258803606033325,0.6488131284713745,422.9436631202698
train,6,24.0,8.0,0.3204665780067444,0.7539799213409424,441.3246440887451
train,6,25.0,8.0,0.27980443835258484,0.7336190938949585,458.9895429611206
train,6,26.0,8.0,0.21134935319423676,0.7408317923545837,475.9885799884796
train,6,27.0,8.0,0.21742454171180725,0.7261785864830017,493.5070869922638
train,6,28.0,8.0,0.20322935283184052,0.750123143196106,510.9748229980469
train,6,29.0,8.0,0.278712660074234,0.6167879104614258,528.0531368255615
train,6,30.0,8.0,0.4161873161792755,0.41913968324661255,544.9368481636047
train,6,31.0,8.0,0.24313753843307495,0.7772925496101379,561.764407157898
train,6,32.0,8.0,0.32429102063179016,0.733755350112915,578.6263501644135
train,6,33.0,8.0,0.26483818888664246,0.5201683044433594,595.5425431728363
train,6,34.0,8.0,0.37343671917915344,0.306605726480484,612.0231990814209
train,6,35.0,8.0,0.3659819960594177,0.48671919107437134,629.1473550796509
train,6,36.0,8.0,0.5095013976097107,0.3405311405658722,645.6743319034576
train,6,37.0,8.0,0.3379257917404175,0.710808277130127,662.6965219974518
train,6,38.0,8.0,0.2667393088340759,0.5496329665184021,680.106724023819
train,6,39.0,8.0,0.2923815846443176,0.8063151836395264,697.0774970054626
train,6,40.0,8.0,0.2945864200592041,0.677607536315918,714.3213551044464
train,6,41.0,8.0,0.37766584753990173,0.669522225856781,733.1397039890289
train,6,42.0,8.0,0.4237251877784729,0.6159172654151917,750.7130889892578
train,6,43.0,8.0,0.240023672580719,0.660219669342041,767.729730129242
train,6,44.0,8.0,0.24298475682735443,0.6563754677772522,787.8525319099426
train,6,45.0,8.0,0.2263828068971634,0.6852120161056519,807.7413609027863
train,6,46.0,8.0,0.37216007709503174,0.6760286092758179,827.0225698947906
train,6,47.0,8.0,0.2856234014034271,0.4748486280441284,845.2444701194763
train,6,48.0,8.0,0.4089007079601288,0.6181423664093018,862.2342531681061
train,6,49.0,8.0,0.2905280292034149,0.7982967495918274,879.5340240001678
train,6,50.0,8.0,0.40560445189476013,0.6935961246490479,895.9572658538818
train,6,51.0,8.0,0.38672715425491333,0.5380914807319641,912.673700094223
train,6,52.0,8.0,0.20716309547424316,0.874112606048584,930.0114450454712
train,6,53.0,8.0,0.3133675456047058,0.6277738809585571,947.4812381267548
train,6,54.0,8.0,0.34700751304626465,0.6025102734565735,964.8874599933624
train,6,55.0,8.0,0.1466195434331894,0.7477794289588928,983.9604711532593
train,6,56.0,8.0,0.2789548933506012,0.7081544399261475,1003.4563970565796
train,6,57.0,8.0,0.3211275637149811,0.5399277210235596,1021.9643790721893
train,6,58.0,8.0,0.2826003134250641,0.5848413705825806,1040.7303149700165
train,6,59.0,8.0,0.2376987487077713,0.7970907092094421,1060.1181690692902
train,6,60.0,8.0,0.26614293456077576,0.49601152539253235,1078.8086321353912
train,6,61.0,8.0,0.2373201549053192,0.5854450464248657,1095.9926490783691
train,6,62.0,8.0,0.35050156712532043,0.6971033811569214,1113.5157430171967
train,6,63.0,8.0,0.31941744685173035,0.5185731649398804,1131.16037607193
train,6,64.0,8.0,0.1982232928276062,0.7503938674926758,1148.517914056778
train,6,65.0,8.0,0.38165080547332764,0.6346299648284912,1166.6715099811554
train,6,66.0,8.0,0.22256894409656525,0.7057369947433472,1184.4437329769135
train,6,67.0,8.0,0.31030309200286865,0.6723511219024658,1202.0828909873962
train,6,68.0,8.0,0.31443795561790466,0.7533610463142395,1220.1264100074768
train,6,69.0,8.0,0.3372330367565155,0.4898422062397003,1237.8254888057709
train,6,70.0,8.0,0.285896897315979,0.693105936050415,1255.9533319473267
train,6,71.0,8.0,0.38822105526924133,0.6385011076927185,1272.9366390705109
train,6,72.0,8.0,0.33079326152801514,0.6019075512886047,1292.3210220336914
train,6,73.0,8.0,0.24244672060012817,0.5611866116523743,1311.939435005188
train,6,74.0,8.0,0.23643572628498077,0.5994997024536133,1330.533795118332
train,6,75.0,8.0,0.21691912412643433,0.847070574760437,1349.0116448402405
train,6,76.0,8.0,0.2385396510362625,0.6770747900009155,1366.2121720314026
train,6,77.0,8.0,0.27400147914886475,0.706336498260498,1383.602473974228
train,6,78.0,8.0,0.43339475989341736,0.4399050772190094,1400.8153669834137
train,6,79.0,8.0,0.5101097822189331,0.31877025961875916,1418.510214805603
train,6,80.0,8.0,0.32699134945869446,0.6343921422958374,1436.3024640083313
train,6,81.0,8.0,0.36384978890419006,0.4764472246170044,1453.0517308712006
train,6,82.0,8.0,0.2429531365633011,0.5613743662834167,1470.5290360450745
train,6,83.0,8.0,0.2904609143733978,0.675868809223175,1488.0099258422852
train,6,84.0,8.0,0.2142166942358017,0.8591892719268799,1504.8518240451813
train,6,85.0,8.0,0.282327800989151,0.7081413865089417,1522.1640808582306
train,6,86.0,8.0,0.19162312150001526,0.6317806243896484,1539.5035560131073
train,6,87.0,8.0,0.32200250029563904,0.6244997382164001,1556.9363708496094
train,6,88.0,8.0,0.29553884267807007,0.6639997959136963,1574.3626980781555
train,6,89.0,8.0,0.25163865089416504,0.6297041773796082,1592.0972311496735
train,6,90.0,8.0,0.2686581313610077,0.6001795530319214,1609.561530828476
train,6,91.0,8.0,0.3495781123638153,0.5005035400390625,1627.448364019394
train,6,92.0,8.0,0.32169562578201294,0.6272494792938232,1645.2379760742188
train,6,93.0,8.0,0.2538394033908844,0.6291905641555786,1662.5640819072723
train,6,94.0,8.0,0.30875787138938904,0.6570614576339722,1680.1268029212952
train,6,95.0,8.0,0.3343551456928253,0.42038777470588684,1697.5756480693817
train,6,96.0,8.0,0.3390025496482849,0.5824829936027527,1715.2334909439087
train,6,97.0,8.0,0.39017942547798157,0.6290793418884277,1732.9064559936523
train,6,98.0,8.0,0.24233882129192352,0.5299072265625,1749.7367601394653
train,6,99.0,8.0,0.508425772190094,0.2141924649477005,1766.6428020000458
train,6,100.0,8.0,0.3003271222114563,0.5709380507469177,1783.9582200050354
train,6,101.0,8.0,0.28724727034568787,0.43236008286476135,1800.7207238674164
train,6,102.0,8.0,0.3011455535888672,0.5478934049606323,1817.6172370910645
train,6,103.0,8.0,0.2587863504886627,0.7303316593170166,1834.474590063095
train,6,104.0,8.0,0.3819081485271454,0.3153637945652008,1851.1780400276184
train,6,105.0,8.0,0.30713313817977905,0.6528670787811279,1869.9638130664825
train,6,106.0,8.0,0.2197287678718567,0.6953396797180176,1889.6677639484406
train,6,107.0,8.0,0.3025541603565216,0.5513278245925903,1908.106239080429
train,6,108.0,8.0,0.23270635306835175,0.6570780873298645,1926.502238035202
train,6,109.0,8.0,0.38957759737968445,0.3530486822128296,1944.6643760204315
train,6,110.0,8.0,0.2008323073387146,0.7642126679420471,1963.7928500175476
train,6,111.0,8.0,0.38819098472595215,0.6465380787849426,1982.2263460159302
train,6,112.0,8.0,0.29508620500564575,0.6708013415336609,2001.4304068088531
train,6,113.0,8.0,0.437492311000824,0.5561950206756592,2019.7507870197296
train,6,114.0,8.0,0.3359943926334381,0.5805593132972717,2037.5078887939453
train,6,115.0,8.0,0.34203070402145386,0.5032281875610352,2054.5152740478516
train,6,116.0,8.0,0.29969850182533264,0.5255356431007385,2072.204410791397
train,6,117.0,8.0,0.35218697786331177,0.4022853970527649,2089.1461288928986
train,6,118.0,8.0,0.3039235472679138,0.4349849224090576,2105.8956758975983
train,6,119.0,8.0,0.23919695615768433,0.6620187759399414,2122.579339981079
train,6,120.0,8.0,0.17280246317386627,0.7886611223220825,2140.063476085663
train,6,121.0,8.0,0.2642621397972107,0.7357096076011658,2156.470004081726
train,6,122.0,8.0,0.3013923168182373,0.5306731462478638,2173.165652036667
train,6,123.0,8.0,0.35155829787254333,0.4936061501502991,2191.6195929050446
train,6,124.0,8.0,0.3504038453102112,0.6895767450332642,2208.8433651924133
train,6,125.0,8.0,0.3266584277153015,0.6085925102233887,2226.591749191284
train,6,126.0,8.0,0.2813142240047455,0.6842483878135681,2243.747363090515
train,6,127.0,8.0,0.29969555139541626,0.6523489952087402,2262.171947956085
train,6,128.0,8.0,0.1721131056547165,0.8025625348091125,2280.0451068878174
train,6,129.0,8.0,0.3279954493045807,0.6039841175079346,2297.3989601135254
train,6,130.0,8.0,0.3320219814777374,0.7396650314331055,2315.051025867462
train,6,131.0,8.0,0.22334225475788116,0.6763231158256531,2334.3033080101013
train,6,132.0,8.0,0.35002943873405457,0.33048689365386963,2352.305668115616
train,6,133.0,8.0,0.4470135569572449,0.42066067457199097,2370.156742811203
train,6,134.0,8.0,0.24444261193275452,0.6416729092597961,2387.7848360538483
train,6,135.0,8.0,0.27188846468925476,0.6959353685379028,2404.239646911621
train,6,136.0,8.0,0.3535957634449005,0.4462331533432007,2420.7369871139526
val,6,,,0.3112581809361776,0.5454314187169075,2569.1356530189514
train,7,0.0,8.0,0.28423872590065,0.455757737159729,19.845074892044067
train,7,1.0,8.0,0.3496827185153961,0.4265810549259186,38.42237067222595
train,7,2.0,8.0,0.28195276856422424,0.49209052324295044,56.39813470840454
train,7,3.0,8.0,0.2902573049068451,0.6013541221618652,73.29652190208435
train,7,4.0,8.0,0.4541376531124115,0.40717756748199463,90.39668869972229
train,7,5.0,8.0,0.23634152114391327,0.5553035736083984,108.01059675216675
train,7,6.0,8.0,0.25929197669029236,0.7413772344589233,125.02214980125427
train,7,7.0,8.0,0.3033444881439209,0.7859351634979248,141.69963479042053
train,7,8.0,8.0,0.3853345811367035,0.4838159382343292,159.10761284828186
train,7,9.0,8.0,0.3038196563720703,0.5337915420532227,175.83884978294373
train,7,10.0,8.0,0.30546486377716064,0.6834853887557983,192.98399877548218
train,7,11.0,8.0,0.3544725179672241,0.4300944209098816,212.2245969772339
train,7,12.0,8.0,0.30772510170936584,0.4124985635280609,232.06468081474304
train,7,13.0,8.0,0.3763757646083832,0.5596628189086914,251.3798577785492
train,7,14.0,8.0,0.3797151446342468,0.5224637985229492,269.644642829895
train,7,15.0,8.0,0.37883248925209045,0.62033611536026,287.70170497894287
train,7,16.0,8.0,0.27617260813713074,0.559725284576416,305.18764781951904
train,7,17.0,8.0,0.44987162947654724,0.5112366676330566,322.37521481513977
train,7,18.0,8.0,0.2729277014732361,0.8510633111000061,349.5355966091156
train,7,19.0,8.0,0.24821412563323975,0.7611414194107056,368.8126337528229
train,7,20.0,8.0,0.286170095205307,0.680168628692627,385.9787938594818
train,7,21.0,8.0,0.364303320646286,0.6537021398544312,403.0997817516327
train,7,22.0,8.0,0.31776371598243713,0.6293846964836121,420.2817997932434
train,7,23.0,8.0,0.2623724043369293,0.7273607850074768,437.7156548500061
train,7,24.0,8.0,0.4204224646091461,0.24961210787296295,456.50236797332764
train,7,25.0,8.0,0.3594043254852295,0.788431704044342,474.7997658252716
train,7,26.0,8.0,0.1818663328886032,0.6664414405822754,492.401038646698
train,7,27.0,8.0,0.3122527301311493,0.7647461891174316,509.91559195518494
train,7,28.0,8.0,0.3720460534095764,0.6518352627754211,527.7959628105164
train,7,29.0,8.0,0.3192218244075775,0.6237145066261292,545.450437784195
train,7,30.0,8.0,0.3077525496482849,0.5638179779052734,564.4957549571991
train,7,31.0,8.0,0.2433796525001526,0.7577689290046692,581.9467630386353
train,7,32.0,8.0,0.12279944121837616,0.8285772800445557,600.1748287677765
train,7,33.0,8.0,0.32231175899505615,0.6139277815818787,617.1948049068451
train,7,34.0,8.0,0.22690390050411224,0.5465356111526489,634.7804837226868
train,7,35.0,8.0,0.17773327231407166,0.7853376865386963,652.3402998447418
train,7,36.0,8.0,0.31097251176834106,0.5288035273551941,670.9691557884216
train,7,37.0,8.0,0.34716781973838806,0.6845992207527161,690.0081288814545
train,7,38.0,8.0,0.26764294505119324,0.4915510416030884,707.8112337589264
train,7,39.0,8.0,0.21760521829128265,0.6878344416618347,725.3415088653564
train,7,40.0,8.0,0.31705474853515625,0.5000746250152588,742.2630426883698
train,7,41.0,8.0,0.27408653497695923,0.5664698481559753,759.2295689582825
train,7,42.0,8.0,0.3580947518348694,0.5566293001174927,776.4442439079285
train,7,43.0,8.0,0.33721086382865906,0.6977312564849854,793.3951480388641
train,7,44.0,8.0,0.48786962032318115,0.3397769331932068,810.3373639583588
train,7,45.0,8.0,0.21076978743076324,0.7064095735549927,828.0907328128815
train,7,46.0,8.0,0.23151355981826782,0.6696258187294006,845.8831918239594
train,7,47.0,8.0,0.21144025027751923,0.7095394134521484,863.8198277950287
train,7,48.0,8.0,0.27167168259620667,0.7083173394203186,882.7017278671265
train,7,49.0,8.0,0.2987106144428253,0.5536479353904724,900.4705898761749
train,7,50.0,8.0,0.2285935878753662,0.7819955348968506,918.2062389850616
train,7,51.0,8.0,0.2586859464645386,0.751382052898407,935.300283908844
train,7,52.0,8.0,0.2896796762943268,0.42629924416542053,952.4771568775177
train,7,53.0,8.0,0.28909778594970703,0.6774624586105347,970.1504547595978
train,7,54.0,8.0,0.19556528329849243,0.7351962327957153,988.1597228050232
train,7,55.0,8.0,0.4528060555458069,0.282331645488739,1006.9574377536774
train,7,56.0,8.0,0.2556045949459076,0.6063500642776489,1024.7824120521545
train,7,57.0,8.0,0.174595907330513,0.7876389026641846,1041.8003997802734
train,7,58.0,8.0,0.39362576603889465,0.502625048160553,1059.1379888057709
train,7,59.0,8.0,0.18666261434555054,0.765062689781189,1076.4680078029633
train,7,60.0,8.0,0.33602869510650635,0.7019785642623901,1093.107486963272
train,7,61.0,8.0,0.19995880126953125,0.6197919249534607,1110.0973827838898
train,7,62.0,8.0,0.3012518584728241,0.5089234113693237,1127.250207901001
train,7,63.0,8.0,0.26769107580184937,0.5012148022651672,1145.6363909244537
train,7,64.0,8.0,0.4825066924095154,0.33762994408607483,1163.5935287475586
train,7,65.0,8.0,0.29138848185539246,0.551954984664917,1181.3721196651459
train,7,66.0,8.0,0.33412912487983704,0.5722442865371704,1198.711139678955
train,7,67.0,8.0,0.4630417227745056,0.37277668714523315,1215.4507677555084
train,7,68.0,8.0,0.3346518874168396,0.5810726881027222,1232.5544366836548
train,7,69.0,8.0,0.2304130494594574,0.7787857055664062,1249.9676117897034
train,7,70.0,8.0,0.40001732110977173,0.7079485058784485,1266.893474817276
train,7,71.0,8.0,0.348134845495224,0.4447600841522217,1284.1120467185974
train,7,72.0,8.0,0.29707202315330505,0.5284616351127625,1301.5335476398468
train,7,73.0,8.0,0.2724849581718445,0.6056758761405945,1318.4751958847046
train,7,74.0,8.0,0.23900824785232544,0.6503143310546875,1335.2217218875885
train,7,75.0,8.0,0.2773311734199524,0.6917518377304077,1352.7010576725006
train,7,76.0,8.0,0.26952287554740906,0.4736774265766144,1371.6675589084625
train,7,77.0,8.0,0.201182022690773,0.8872430324554443,1388.9997696876526
train,7,78.0,8.0,0.276958167552948,0.5705174207687378,1405.9290518760681
train,7,79.0,8.0,0.2647158205509186,0.7217229008674622,1424.0684328079224
train,7,80.0,8.0,0.19379134476184845,0.8770131468772888,1443.1491587162018
train,7,81.0,8.0,0.25213366746902466,0.6111623644828796,1461.81947183609
train,7,82.0,8.0,0.4180068075656891,0.5574951171875,1479.9042947292328
train,7,83.0,8.0,0.2656705677509308,0.7113158702850342,1497.6947729587555
train,7,84.0,8.0,0.18042398989200592,0.7823731899261475,1514.6894998550415
train,7,85.0,8.0,0.24226708710193634,0.6491274833679199,1531.8901238441467
train,7,86.0,8.0,0.2964099049568176,0.6503235697746277,1548.935861825943
train,7,87.0,8.0,0.19350963830947876,0.7310529351234436,1566.1081879138947
train,7,88.0,8.0,0.2847343981266022,0.6911674737930298,1582.6712517738342
train,7,89.0,8.0,0.3119446337223053,0.6189305186271667,1600.3817956447601
train,7,90.0,8.0,0.2643784284591675,0.5786047577857971,1617.8480849266052
train,7,91.0,8.0,0.2726110517978668,0.7087035179138184,1634.680345773697
train,7,92.0,8.0,0.40042319893836975,0.4530097246170044,1653.8079698085785
train,7,93.0,8.0,0.31479305028915405,0.6096622943878174,1670.3647348880768
train,7,94.0,8.0,0.1914151906967163,0.7473664283752441,1686.7372817993164
train,7,95.0,8.0,0.18258146941661835,0.7472742199897766,1703.8383548259735
train,7,96.0,8.0,0.23762944340705872,0.64351487159729,1723.0352928638458
train,7,97.0,8.0,0.3114926517009735,0.7517635226249695,1740.3952057361603
train,7,98.0,8.0,0.24394850432872772,0.6230903267860413,1758.4083399772644
train,7,99.0,8.0,0.36056753993034363,0.5250750780105591,1775.965628862381
train,7,100.0,8.0,0.31785866618156433,0.6143920421600342,1793.4203088283539
train,7,101.0,8.0,0.18317510187625885,0.8925886750221252,1810.9912467002869
train,7,102.0,8.0,0.3386244475841522,0.48026132583618164,1828.9683458805084
train,7,103.0,8.0,0.3311878442764282,0.4695161283016205,1847.7044296264648
train,7,104.0,8.0,0.2561758756637573,0.7309659123420715,1864.8903558254242
train,7,105.0,8.0,0.3015606701374054,0.5258640646934509,1881.7436237335205
train,7,106.0,8.0,0.24026262760162354,0.6538717746734619,1898.9438998699188
train,7,107.0,8.0,0.29471081495285034,0.5161967873573303,1915.6958746910095
train,7,108.0,8.0,0.22686445713043213,0.6762582659721375,1933.7487397193909
train,7,109.0,8.0,0.2206149399280548,0.6978581547737122,1953.06942486763
train,7,110.0,8.0,0.24215392768383026,0.6442676782608032,1971.2840218544006
train,7,111.0,8.0,0.28955936431884766,0.5578956604003906,1988.7674329280853
train,7,112.0,8.0,0.21224269270896912,0.8311365842819214,2005.986222743988
train,7,113.0,8.0,0.3895573318004608,0.38244524598121643,2024.1225547790527
train,7,114.0,8.0,0.30047231912612915,0.5405800342559814,2041.7443866729736
train,7,115.0,8.0,0.3676794767379761,0.6267865896224976,2060.254707813263
train,7,116.0,8.0,0.20598207414150238,0.5928739309310913,2080.57848072052
train,7,117.0,8.0,0.23971474170684814,0.6302255392074585,2099.011556863785
train,7,118.0,8.0,0.3123930096626282,0.6187744736671448,2116.772157907486
train,7,119.0,8.0,0.3877532482147217,0.5930348038673401,2134.096437931061
train,7,120.0,8.0,0.15509003400802612,0.6929066181182861,2153.6979808807373
train,7,121.0,8.0,0.22183629870414734,0.803039014339447,2171.3646907806396
train,7,122.0,8.0,0.25748154520988464,0.4878195524215698,2188.3750097751617
train,7,123.0,8.0,0.2702483534812927,0.69943767786026,2206.0878188610077
train,7,124.0,8.0,0.35859280824661255,0.4713515341281891,2223.1183807849884
train,7,125.0,8.0,0.23781894147396088,0.5463122725486755,2239.7611639499664
train,7,126.0,8.0,0.26329344511032104,0.7275457382202148,2256.4741587638855
train,7,127.0,8.0,0.2788642942905426,0.6899965405464172,2273.522466659546
train,7,128.0,8.0,0.26895207166671753,0.4910987615585327,2293.2637345790863
train,7,129.0,8.0,0.301254540681839,0.5174865126609802,2309.9921526908875
train,7,130.0,8.0,0.30146223306655884,0.6420993804931641,2326.9942598342896
train,7,131.0,8.0,0.25885024666786194,0.8486433029174805,2344.251494884491
train,7,132.0,8.0,0.45560553669929504,0.24014689028263092,2362.1470017433167
train,7,133.0,8.0,0.3413695693016052,0.552976667881012,2380.2849526405334
train,7,134.0,8.0,0.4757252037525177,0.4817298650741577,2397.3798508644104
train,7,135.0,8.0,0.19254453480243683,0.7419432401657104,2414.895912885666
train,7,136.0,8.0,0.261138916015625,0.7200379967689514,2432.3967266082764
val,7,,,0.29680650134881337,0.6035898854335149,2579.9583308696747
train,8,0.0,8.0,0.3171139657497406,0.8068041801452637,19.96389675140381
train,8,1.0,8.0,0.459038645029068,0.25383540987968445,38.40733003616333
train,8,2.0,8.0,0.3365209400653839,0.5657751560211182,55.85332202911377
train,8,3.0,8.0,0.19371344149112701,0.6144004464149475,73.1290078163147
train,8,4.0,8.0,0.21774506568908691,0.675679624080658,90.47403693199158
train,8,5.0,8.0,0.29261258244514465,0.5704891681671143,108.45087194442749
train,8,6.0,8.0,0.3178168833255768,0.500106692314148,125.53059792518616
train,8,7.0,8.0,0.2170722633600235,0.6870472431182861,142.840069770813
train,8,8.0,8.0,0.28202560544013977,0.6619234085083008,160.76212692260742
train,8,9.0,8.0,0.2758809030056,0.8181390762329102,178.7335820198059
train,8,10.0,8.0,0.24097129702568054,0.7931802272796631,198.03695583343506
train,8,11.0,8.0,0.2306041121482849,0.7826598882675171,215.9305169582367
train,8,12.0,8.0,0.25743234157562256,0.7265917658805847,233.03508687019348
train,8,13.0,8.0,0.43074578046798706,0.5264981985092163,250.2044289112091
train,8,14.0,8.0,0.26523128151893616,0.705733060836792,267.2390458583832
train,8,15.0,8.0,0.34262365102767944,0.43456268310546875,284.92116594314575
train,8,16.0,8.0,0.12814730405807495,0.7543636560440063,301.8480279445648
train,8,17.0,8.0,0.2205956131219864,0.666917622089386,318.8465988636017
train,8,18.0,8.0,0.3455733060836792,0.5595422983169556,336.4608199596405
train,8,19.0,8.0,0.20813730359077454,0.6916431188583374,355.85054183006287
train,8,20.0,8.0,0.20093990862369537,0.6163595914840698,373.716059923172
train,8,21.0,8.0,0.29078301787376404,0.5345461964607239,391.904629945755
train,8,22.0,8.0,0.2950208783149719,0.5333960056304932,409.1564140319824
train,8,23.0,8.0,0.33364662528038025,0.8243182301521301,426.48024702072144
train,8,24.0,8.0,0.26028960943222046,0.5854411721229553,443.88102078437805
train,8,25.0,8.0,0.24901175498962402,0.7693316340446472,461.47127890586853
train,8,26.0,8.0,0.30623331665992737,0.7559072375297546,479.40155601501465
train,8,27.0,8.0,0.2087922841310501,0.8330707550048828,496.93430185317993
train,8,28.0,8.0,0.23296338319778442,0.6551001667976379,513.8137669563293
train,8,29.0,8.0,0.25070902705192566,0.6180500388145447,531.211874961853
train,8,30.0,8.0,0.4917961061000824,0.21526552736759186,548.5524139404297
train,8,31.0,8.0,0.31766876578330994,0.722800612449646,565.9658238887787
train,8,32.0,8.0,0.24525436758995056,0.5363758206367493,585.6487801074982
train,8,33.0,8.0,0.3152744770050049,0.611974835395813,604.7003829479218
train,8,34.0,8.0,0.2967408001422882,0.6430951952934265,622.8578329086304
train,8,35.0,8.0,0.3264310359954834,0.7180200219154358,640.6769008636475
train,8,36.0,8.0,0.302327424287796,0.5170719623565674,658.4371557235718
train,8,37.0,8.0,0.3343130946159363,0.5779460668563843,675.5865428447723
train,8,38.0,8.0,0.3947488069534302,0.5009279251098633,692.8582217693329
train,8,39.0,8.0,0.2955511212348938,0.5326457619667053,710.2682738304138
train,8,40.0,8.0,0.2971363067626953,0.660798966884613,727.4666628837585
train,8,41.0,8.0,0.23069575428962708,0.8036447763442993,745.1262438297272
train,8,42.0,8.0,0.3535463809967041,0.5284165143966675,763.3636937141418
train,8,43.0,8.0,0.5558251738548279,0.1412174254655838,781.0323870182037
train,8,44.0,8.0,0.2448124885559082,0.5356073379516602,798.73397397995
train,8,45.0,8.0,0.23740744590759277,0.6541385650634766,815.9982059001923
train,8,46.0,8.0,0.3199008107185364,0.7221651077270508,833.0395908355713
train,8,47.0,8.0,0.2004125714302063,0.7136552333831787,849.9303710460663
train,8,48.0,8.0,0.19617792963981628,0.6087365746498108,866.7310338020325
train,8,49.0,8.0,0.2588360607624054,0.6105639934539795,884.2188837528229
train,8,50.0,8.0,0.3533809185028076,0.5411588549613953,901.3255507946014
train,8,51.0,8.0,0.276518851518631,0.6770605444908142,918.0819220542908
train,8,52.0,8.0,0.18698619306087494,0.6072809100151062,935.6313548088074
train,8,53.0,8.0,0.33891063928604126,0.822284996509552,953.1485891342163
train,8,54.0,8.0,0.334764689207077,0.6918211579322815,970.2940318584442
train,8,55.0,8.0,0.25659066438674927,0.6041398644447327,988.4136619567871
train,8,56.0,8.0,0.22100591659545898,0.6567805409431458,1007.7208318710327
train,8,57.0,8.0,0.23554259538650513,0.7772117257118225,1025.8653581142426
train,8,58.0,8.0,0.2828054428100586,0.5680837035179138,1044.1256167888641
train,8,59.0,8.0,0.2689259946346283,0.7038469314575195,1062.167639017105
train,8,60.0,8.0,0.25532710552215576,0.7237727046012878,1079.1752729415894
train,8,61.0,8.0,0.22714053094387054,0.6484578251838684,1096.4245429039001
train,8,62.0,8.0,0.24670451879501343,0.7503058910369873,1113.2327990531921
train,8,63.0,8.0,0.17215946316719055,0.7906886339187622,1130.5778079032898
train,8,64.0,8.0,0.3392235040664673,0.5961726903915405,1147.412493944168
train,8,65.0,8.0,0.1150885671377182,0.817370593547821,1164.5037450790405
train,8,66.0,8.0,0.3137807846069336,0.49503159523010254,1182.2758469581604
train,8,67.0,8.0,0.17014950513839722,0.8092168569564819,1200.0763819217682
train,8,68.0,8.0,0.26475289463996887,0.46861615777015686,1217.081393957138
train,8,69.0,8.0,0.31039413809776306,0.6161854267120361,1234.1616230010986
train,8,70.0,8.0,0.3142144978046417,0.7476107478141785,1252.8043839931488
train,8,71.0,8.0,0.38005414605140686,0.6122680902481079,1271.6533229351044
train,8,72.0,8.0,0.3276171088218689,0.585900068283081,1290.9213359355927
train,8,73.0,8.0,0.2679860591888428,0.8448272943496704,1309.0976178646088
train,8,74.0,8.0,0.24801293015480042,0.6134302616119385,1326.6746439933777
train,8,75.0,8.0,0.25559934973716736,0.49943792819976807,1344.4609620571136
train,8,76.0,8.0,0.19252292811870575,0.619101345539093,1361.709065914154
train,8,77.0,8.0,0.317551851272583,0.5973830223083496,1379.8053150177002
train,8,78.0,8.0,0.19212257862091064,0.6139001846313477,1396.8473999500275
train,8,79.0,8.0,0.28016209602355957,0.6847500801086426,1413.6903789043427
train,8,80.0,8.0,0.29201939702033997,0.7728630304336548,1431.0630950927734
train,8,81.0,8.0,0.2677001953125,0.5284457206726074,1448.7359790802002
train,8,82.0,8.0,0.19224271178245544,0.766960859298706,1468.6224520206451
train,8,83.0,8.0,0.37854287028312683,0.5192782878875732,1486.977199792862
train,8,84.0,8.0,0.4212845265865326,0.5542331337928772,1504.483381986618
train,8,85.0,8.0,0.2777564227581024,0.6901764273643494,1521.811428785324
train,8,86.0,8.0,0.35346221923828125,0.6582318544387817,1538.9650208950043
train,8,87.0,8.0,0.3275725543498993,0.5844502449035645,1556.4188029766083
train,8,88.0,8.0,0.2837679982185364,0.5583464503288269,1573.9204139709473
train,8,89.0,8.0,0.22204510867595673,0.6934788823127747,1591.551962852478
train,8,90.0,8.0,0.2298610359430313,0.6625775098800659,1609.1284008026123
train,8,91.0,8.0,0.2989419996738434,0.6671401262283325,1626.0614688396454
train,8,92.0,8.0,0.3059433102607727,0.62691330909729,1643.28328871727
train,8,93.0,8.0,0.19512523710727692,0.6208634972572327,1660.5047769546509
train,8,94.0,8.0,0.3114074468612671,0.8934165835380554,1677.961092710495
train,8,95.0,8.0,0.2807513475418091,0.5719696879386902,1695.1493360996246
train,8,96.0,8.0,0.28223732113838196,0.5832692384719849,1712.3193528652191
train,8,97.0,8.0,0.24112382531166077,0.7866474390029907,1729.3327088356018
train,8,98.0,8.0,0.26955899596214294,0.6969229578971863,1746.5511689186096
train,8,99.0,8.0,0.32485273480415344,0.6199871301651001,1763.9461460113525
train,8,100.0,8.0,0.30418452620506287,0.7706617712974548,1781.1027998924255
train,8,101.0,8.0,0.24701817333698273,0.747115433216095,1798.1535727977753
train,8,102.0,8.0,0.21909429132938385,0.6966291666030884,1816.831149816513
train,8,103.0,8.0,0.30198922753334045,0.6308170557022095,1836.4785969257355
train,8,104.0,8.0,0.27060192823410034,0.6868852376937866,1856.03427195549
train,8,105.0,8.0,0.21160785853862762,0.6769517660140991,1874.9052319526672
train,8,106.0,8.0,0.4026739299297333,0.45897936820983887,1893.1677057743073
train,8,107.0,8.0,0.3225550949573517,0.8514050245285034,1911.5743479728699
train,8,108.0,8.0,0.319368451833725,0.4780316948890686,1930.537582874298
train,8,109.0,8.0,0.36837634444236755,0.6248481273651123,1949.3980779647827
train,8,110.0,8.0,0.23047329485416412,0.678119957447052,1966.451171875
train,8,111.0,8.0,0.3688991367816925,0.6155211329460144,1983.4350447654724
train,8,112.0,8.0,0.3183264136314392,0.5971140265464783,2000.4318017959595
train,8,113.0,8.0,0.2518957853317261,0.7349470853805542,2018.4005088806152
train,8,114.0,8.0,0.27311965823173523,0.5848630666732788,2037.3744418621063
train,8,115.0,8.0,0.3246496915817261,0.5974892377853394,2056.669836997986
train,8,116.0,8.0,0.38500264286994934,0.5044867992401123,2074.3975207805634
train,8,117.0,8.0,0.26873889565467834,0.46109551191329956,2093.292368888855
train,8,118.0,8.0,0.2705879807472229,0.6928055882453918,2111.1355798244476
train,8,119.0,8.0,0.2952139675617218,0.6496835947036743,2128.478108882904
train,8,120.0,8.0,0.18185871839523315,0.6391887068748474,2146.3893609046936
train,8,121.0,8.0,0.2985707223415375,0.6304255723953247,2165.5450398921967
train,8,122.0,8.0,0.31167539954185486,0.5001791715621948,2186.116128921509
train,8,123.0,8.0,0.2300211638212204,0.9290446639060974,2205.062383890152
train,8,124.0,8.0,0.2965109348297119,0.7722010016441345,2223.354595899582
train,8,125.0,8.0,0.2908540368080139,0.7638259530067444,2240.7956399917603
train,8,126.0,8.0,0.2928551733493805,0.7870493531227112,2257.873549938202
train,8,127.0,8.0,0.3159271776676178,0.48129957914352417,2276.0107510089874
train,8,128.0,8.0,0.26618629693984985,0.7023472189903259,2293.618546962738
train,8,129.0,8.0,0.25123050808906555,0.7378026247024536,2311.2304780483246
train,8,130.0,8.0,0.31296470761299133,0.6011680960655212,2329.3576078414917
train,8,131.0,8.0,0.2934263348579407,0.6389879584312439,2346.8232069015503
train,8,132.0,8.0,0.20451338589191437,0.6990793943405151,2364.3077540397644
train,8,133.0,8.0,0.2623423635959625,0.7099843621253967,2381.3446369171143
train,8,134.0,8.0,0.24366386234760284,0.6112754344940186,2398.887128829956
train,8,135.0,8.0,0.22575393319129944,0.6588473320007324,2416.3369829654694
train,8,136.0,8.0,0.4460027813911438,0.40591222047805786,2433.5915677547455
val,8,,,0.2919423793752988,0.64935861825943,2581.936033964157
train,9,0.0,8.0,0.30030402541160583,0.4609858989715576,22.10878014564514
train,9,1.0,8.0,0.20072950422763824,0.6963505744934082,41.338478088378906
train,9,2.0,8.0,0.196445494890213,0.7086316347122192,58.217122077941895
train,9,3.0,8.0,0.3426034450531006,0.9487191438674927,75.36499404907227
train,9,4.0,8.0,0.30841726064682007,0.7428415417671204,92.58358812332153
train,9,5.0,8.0,0.2859284579753876,0.7794302105903625,111.33878827095032
train,9,6.0,8.0,0.22202005982398987,0.6849146485328674,128.7535309791565
train,9,7.0,8.0,0.21249939501285553,0.5512034893035889,145.6067249774933
train,9,8.0,8.0,0.21184206008911133,0.8294024467468262,164.57041811943054
train,9,9.0,8.0,0.3188394606113434,0.5987268686294556,182.18529415130615
train,9,10.0,8.0,0.27569982409477234,0.6903631091117859,200.76147890090942
train,9,11.0,8.0,0.2224920094013214,0.5361618995666504,221.07766103744507
train,9,12.0,8.0,0.24770407378673553,0.6209621429443359,242.42873907089233
train,9,13.0,8.0,0.20059418678283691,0.5819025039672852,261.51791501045227
train,9,14.0,8.0,0.25330033898353577,0.591136634349823,281.5491671562195
train,9,15.0,8.0,0.3223540782928467,0.5902770161628723,300.2979311943054
train,9,16.0,8.0,0.2053079754114151,0.8311774134635925,318.1233491897583
train,9,17.0,8.0,0.2636622488498688,0.579713761806488,334.83738708496094
train,9,18.0,8.0,0.3782352805137634,0.4328664243221283,351.7638189792633
train,9,19.0,8.0,0.26015880703926086,0.8369837999343872,369.9263970851898
train,9,20.0,8.0,0.29256975650787354,0.6481528282165527,387.56472516059875
train,9,21.0,8.0,0.2219097763299942,0.752231240272522,404.48912501335144
train,9,22.0,8.0,0.24911704659461975,0.8918864130973816,421.15699791908264
train,9,23.0,8.0,0.25312814116477966,0.7410973906517029,437.5554220676422
train,9,24.0,8.0,0.2473248988389969,0.7430515289306641,454.07284903526306
train,9,25.0,8.0,0.3075478971004486,0.49883705377578735,471.66025614738464
train,9,26.0,8.0,0.2433590441942215,0.7420357465744019,488.58509707450867
train,9,27.0,8.0,0.3648720979690552,0.7476558685302734,505.8261170387268
train,9,28.0,8.0,0.26796334981918335,0.843991756439209,524.679276227951
train,9,29.0,8.0,0.34414878487586975,0.6771273016929626,542.3211200237274
train,9,30.0,8.0,0.3944969177246094,0.5812976956367493,559.8978910446167
train,9,31.0,8.0,0.212416410446167,0.6990923285484314,577.1669540405273
train,9,32.0,8.0,0.26789504289627075,0.8267045617103577,595.0604329109192
train,9,33.0,8.0,0.2561228573322296,0.5815041661262512,611.4605991840363
train,9,34.0,8.0,0.20937186479568481,0.8046415448188782,628.3313970565796
train,9,35.0,8.0,0.20384113490581512,0.5876713395118713,647.5381350517273
train,9,36.0,8.0,0.2501278221607208,0.730396568775177,664.9365141391754
train,9,37.0,8.0,0.20075567066669464,0.6995118260383606,681.9998600482941
train,9,38.0,8.0,0.262325644493103,0.7088021039962769,698.591686964035
train,9,39.0,8.0,0.33026230335235596,0.5868328809738159,715.5134799480438
train,9,40.0,8.0,0.2459249496459961,0.6029213070869446,731.621719121933
train,9,41.0,8.0,0.22343578934669495,0.6666073799133301,747.8909051418304
train,9,42.0,8.0,0.3410052955150604,0.6634420156478882,765.2480201721191
train,9,43.0,8.0,0.4249451458454132,0.5161769986152649,782.2087671756744
train,9,44.0,8.0,0.26733821630477905,0.7120912671089172,800.4975481033325
train,9,45.0,8.0,0.27554967999458313,0.6935686469078064,818.015105009079
train,9,46.0,8.0,0.25768762826919556,0.4832633137702942,834.7779281139374
train,9,47.0,8.0,0.26277631521224976,0.6033254265785217,852.0593891143799
train,9,48.0,8.0,0.2550562620162964,0.5893451571464539,868.9390659332275
train,9,49.0,8.0,0.2561968266963959,0.5998682975769043,885.476212978363
train,9,50.0,8.0,0.35948070883750916,0.6351212859153748,902.2772521972656
train,9,51.0,8.0,0.30083879828453064,0.6236196160316467,918.8256289958954
train,9,52.0,8.0,0.22712646424770355,0.5316570997238159,935.3726532459259
train,9,53.0,8.0,0.21201729774475098,0.6668221354484558,952.6015062332153
train,9,54.0,8.0,0.255843847990036,0.8588598370552063,969.91921210289
train,9,55.0,8.0,0.337711900472641,0.6752924919128418,987.3104100227356
train,9,56.0,8.0,0.23636402189731598,0.6255112290382385,1003.8007380962372
train,9,57.0,8.0,0.1113574355840683,0.7646890878677368,1020.288416147232
train,9,58.0,8.0,0.24997994303703308,0.755666971206665,1036.9925179481506
train,9,59.0,8.0,0.2892321050167084,0.4753565192222595,1055.066812992096
train,9,60.0,8.0,0.4579918384552002,0.5985921621322632,1074.4651131629944
train,9,61.0,8.0,0.21201251447200775,0.7055168151855469,1092.8664190769196
train,9,62.0,8.0,0.24793769419193268,0.6124967336654663,1110.4187700748444
train,9,63.0,8.0,0.32297608256340027,0.7081857323646545,1128.0463371276855
train,9,64.0,8.0,0.16645362973213196,0.84016352891922,1146.1944460868835
train,9,65.0,8.0,0.27210140228271484,0.5683255791664124,1163.4078862667084
train,9,66.0,8.0,0.4232082962989807,0.5477126240730286,1180.238165140152
train,9,67.0,8.0,0.31712472438812256,0.49404069781303406,1202.5040571689606
train,9,68.0,8.0,0.30364492535591125,0.5999187231063843,1222.1567161083221
train,9,69.0,8.0,0.2745305895805359,0.4564210772514343,1241.6739330291748
train,9,70.0,8.0,0.2060459554195404,0.5736345648765564,1261.0989770889282
train,9,71.0,8.0,0.3664524555206299,0.62256920337677,1280.3033730983734
train,9,72.0,8.0,0.30969545245170593,0.7495417594909668,1298.5305049419403
train,9,73.0,8.0,0.2602570056915283,0.5883061289787292,1317.4771919250488
train,9,74.0,8.0,0.27941715717315674,0.5313739776611328,1334.9113631248474
train,9,75.0,8.0,0.1966109275817871,0.7110914587974548,1352.3367280960083
train,9,76.0,8.0,0.29548388719558716,0.7963752746582031,1371.1799380779266
train,9,77.0,8.0,0.23834744095802307,0.7507420182228088,1389.4315040111542
train,9,78.0,8.0,0.2357311099767685,0.7633699178695679,1407.3478331565857
train,9,79.0,8.0,0.26682624220848083,0.8447176218032837,1425.1831080913544
train,9,80.0,8.0,0.22840000689029694,0.6407960057258606,1442.9178550243378
train,9,81.0,8.0,0.285026490688324,0.6599891185760498,1459.9860281944275
train,9,82.0,8.0,0.19770804047584534,0.6993154883384705,1478.4361040592194
train,9,83.0,8.0,0.2794725298881531,0.6685110330581665,1496.7437410354614
train,9,84.0,8.0,0.3066475987434387,0.5103775262832642,1515.0149431228638
train,9,85.0,8.0,0.1674615442752838,0.7799452543258667,1532.6048362255096
train,9,86.0,8.0,0.23468273878097534,0.505748987197876,1550.2845361232758
train,9,87.0,8.0,0.2970294952392578,0.631065845489502,1569.193081855774
train,9,88.0,8.0,0.25928327441215515,0.7283315658569336,1587.5984301567078
train,9,89.0,8.0,0.31246596574783325,0.7163524031639099,1605.2277851104736
train,9,90.0,8.0,0.3670284152030945,0.5086669921875,1622.103746175766
train,9,91.0,8.0,0.2598254680633545,0.5799887180328369,1638.5779132843018
train,9,92.0,8.0,0.3056354224681854,0.6319088339805603,1655.817820072174
train,9,93.0,8.0,0.32079482078552246,0.7135319113731384,1673.363440990448
train,9,94.0,8.0,0.25850147008895874,0.5792712569236755,1690.2782249450684
train,9,95.0,8.0,0.15803582966327667,0.6648896932601929,1707.6515500545502
train,9,96.0,8.0,0.19989828765392303,0.7020140290260315,1724.4565320014954
train,9,97.0,8.0,0.32827794551849365,0.5624557733535767,1741.367583990097
train,9,98.0,8.0,0.1659386307001114,0.675095796585083,1757.7795631885529
train,9,99.0,8.0,0.3214758336544037,0.7060192823410034,1774.504280090332
train,9,100.0,8.0,0.3569128215312958,0.5491052865982056,1791.628357887268
train,9,101.0,8.0,0.2518083155155182,0.7297559976577759,1808.1785280704498
train,9,102.0,8.0,0.1032283753156662,0.7900128364562988,1824.882166147232
train,9,103.0,8.0,0.2850317358970642,0.6522278785705566,1842.3020451068878
train,9,104.0,8.0,0.2622988224029541,0.6968579888343811,1859.803947210312
train,9,105.0,8.0,0.3244495391845703,0.8614775538444519,1877.3608241081238
train,9,106.0,8.0,0.2242058366537094,0.800902247428894,1894.249841928482
train,9,107.0,8.0,0.3107792139053345,0.6048519611358643,1911.3056552410126
train,9,108.0,8.0,0.19408993422985077,0.7359441518783569,1927.6127300262451
train,9,109.0,8.0,0.3489075005054474,0.5507070422172546,1944.1981871128082
train,9,110.0,8.0,0.19932083785533905,0.6902753710746765,1962.8691880702972
train,9,111.0,8.0,0.24246132373809814,0.6159846782684326,1981.782410144806
train,9,112.0,8.0,0.259551078081131,0.7165688276290894,2000.53471493721
train,9,113.0,8.0,0.17731571197509766,0.6252496242523193,2018.5830872058868
train,9,114.0,8.0,0.22746212780475616,0.6313593983650208,2035.5415501594543
train,9,115.0,8.0,0.23736532032489777,0.4955289959907532,2052.1502780914307
train,9,116.0,8.0,0.38160574436187744,0.46988269686698914,2068.8409061431885
train,9,117.0,8.0,0.290774941444397,0.6549830436706543,2085.8314940929413
train,9,118.0,8.0,0.3518582284450531,0.6476739645004272,2102.5675201416016
train,9,119.0,8.0,0.29241302609443665,0.6565904021263123,2118.9443349838257
train,9,120.0,8.0,0.2642015218734741,0.45994338393211365,2135.5418090820312
train,9,121.0,8.0,0.28415170311927795,0.6490911245346069,2152.5526978969574
train,9,122.0,8.0,0.31175142526626587,0.5969104766845703,2169.9737029075623
train,9,123.0,8.0,0.16565623879432678,0.7968222498893738,2186.8079459667206
train,9,124.0,8.0,0.20015986263751984,0.7013065814971924,2203.2784099578857
train,9,125.0,8.0,0.28990668058395386,0.7855295538902283,2219.953716993332
train,9,126.0,8.0,0.29132574796676636,0.5160804986953735,2236.2557530403137
train,9,127.0,8.0,0.19978347420692444,0.7289261221885681,2252.674561023712
train,9,128.0,8.0,0.3132839798927307,0.6004401445388794,2271.520432949066
train,9,129.0,8.0,0.35047686100006104,0.8027286529541016,2289.1104090213776
train,9,130.0,8.0,0.2581571340560913,0.7095316648483276,2306.314991235733
train,9,131.0,8.0,0.2599565386772156,0.7008705735206604,2324.323672056198
train,9,132.0,8.0,0.3850601017475128,0.7230734825134277,2341.2554881572723
train,9,133.0,8.0,0.32807594537734985,0.7014375329017639,2358.4462831020355
train,9,134.0,8.0,0.27378708124160767,0.6687685251235962,2375.9933371543884
train,9,135.0,8.0,0.29904186725616455,0.6223791241645813,2395.2286071777344
train,9,136.0,8.0,0.28884097933769226,0.6460793018341064,2412.760558128357
val,9,,,0.2846795012553533,0.6290890743335088,2560.6387269496918
train,10,0.0,8.0,0.26028499007225037,0.7583020925521851,20.175550937652588
train,10,1.0,8.0,0.30072805285453796,0.5253100991249084,37.85629487037659
train,10,2.0,8.0,0.3221368193626404,0.49187541007995605,55.69500803947449
train,10,3.0,8.0,0.3412224054336548,0.5359171628952026,73.58059072494507
train,10,4.0,8.0,0.27944043278694153,0.6826034188270569,91.40237975120544
train,10,5.0,8.0,0.20208477973937988,0.576751172542572,109.14292883872986
train,10,6.0,8.0,0.16960707306861877,0.641096830368042,127.13711166381836
train,10,7.0,8.0,0.19795304536819458,0.69842928647995,145.50371670722961
train,10,8.0,8.0,0.324432373046875,0.5723820328712463,162.59913778305054
train,10,9.0,8.0,0.2080792486667633,0.5579761266708374,180.5274429321289
train,10,10.0,8.0,0.2940557301044464,0.7521580457687378,197.59067487716675
train,10,11.0,8.0,0.2051878124475479,0.6913755536079407,214.34079885482788
train,10,12.0,8.0,0.3073863089084625,0.6860270500183105,231.8559308052063
train,10,13.0,8.0,0.29792070388793945,0.621208906173706,248.628262758255
train,10,14.0,8.0,0.3186432123184204,0.46090272068977356,265.016667842865
train,10,15.0,8.0,0.28183725476264954,0.5431907176971436,282.6976146697998
train,10,16.0,8.0,0.37993642687797546,0.47149500250816345,300.7351167201996
train,10,17.0,8.0,0.30458518862724304,0.7396917939186096,318.39652276039124
train,10,18.0,8.0,0.28941115736961365,0.5425155162811279,342.1156098842621
train,10,19.0,8.0,0.1794402003288269,0.6316903829574585,366.0163300037384
train,10,20.0,8.0,0.2348017543554306,0.6528428196907043,385.50968885421753
train,10,21.0,8.0,0.36202672123908997,0.6279057860374451,403.613853931427
train,10,22.0,8.0,0.22912046313285828,0.7673737406730652,421.75643277168274
train,10,23.0,8.0,0.29681888222694397,0.7447661757469177,439.0887007713318
train,10,24.0,8.0,0.2076319009065628,0.6736212968826294,455.77789187431335
train,10,25.0,8.0,0.1943364143371582,0.7002300024032593,472.23369884490967
train,10,26.0,8.0,0.3836609721183777,0.5907184481620789,490.2681279182434
train,10,27.0,8.0,0.20491352677345276,0.700924813747406,507.218868970871
train,10,28.0,8.0,0.31995099782943726,0.5813520550727844,524.1053638458252
train,10,29.0,8.0,0.3598698079586029,0.4367787539958954,543.3759145736694
train,10,30.0,8.0,0.2956292927265167,0.631394624710083,560.5369868278503
train,10,31.0,8.0,0.2601773142814636,0.6978238224983215,576.9196968078613
train,10,32.0,8.0,0.3957158923149109,0.6916019320487976,594.2630789279938
train,10,33.0,8.0,0.3055015504360199,0.7622135877609253,612.7489867210388
train,10,34.0,8.0,0.267849326133728,0.7003710269927979,630.4027268886566
train,10,35.0,8.0,0.30033212900161743,0.4947565793991089,648.3493869304657
train,10,36.0,8.0,0.30905455350875854,0.36018598079681396,666.914990901947
train,10,37.0,8.0,0.08681909739971161,0.8267980813980103,685.4257469177246
train,10,38.0,8.0,0.27935591340065,0.7866726517677307,703.1862668991089
train,10,39.0,8.0,0.11891864240169525,0.7303771376609802,720.5927879810333
train,10,40.0,8.0,0.1928984671831131,0.586449384689331,737.6408107280731
train,10,41.0,8.0,0.228099063038826,0.7873685359954834,754.535101890564
train,10,42.0,8.0,0.15663670003414154,0.6774430871009827,770.8235778808594
train,10,43.0,8.0,0.19174815714359283,0.870220959186554,787.5650827884674
train,10,44.0,8.0,0.2979592978954315,0.904299795627594,804.117999792099
train,10,45.0,8.0,0.3292471468448639,0.8271936774253845,820.8849239349365
train,10,46.0,8.0,0.38792890310287476,0.4420457184314728,837.568431854248
train,10,47.0,8.0,0.21443624794483185,0.662936270236969,853.9746880531311
train,10,48.0,8.0,0.18639376759529114,0.7277362942695618,870.4653649330139
train,10,49.0,8.0,0.35440483689308167,0.6316116452217102,886.8742258548737
train,10,50.0,8.0,0.27061495184898376,0.7256629467010498,905.0404057502747
train,10,51.0,8.0,0.27130523324012756,0.6929522752761841,922.102148771286
train,10,52.0,8.0,0.23047347366809845,0.6320183873176575,939.6258637905121
train,10,53.0,8.0,0.29484328627586365,0.7547987699508667,956.7315847873688
train,10,54.0,8.0,0.2760452628135681,0.6752093434333801,973.6291587352753
train,10,55.0,8.0,0.39113280177116394,0.5623102188110352,992.9603447914124
train,10,56.0,8.0,0.25969311594963074,0.871005654335022,1012.3474507331848
train,10,57.0,8.0,0.22843359410762787,0.6273332834243774,1030.3130009174347
train,10,58.0,8.0,0.3513355851173401,0.6583731174468994,1047.3490450382233
train,10,59.0,8.0,0.265776664018631,0.7086230516433716,1064.406481742859
train,10,60.0,8.0,0.18404477834701538,0.6008740067481995,1081.2635946273804
train,10,61.0,8.0,0.3161781132221222,0.7362070083618164,1100.6400718688965
train,10,62.0,8.0,0.20409660041332245,0.7019230127334595,1118.8863439559937
train,10,63.0,8.0,0.1397809088230133,0.7110536694526672,1136.5529358386993
train,10,64.0,8.0,0.2552107870578766,0.7027155160903931,1153.221970796585
train,10,65.0,8.0,0.2707957327365875,0.5604886412620544,1170.1320037841797
train,10,66.0,8.0,0.2434074878692627,0.7514186501502991,1186.6446766853333
train,10,67.0,8.0,0.3088632822036743,0.6043134331703186,1204.074313879013
train,10,68.0,8.0,0.32423582673072815,0.58957439661026,1221.1187999248505
train,10,69.0,8.0,0.14309552311897278,0.684316873550415,1238.9767928123474
train,10,70.0,8.0,0.29335474967956543,0.5147098302841187,1256.744482755661
train,10,71.0,8.0,0.2933448851108551,0.6246998310089111,1274.082820892334
train,10,72.0,8.0,0.21140418946743011,0.679568350315094,1290.4678258895874
train,10,73.0,8.0,0.36771291494369507,0.2731614410877228,1307.7430667877197
train,10,74.0,8.0,0.14423879981040955,0.6942209005355835,1325.2814798355103
train,10,75.0,8.0,0.3142984211444855,0.719995379447937,1343.4079537391663
train,10,76.0,8.0,0.298717737197876,0.6330064535140991,1360.0643808841705
train,10,77.0,8.0,0.31571343541145325,0.7188263535499573,1376.792998790741
train,10,78.0,8.0,0.2881600260734558,0.6424444913864136,1393.0859198570251
train,10,79.0,8.0,0.22421836853027344,0.6422300338745117,1409.7983360290527
train,10,80.0,8.0,0.1847725212574005,0.6064879894256592,1426.4218397140503
train,10,81.0,8.0,0.2215784341096878,0.8146202564239502,1442.93749666214
train,10,82.0,8.0,0.22367128729820251,0.5142878293991089,1459.133407831192
train,10,83.0,8.0,0.27484026551246643,0.6677249670028687,1475.7259106636047
train,10,84.0,8.0,0.24465781450271606,0.7410470843315125,1492.535769701004
train,10,85.0,8.0,0.2552495002746582,0.8428980112075806,1510.6113197803497
train,10,86.0,8.0,0.25064617395401,0.8521953821182251,1528.1964728832245
train,10,87.0,8.0,0.20544791221618652,0.7044321298599243,1546.384263753891
train,10,88.0,8.0,0.30252161622047424,0.7376254796981812,1563.7370376586914
train,10,89.0,8.0,0.24206003546714783,0.7416322827339172,1580.1885917186737
train,10,90.0,8.0,0.26713794469833374,0.6783398389816284,1596.9629347324371
train,10,91.0,8.0,0.2386910617351532,0.7810378670692444,1614.646776676178
train,10,92.0,8.0,0.30834850668907166,0.6397400498390198,1633.8043007850647
train,10,93.0,8.0,0.20842844247817993,0.8256425261497498,1650.5392668247223
train,10,94.0,8.0,0.25346070528030396,0.7219494581222534,1667.520686864853
train,10,95.0,8.0,0.3652110993862152,0.755626916885376,1683.8898568153381
train,10,96.0,8.0,0.17678247392177582,0.7614803314208984,1700.0925028324127
train,10,97.0,8.0,0.39989033341407776,0.6842111945152283,1716.7919697761536
train,10,98.0,8.0,0.2661091983318329,0.8264635801315308,1736.3210277557373
train,10,99.0,8.0,0.2135641872882843,0.5710775852203369,1753.3896420001984
train,10,100.0,8.0,0.28033801913261414,0.6819494962692261,1770.002900838852
train,10,101.0,8.0,0.4133525788784027,0.6617777347564697,1787.002201795578
train,10,102.0,8.0,0.28854095935821533,0.7742589712142944,1803.9992897510529
train,10,103.0,8.0,0.37207114696502686,0.7389147877693176,1821.5882709026337
train,10,104.0,8.0,0.32594195008277893,0.5626018047332764,1840.3147947788239
train,10,105.0,8.0,0.2238837480545044,0.6466975808143616,1858.8351287841797
train,10,106.0,8.0,0.26165300607681274,0.6901798844337463,1876.2486789226532
train,10,107.0,8.0,0.1744924783706665,0.7467831373214722,1896.1355788707733
train,10,108.0,8.0,0.3275797665119171,0.6901605129241943,1914.3818418979645
train,10,109.0,8.0,0.32008904218673706,0.5795023441314697,1933.2868039608002
train,10,110.0,8.0,0.2333027422428131,0.7784476280212402,1951.4909598827362
train,10,111.0,8.0,0.23658119142055511,0.7563043236732483,1969.085872888565
train,10,112.0,8.0,0.1874934881925583,0.7780481576919556,1986.9513537883759
train,10,113.0,8.0,0.2738214135169983,0.6897410750389099,2003.8855338096619
train,10,114.0,8.0,0.19973650574684143,0.6905462145805359,2021.067714691162
train,10,115.0,8.0,0.30386802554130554,0.6023175716400146,2038.060005903244
train,10,116.0,8.0,0.22469745576381683,0.7735222578048706,2055.891326904297
train,10,117.0,8.0,0.2580764889717102,0.7011281251907349,2074.8278226852417
train,10,118.0,8.0,0.2654503583908081,0.5525009036064148,2091.8169627189636
train,10,119.0,8.0,0.14906008541584015,0.678388774394989,2109.8508007526398
train,10,120.0,8.0,0.2599852681159973,0.5674160718917847,2127.0367476940155
train,10,121.0,8.0,0.24961571395397186,0.588974118232727,2144.644145965576
train,10,122.0,8.0,0.26739439368247986,0.5642820596694946,2162.4421179294586
train,10,123.0,8.0,0.24142958223819733,0.7435865998268127,2179.580165863037
train,10,124.0,8.0,0.3001713454723358,0.9016019701957703,2196.385193824768
train,10,125.0,8.0,0.13764503598213196,0.8558891415596008,2213.209840774536
train,10,126.0,8.0,0.299763560295105,0.7760128378868103,2230.4382498264313
train,10,127.0,8.0,0.27501896023750305,0.6590493321418762,2248.0140585899353
train,10,128.0,8.0,0.249696746468544,0.734144926071167,2265.0449318885803
train,10,129.0,8.0,0.2503661811351776,0.7195411920547485,2282.169140815735
train,10,130.0,8.0,0.24093282222747803,0.5969951152801514,2298.9641177654266
train,10,131.0,8.0,0.32747527956962585,0.8259282112121582,2315.760002851486
train,10,132.0,8.0,0.17670443654060364,0.8083028793334961,2332.620449781418
train,10,133.0,8.0,0.18347884714603424,0.6041615009307861,2349.73007273674
train,10,134.0,8.0,0.29098251461982727,0.6394104361534119,2366.92937874794
train,10,135.0,8.0,0.28593164682388306,0.7895668745040894,2383.771270751953
train,10,136.0,8.0,0.2660432457923889,0.7047461867332458,2400.6455039978027
val,10,,,0.28172391106685,0.6410930285851161,2548.932527780533
train,11,0.0,8.0,0.18929125368595123,0.7130022644996643,20.08250403404236
train,11,1.0,8.0,0.32535025477409363,0.6978491544723511,38.53774309158325
train,11,2.0,8.0,0.2428712248802185,0.613351583480835,56.7136709690094
train,11,3.0,8.0,0.40410715341567993,0.5966001152992249,74.13536405563354
train,11,4.0,8.0,0.15183894336223602,0.8338057994842529,91.45071005821228
train,11,5.0,8.0,0.23965588212013245,0.613039493560791,108.76372623443604
train,11,6.0,8.0,0.2998267114162445,0.6311951875686646,125.08222508430481
train,11,7.0,8.0,0.27285265922546387,0.672776997089386,141.69777011871338
train,11,8.0,8.0,0.16271930932998657,0.7971728444099426,159.03858613967896
train,11,9.0,8.0,0.2589361071586609,0.5895214676856995,175.758296251297
train,11,10.0,8.0,0.25308287143707275,0.7234117984771729,193.1373200416565
train,11,11.0,8.0,0.28894075751304626,0.517081081867218,210.6634922027588
train,11,12.0,8.0,0.17265620827674866,0.7723628282546997,228.0511350631714
train,11,13.0,8.0,0.1449051946401596,0.6953004598617554,245.0439591407776
train,11,14.0,8.0,0.29666244983673096,0.6214314699172974,262.03919792175293
train,11,15.0,8.0,0.22991767525672913,0.7603393197059631,279.0491271018982
train,11,16.0,8.0,0.1876966655254364,0.7144854664802551,297.5381979942322
train,11,17.0,8.0,0.2685554325580597,0.5769596099853516,316.0935230255127
train,11,18.0,8.0,0.28490251302719116,0.7675096988677979,333.7485520839691
train,11,19.0,8.0,0.24372397363185883,0.7281754612922668,350.7884180545807
train,11,20.0,8.0,0.3502365052700043,0.4233570694923401,367.4619221687317
train,11,21.0,8.0,0.1379883736371994,0.7027353644371033,384.183797121048
train,11,22.0,8.0,0.2975178360939026,0.619793713092804,400.89068818092346
train,11,23.0,8.0,0.31579598784446716,0.5969618558883667,417.25145196914673
train,11,24.0,8.0,0.33857858180999756,0.546678900718689,434.025541305542
train,11,25.0,8.0,0.26800164580345154,0.553845226764679,451.2970712184906
train,11,26.0,8.0,0.30477750301361084,0.7369396090507507,468.4326410293579
train,11,27.0,8.0,0.2811587154865265,0.7869685888290405,487.3205871582031
train,11,28.0,8.0,0.21187463402748108,0.671932578086853,506.1939721107483
train,11,29.0,8.0,0.3104054927825928,0.7681629061698914,523.4342360496521
train,11,30.0,8.0,0.33530178666114807,0.572525143623352,540.5804009437561
train,11,31.0,8.0,0.24019379913806915,0.7258322834968567,557.7863371372223
train,11,32.0,8.0,0.33330485224723816,0.44110509753227234,574.9870591163635
train,11,33.0,8.0,0.31615200638771057,0.5931947827339172,592.0317420959473
train,11,34.0,8.0,0.34074336290359497,0.6705701351165771,609.0083260536194
train,11,35.0,8.0,0.28523507714271545,0.6648802757263184,626.1838140487671
train,11,36.0,8.0,0.3611636757850647,0.3995612561702728,643.5518500804901
train,11,37.0,8.0,0.2529051601886749,0.8157773613929749,661.9630558490753
train,11,38.0,8.0,0.29879939556121826,0.6162973642349243,681.0747570991516
train,11,39.0,8.0,0.144907608628273,0.8665350079536438,698.4213571548462
train,11,40.0,8.0,0.31523358821868896,0.7172086238861084,715.6427040100098
train,11,41.0,8.0,0.2804142236709595,0.7852098345756531,732.738569021225
train,11,42.0,8.0,0.3538287580013275,0.5173988938331604,749.8307421207428
train,11,43.0,8.0,0.29751864075660706,0.6230353116989136,768.8107919692993
train,11,44.0,8.0,0.30344581604003906,0.7468881011009216,786.5602540969849
train,11,45.0,8.0,0.20562298595905304,0.7010126709938049,804.3799738883972
train,11,46.0,8.0,0.22631531953811646,0.7673935294151306,822.4096262454987
train,11,47.0,8.0,0.32152286171913147,0.7039601802825928,840.100218296051
train,11,48.0,8.0,0.23854795098304749,0.9178921580314636,857.1132779121399
train,11,49.0,8.0,0.22241173684597015,0.6655313968658447,874.594409942627
train,11,50.0,8.0,0.3006267249584198,0.6145276427268982,892.4588220119476
train,11,51.0,8.0,0.3064076900482178,0.728773295879364,909.636164188385
train,11,52.0,8.0,0.3337162137031555,0.8103446364402771,927.2322239875793
train,11,53.0,8.0,0.2586519122123718,0.7105836272239685,944.336189031601
train,11,54.0,8.0,0.2038745880126953,0.6698359847068787,961.290381193161
train,11,55.0,8.0,0.22049422562122345,0.6390818357467651,978.1122341156006
train,11,56.0,8.0,0.294177383184433,0.6286361217498779,995.1982238292694
train,11,57.0,8.0,0.2311486303806305,0.7677120566368103,1012.0919570922852
train,11,58.0,8.0,0.20831647515296936,0.6671597957611084,1028.5801138877869
train,11,59.0,8.0,0.21693414449691772,0.6512426137924194,1045.2247450351715
train,11,60.0,8.0,0.30976513028144836,0.6157635450363159,1062.2633118629456
train,11,61.0,8.0,0.24042350053787231,0.7390643358230591,1079.659029006958
train,11,62.0,8.0,0.2858831286430359,0.7729194760322571,1098.180869102478
train,11,63.0,8.0,0.2782161831855774,0.6764218211174011,1115.969645023346
train,11,64.0,8.0,0.1456533968448639,0.7140429615974426,1133.158348083496
train,11,65.0,8.0,0.21221092343330383,0.8044712543487549,1150.5466828346252
train,11,66.0,8.0,0.22619502246379852,0.7993954420089722,1168.198919057846
train,11,67.0,8.0,0.22339966893196106,0.7608820796012878,1185.3505821228027
train,11,68.0,8.0,0.25027748942375183,0.48169559240341187,1202.568962097168
train,11,69.0,8.0,0.22096183896064758,0.6437696814537048,1219.4957661628723
train,11,70.0,8.0,0.18126028776168823,0.753838300704956,1237.191031217575
train,11,71.0,8.0,0.31524062156677246,0.4693124294281006,1254.108519077301
train,11,72.0,8.0,0.30414140224456787,0.46798500418663025,1270.670138835907
train,11,73.0,8.0,0.20682230591773987,0.7099233269691467,1287.765771150589
train,11,74.0,8.0,0.22121666371822357,0.6390864849090576,1304.3777248859406
train,11,75.0,8.0,0.2168472707271576,0.6701334714889526,1321.1623890399933
train,11,76.0,8.0,0.2059805542230606,0.5487552285194397,1337.942332983017
train,11,77.0,8.0,0.2942346930503845,0.6638925671577454,1355.7810940742493
train,11,78.0,8.0,0.2659201920032501,0.8292624354362488,1373.448506116867
train,11,79.0,8.0,0.297911137342453,0.48376503586769104,1391.3901340961456
train,11,80.0,8.0,0.15387246012687683,0.6560372114181519,1409.1471490859985
train,11,81.0,8.0,0.32227209210395813,0.8229466676712036,1427.345878124237
train,11,82.0,8.0,0.3374183177947998,0.6621811389923096,1444.6028952598572
train,11,83.0,8.0,0.27698424458503723,0.5400124192237854,1461.7230250835419
train,11,84.0,8.0,0.3239840567111969,0.5743638873100281,1480.5905570983887
train,11,85.0,8.0,0.1978558748960495,0.7167093753814697,1501.043259859085
train,11,86.0,8.0,0.1941371113061905,0.8571256995201111,1520.8182320594788
train,11,87.0,8.0,0.3020211160182953,0.7532041072845459,1539.9454889297485
train,11,88.0,8.0,0.21696263551712036,0.7920928001403809,1556.6352820396423
train,11,89.0,8.0,0.3056706190109253,0.8800584673881531,1575.1079831123352
train,11,90.0,8.0,0.2852742075920105,0.4109116792678833,1594.178032875061
train,11,91.0,8.0,0.20092874765396118,0.8338190317153931,1611.8482990264893
train,11,92.0,8.0,0.2420508861541748,0.4754984378814697,1629.681531906128
train,11,93.0,8.0,0.2254830300807953,0.8308579921722412,1647.5729460716248
train,11,94.0,8.0,0.19261904060840607,0.8504550457000732,1666.6984839439392
train,11,95.0,8.0,0.266904354095459,0.8183144927024841,1686.1986141204834
train,11,96.0,8.0,0.33024880290031433,0.8431994915008545,1704.9220349788666
train,11,97.0,8.0,0.3359711766242981,0.42619869112968445,1723.016760110855
train,11,98.0,8.0,0.2519031763076782,0.7011074423789978,1740.7942862510681
train,11,99.0,8.0,0.22485007345676422,0.6379885077476501,1757.7817511558533
train,11,100.0,8.0,0.26345548033714294,0.5570678114891052,1774.7189660072327
train,11,101.0,8.0,0.2592787444591522,0.6934899687767029,1792.6637079715729
train,11,102.0,8.0,0.3051782250404358,0.733540952205658,1809.7589530944824
train,11,103.0,8.0,0.221900075674057,0.6606556177139282,1827.9473531246185
train,11,104.0,8.0,0.3092251420021057,0.6003196835517883,1845.4548649787903
train,11,105.0,8.0,0.29120442271232605,0.6134490370750427,1862.7009489536285
train,11,106.0,8.0,0.29492706060409546,0.6314802765846252,1884.0518231391907
train,11,107.0,8.0,0.13227862119674683,0.7190440893173218,1905.485491991043
train,11,108.0,8.0,0.16833628714084625,0.7711648344993591,1925.8472850322723
train,11,109.0,8.0,0.17713868618011475,0.7920712232589722,1944.712366104126
train,11,110.0,8.0,0.14103524386882782,0.8283197283744812,1964.061033964157
train,11,111.0,8.0,0.4004698395729065,0.6861931085586548,1983.9481899738312
train,11,112.0,8.0,0.17652973532676697,0.6287453174591064,2003.2290189266205
train,11,113.0,8.0,0.3324230909347534,0.7326701879501343,2020.7083950042725
train,11,114.0,8.0,0.31951799988746643,0.6961877346038818,2037.6346690654755
train,11,115.0,8.0,0.23797768354415894,0.4839041829109192,2054.6948170661926
train,11,116.0,8.0,0.1893111765384674,0.7283312082290649,2071.8223402500153
train,11,117.0,8.0,0.33525800704956055,0.43077966570854187,2088.9446651935577
train,11,118.0,8.0,0.3204883635044098,0.4574277400970459,2105.7022449970245
train,11,119.0,8.0,0.2732512056827545,0.7999957203865051,2122.5047681331635
train,11,120.0,8.0,0.2325349748134613,0.5177309513092041,2142.113447904587
train,11,121.0,8.0,0.22082507610321045,0.6478234529495239,2161.325553894043
train,11,122.0,8.0,0.3012871742248535,0.5926942229270935,2179.8836481571198
train,11,123.0,8.0,0.2877429723739624,0.4364440143108368,2199.1994938850403
train,11,124.0,8.0,0.26235273480415344,0.5517182350158691,2216.0788259506226
train,11,125.0,8.0,0.23018300533294678,0.8274209499359131,2232.7595241069794
train,11,126.0,8.0,0.3035094141960144,0.39471322298049927,2249.39155626297
train,11,127.0,8.0,0.19315962493419647,0.692731499671936,2266.016634941101
train,11,128.0,8.0,0.25509992241859436,0.6942694187164307,2283.7432022094727
train,11,129.0,8.0,0.29890429973602295,0.7202107906341553,2300.775057077408
train,11,130.0,8.0,0.2499685287475586,0.4483020603656769,2318.687211036682
train,11,131.0,8.0,0.34703657031059265,0.646366536617279,2336.3387389183044
train,11,132.0,8.0,0.18392282724380493,0.7323247194290161,2354.425141096115
train,11,133.0,8.0,0.3535907566547394,0.28960058093070984,2372.9298300743103
train,11,134.0,8.0,0.23467156291007996,0.4935922622680664,2390.6093168258667
train,11,135.0,8.0,0.20314249396324158,0.7556557655334473,2407.590884923935
train,11,136.0,8.0,0.23460501432418823,0.5188392400741577,2424.16086602211
val,11,,,0.2929925784468651,0.5107838014761606,2573.456785917282
train,12,0.0,8.0,0.2623589038848877,0.7096847891807556,20.57263493537903
train,12,1.0,8.0,0.21073055267333984,0.6881130933761597,38.21688485145569
train,12,2.0,8.0,0.2797573208808899,0.5288529992103577,56.003830909729004
train,12,3.0,8.0,0.3107517957687378,0.47377312183380127,73.0476770401001
train,12,4.0,8.0,0.23430295288562775,0.49928542971611023,89.83482098579407
train,12,5.0,8.0,0.19830386340618134,0.7124387621879578,107.84535217285156
train,12,6.0,8.0,0.3114011585712433,0.4649195969104767,125.7948169708252
train,12,7.0,8.0,0.29329854249954224,0.49500495195388794,142.87669587135315
train,12,8.0,8.0,0.1587170958518982,0.6405481696128845,159.7542188167572
train,12,9.0,8.0,0.20142842829227448,0.5564984083175659,176.72952485084534
train,12,10.0,8.0,0.3019590973854065,0.4746065139770508,194.80123901367188
train,12,11.0,8.0,0.35507407784461975,0.6409341096878052,212.0774929523468
train,12,12.0,8.0,0.2935694456100464,0.5152853727340698,228.6352732181549
train,12,13.0,8.0,0.23809295892715454,0.6117917895317078,245.55786895751953
train,12,14.0,8.0,0.29503175616264343,0.7430561780929565,262.13398694992065
train,12,15.0,8.0,0.22405152022838593,0.6389291882514954,278.9315769672394
train,12,16.0,8.0,0.2686891555786133,0.6398616433143616,295.69605708122253
train,12,17.0,8.0,0.2642960250377655,0.5398769378662109,313.37177419662476
train,12,18.0,8.0,0.3820144534111023,0.5851948261260986,330.56519317626953
train,12,19.0,8.0,0.1943628489971161,0.5871392488479614,347.5867669582367
train,12,20.0,8.0,0.22495034337043762,0.9622946977615356,364.8947160243988
train,12,21.0,8.0,0.23666074872016907,0.6027527451515198,381.98651695251465
train,12,22.0,8.0,0.2915937006473541,0.6395999193191528,399.1992790699005
train,12,23.0,8.0,0.24308057129383087,0.6188172698020935,416.20839381217957
train,12,24.0,8.0,0.23002271354198456,0.6321519017219543,433.4511790275574
train,12,25.0,8.0,0.19111725687980652,0.8754429817199707,450.2836570739746
train,12,26.0,8.0,0.2591470777988434,0.5713731646537781,468.85623693466187
train,12,27.0,8.0,0.19824814796447754,0.8431772589683533,486.40258598327637
train,12,28.0,8.0,0.21314232051372528,0.6530858278274536,503.5944859981537
train,12,29.0,8.0,0.3220844566822052,0.7036535143852234,520.6897230148315
train,12,30.0,8.0,0.2724427580833435,0.5381871461868286,537.2769298553467
train,12,31.0,8.0,0.33573320508003235,0.8267706632614136,554.5139729976654
train,12,32.0,8.0,0.23916181921958923,0.47085312008857727,571.5312831401825
train,12,33.0,8.0,0.32328909635543823,0.7160699367523193,587.9873750209808
train,12,34.0,8.0,0.3210870921611786,0.49634087085723877,604.8495709896088
train,12,35.0,8.0,0.3283408582210541,0.44550710916519165,622.347806930542
train,12,36.0,8.0,0.17969346046447754,0.745971143245697,639.46311378479
train,12,37.0,8.0,0.3607356548309326,0.5159857273101807,656.9529378414154
train,12,38.0,8.0,0.3054877519607544,0.4820972979068756,674.5101380348206
train,12,39.0,8.0,0.2697362005710602,0.6712296605110168,691.717710018158
train,12,40.0,8.0,0.3179742991924286,0.6013439297676086,708.5786299705505
train,12,41.0,8.0,0.31475189328193665,0.7173789739608765,725.8747079372406
train,12,42.0,8.0,0.24909643828868866,0.4607953429222107,742.7501311302185
train,12,43.0,8.0,0.2073119729757309,0.8040086627006531,759.6464428901672
train,12,44.0,8.0,0.2660073935985565,0.6850627064704895,776.3288722038269
train,12,45.0,8.0,0.28472188115119934,0.6349962949752808,792.7146179676056
train,12,46.0,8.0,0.24319693446159363,0.5029587745666504,809.4642851352692
train,12,47.0,8.0,0.2759568989276886,0.6533129215240479,826.4123811721802
train,12,48.0,8.0,0.2510588467121124,0.7101709246635437,844.1548919677734
train,12,49.0,8.0,0.11498886346817017,0.7681825757026672,861.2045421600342
train,12,50.0,8.0,0.1855902224779129,0.7212496399879456,878.6951048374176
train,12,51.0,8.0,0.2959654629230499,0.502388596534729,896.6977560520172
train,12,52.0,8.0,0.3332251310348511,0.4363081455230713,916.2907719612122
train,12,53.0,8.0,0.202792227268219,0.7143115401268005,934.1889450550079
train,12,54.0,8.0,0.27871978282928467,0.6528885960578918,954.2881939411163
train,12,55.0,8.0,0.4231491982936859,0.14934101700782776,972.8669998645782
train,12,56.0,8.0,0.4094753563404083,0.40835827589035034,991.0320417881012
train,12,57.0,8.0,0.37326523661613464,0.46582484245300293,1010.2886109352112
train,12,58.0,8.0,0.312019020318985,0.47234874963760376,1027.6490540504456
train,12,59.0,8.0,0.25564509630203247,0.8444231748580933,1046.867241859436
train,12,60.0,8.0,0.1589578539133072,0.78401118516922,1064.5837790966034
train,12,61.0,8.0,0.16731378436088562,0.7706693410873413,1081.7108671665192
train,12,62.0,8.0,0.44769060611724854,0.6046556234359741,1098.7691581249237
train,12,63.0,8.0,0.2545749843120575,0.6889916062355042,1116.4257462024689
train,12,64.0,8.0,0.316606730222702,0.5782017707824707,1134.0200700759888
train,12,65.0,8.0,0.2329186201095581,0.48705509305000305,1150.8155620098114
train,12,66.0,8.0,0.22132854163646698,0.8182380199432373,1167.144211769104
train,12,67.0,8.0,0.30357009172439575,0.6055829524993896,1183.9314970970154
train,12,68.0,8.0,0.35191652178764343,0.41043201088905334,1200.8429200649261
train,12,69.0,8.0,0.2538946866989136,0.8683096766471863,1219.9852159023285
train,12,70.0,8.0,0.16243644058704376,0.7704794406890869,1238.192146062851
train,12,71.0,8.0,0.27755820751190186,0.5473821759223938,1255.1682851314545
train,12,72.0,8.0,0.14106512069702148,0.6836631298065186,1272.1398708820343
train,12,73.0,8.0,0.2956274747848511,0.6272405385971069,1289.441307067871
train,12,74.0,8.0,0.26839420199394226,0.8303800225257874,1307.3308999538422
train,12,75.0,8.0,0.19174404442310333,0.8664988279342651,1324.646143913269
train,12,76.0,8.0,0.26999396085739136,0.7154173851013184,1342.1793110370636
train,12,77.0,8.0,0.239565908908844,0.7262625694274902,1358.9624638557434
train,12,78.0,8.0,0.2902134656906128,0.7538112998008728,1375.7837522029877
train,12,79.0,8.0,0.13242501020431519,0.859467625617981,1393.1395449638367
train,12,80.0,8.0,0.3664633631706238,0.6136493682861328,1411.4843459129333
train,12,81.0,8.0,0.4438663125038147,0.7264199256896973,1430.8450291156769
train,12,82.0,8.0,0.15181033313274384,0.8093194365501404,1450.2563087940216
train,12,83.0,8.0,0.13287809491157532,0.7269418835639954,1469.111536026001
train,12,84.0,8.0,0.28675898909568787,0.40251725912094116,1487.136423110962
train,12,85.0,8.0,0.34586000442504883,0.657837986946106,1504.4390740394592
train,12,86.0,8.0,0.1557779461145401,0.6682559847831726,1523.4820981025696
train,12,87.0,8.0,0.3009450137615204,0.47644680738449097,1540.830974817276
train,12,88.0,8.0,0.21547235548496246,0.5596930980682373,1558.5055820941925
train,12,89.0,8.0,0.31643399596214294,0.8518418073654175,1575.22620511055
train,12,90.0,8.0,0.18381619453430176,0.7116235494613647,1592.6183290481567
train,12,91.0,8.0,0.21721556782722473,0.6624638438224792,1610.2467210292816
train,12,92.0,8.0,0.14378567039966583,0.8561737537384033,1627.223480939865
train,12,93.0,8.0,0.36110925674438477,0.4014207720756531,1644.0639889240265
train,12,94.0,8.0,0.201158806681633,0.6725176572799683,1661.1447751522064
train,12,95.0,8.0,0.29002299904823303,0.6426689028739929,1678.1208958625793
train,12,96.0,8.0,0.1484958827495575,0.677692711353302,1694.663535118103
train,12,97.0,8.0,0.2658458948135376,0.42831191420555115,1711.5452740192413
train,12,98.0,8.0,0.1728699505329132,0.9426026344299316,1728.2466049194336
train,12,99.0,8.0,0.23090477287769318,0.6101346611976624,1745.5470387935638
train,12,100.0,8.0,0.2718982994556427,0.7408759593963623,1763.1821670532227
train,12,101.0,8.0,0.2836415469646454,0.8006621599197388,1782.4331440925598
train,12,102.0,8.0,0.2620982527732849,0.7010309100151062,1800.4468038082123
train,12,103.0,8.0,0.3724008798599243,0.637978196144104,1818.1475880146027
train,12,104.0,8.0,0.22558560967445374,0.7638593912124634,1835.5362651348114
train,12,105.0,8.0,0.18662306666374207,0.7226061224937439,1852.6025459766388
train,12,106.0,8.0,0.27449318766593933,0.8061078786849976,1870.1746411323547
train,12,107.0,8.0,0.37699851393699646,0.5890920758247375,1887.242733001709
train,12,108.0,8.0,0.2122744768857956,0.6709581017494202,1909.571084022522
train,12,109.0,8.0,0.30960968136787415,0.4596743583679199,1928.464917898178
train,12,110.0,8.0,0.1389767974615097,0.7063871622085571,1947.2614109516144
train,12,111.0,8.0,0.23340532183647156,0.7481023669242859,1966.1727771759033
train,12,112.0,8.0,0.2714463174343109,0.6968418955802917,1983.8454051017761
train,12,113.0,8.0,0.2551025450229645,0.712864875793457,2000.7574350833893
train,12,114.0,8.0,0.23218905925750732,0.4929904639720917,2020.055037021637
train,12,115.0,8.0,0.23933759331703186,0.7567415833473206,2038.8612639904022
train,12,116.0,8.0,0.20539940893650055,0.6744931936264038,2056.249758005142
train,12,117.0,8.0,0.2989989221096039,0.754339337348938,2073.1013758182526
train,12,118.0,8.0,0.1984109878540039,0.7832639217376709,2089.619236946106
train,12,119.0,8.0,0.2003927230834961,0.6825438141822815,2106.626349925995
train,12,120.0,8.0,0.25439566373825073,0.6948609352111816,2125.3469710350037
train,12,121.0,8.0,0.22150006890296936,0.7770992517471313,2142.939721107483
train,12,122.0,8.0,0.19606758654117584,0.6972953677177429,2160.185904979706
train,12,123.0,8.0,0.2784959077835083,0.6347747445106506,2176.9688448905945
train,12,124.0,8.0,0.28972354531288147,0.7688058614730835,2194.522136926651
train,12,125.0,8.0,0.2448616474866867,0.872653603553772,2211.620870113373
train,12,126.0,8.0,0.34585896134376526,0.5186294913291931,2229.188045024872
train,12,127.0,8.0,0.25135624408721924,0.7077146768569946,2246.4076809883118
train,12,128.0,8.0,0.3226514458656311,0.5592825412750244,2263.6518959999084
train,12,129.0,8.0,0.1584443897008896,0.8150221705436707,2280.4304218292236
train,12,130.0,8.0,0.33527764678001404,0.4480939209461212,2297.204306125641
train,12,131.0,8.0,0.2331235557794571,0.6195977926254272,2314.4921300411224
train,12,132.0,8.0,0.165900319814682,0.6296579241752625,2330.9084210395813
train,12,133.0,8.0,0.22755277156829834,0.6193214654922485,2347.3167939186096
train,12,134.0,8.0,0.27128419280052185,0.9658685922622681,2363.8008811473846
train,12,135.0,8.0,0.12765909731388092,0.8540674448013306,2382.4968559741974
train,12,136.0,8.0,0.2251526266336441,0.647326648235321,2399.5392627716064
val,12,,,0.2795568739374479,0.656136625011762,2548.63525390625
train,13,0.0,8.0,0.240305557847023,0.9080600142478943,23.23038911819458
train,13,1.0,8.0,0.2624225616455078,0.693333625793457,42.081043004989624
train,13,2.0,8.0,0.1853429228067398,0.7171573042869568,61.68988299369812
train,13,3.0,8.0,0.1718621850013733,0.7938348650932312,80.5176169872284
train,13,4.0,8.0,0.30444738268852234,0.7150211334228516,98.58162117004395
train,13,5.0,8.0,0.19973787665367126,0.8314997553825378,116.21915102005005
train,13,6.0,8.0,0.33930709958076477,0.8011350631713867,133.41619205474854
train,13,7.0,8.0,0.2096671164035797,0.6744758486747742,150.9437961578369
train,13,8.0,8.0,0.211763396859169,0.645934522151947,171.25338983535767
train,13,9.0,8.0,0.2921588122844696,0.6150359511375427,190.80201983451843
train,13,10.0,8.0,0.13465873897075653,0.6980770826339722,208.62565302848816
train,13,11.0,8.0,0.1394711136817932,0.6843695044517517,225.98757195472717
train,13,12.0,8.0,0.1580730825662613,0.7727769613265991,243.801185131073
train,13,13.0,8.0,0.3064767122268677,0.5938265919685364,261.4028739929199
train,13,14.0,8.0,0.30149585008621216,0.5946336388587952,278.93832993507385
train,13,15.0,8.0,0.16784712672233582,0.7631241679191589,296.1580729484558
train,13,16.0,8.0,0.32036757469177246,0.6898161768913269,313.26331400871277
train,13,17.0,8.0,0.20622120797634125,0.6590288877487183,330.24313712120056
train,13,18.0,8.0,0.1546880304813385,0.6585387587547302,347.66305708885193
train,13,19.0,8.0,0.1681818813085556,0.7878902554512024,364.96728897094727
train,13,20.0,8.0,0.27547580003738403,0.5453678369522095,382.5469400882721
train,13,21.0,8.0,0.26418647170066833,0.4547605514526367,399.67321610450745
train,13,22.0,8.0,0.19476556777954102,0.7030087113380432,416.09568190574646
train,13,23.0,8.0,0.3215335011482239,0.6911234259605408,433.05183506011963
train,13,24.0,8.0,0.3103333115577698,0.4604499638080597,450.27346205711365
train,13,25.0,8.0,0.25942859053611755,0.5669545531272888,469.9283769130707
train,13,26.0,8.0,0.12906990945339203,0.7355412840843201,487.6860840320587
train,13,27.0,8.0,0.24136069416999817,0.74298095703125,505.1553349494934
train,13,28.0,8.0,0.15569141507148743,0.6557044386863708,524.3659670352936
train,13,29.0,8.0,0.31211671233177185,0.7056094408035278,543.2745380401611
train,13,30.0,8.0,0.2114390730857849,0.5721133351325989,560.3522961139679
train,13,31.0,8.0,0.33656737208366394,0.7852874398231506,577.5494680404663
train,13,32.0,8.0,0.33107978105545044,0.6915554404258728,594.222727060318
train,13,33.0,8.0,0.284818559885025,0.6268261075019836,611.3245000839233
train,13,34.0,8.0,0.4175412356853485,0.6399846076965332,628.5404529571533
train,13,35.0,8.0,0.2242053896188736,0.7956956028938293,645.5304169654846
train,13,36.0,8.0,0.185843825340271,0.8891199827194214,662.18057513237
train,13,37.0,8.0,0.32825252413749695,0.7102269530296326,678.7010719776154
train,13,38.0,8.0,0.19968126714229584,0.6807064414024353,695.5259301662445
train,13,39.0,8.0,0.2577495872974396,0.8372528553009033,712.2037761211395
train,13,40.0,8.0,0.2698824405670166,0.7987895011901855,729.1213290691376
train,13,41.0,8.0,0.17364852130413055,0.780293345451355,745.9571580886841
train,13,42.0,8.0,0.1373881995677948,0.6965101957321167,763.6756339073181
train,13,43.0,8.0,0.20405469834804535,0.6765971183776855,780.8586041927338
train,13,44.0,8.0,0.2060212343931198,0.5301862955093384,799.8503439426422
train,13,45.0,8.0,0.3230425715446472,0.7668174505233765,818.0930562019348
train,13,46.0,8.0,0.2804796099662781,0.5385772585868835,836.0952820777893
train,13,47.0,8.0,0.2766844928264618,0.6509135365486145,853.1277949810028
train,13,48.0,8.0,0.1523461490869522,0.8025510907173157,870.6655838489532
train,13,49.0,8.0,0.34047335386276245,0.6956570744514465,888.1915979385376
train,13,50.0,8.0,0.33935272693634033,0.8110472559928894,906.1098959445953
train,13,51.0,8.0,0.2243729680776596,0.7709593772888184,923.0897309780121
train,13,52.0,8.0,0.31627264618873596,0.6989613771438599,940.2746939659119
train,13,53.0,8.0,0.16816522181034088,0.756088137626648,958.1623070240021
train,13,54.0,8.0,0.08806072175502777,0.821530282497406,975.4855320453644
train,13,55.0,8.0,0.31234169006347656,0.7198795080184937,992.9895179271698
train,13,56.0,8.0,0.17320308089256287,0.7546197175979614,1010.1229200363159
train,13,57.0,8.0,0.17266878485679626,0.7572770118713379,1027.4389729499817
train,13,58.0,8.0,0.2573164403438568,0.6915013194084167,1045.4880669116974
train,13,59.0,8.0,0.28993353247642517,0.7488293051719666,1063.1900479793549
train,13,60.0,8.0,0.34446120262145996,0.539433479309082,1080.1512122154236
train,13,61.0,8.0,0.3536614775657654,0.6483892202377319,1097.6650819778442
train,13,62.0,8.0,0.1522642970085144,0.8336804509162903,1114.741644859314
train,13,63.0,8.0,0.14600348472595215,0.8460808992385864,1132.4971899986267
train,13,64.0,8.0,0.34979960322380066,0.7700600028038025,1150.8337559700012
train,13,65.0,8.0,0.2514786124229431,0.6919267177581787,1168.4196209907532
train,13,66.0,8.0,0.2263871729373932,0.6257990598678589,1185.657191991806
train,13,67.0,8.0,0.25310763716697693,0.7167865037918091,1203.032378911972
train,13,68.0,8.0,0.23034080862998962,0.7571104764938354,1220.6169769763947
train,13,69.0,8.0,0.26061519980430603,0.836830735206604,1238.4517750740051
train,13,70.0,8.0,0.2081017941236496,0.8278740644454956,1254.9411499500275
train,13,71.0,8.0,0.2552642524242401,0.5843987464904785,1272.1981000900269
train,13,72.0,8.0,0.23867526650428772,0.6135748624801636,1288.851870059967
train,13,73.0,8.0,0.20795424282550812,0.6701780557632446,1306.3311100006104
train,13,74.0,8.0,0.2878343462944031,0.6433258056640625,1322.9387669563293
train,13,75.0,8.0,0.21951083838939667,0.7918205857276917,1339.5691001415253
train,13,76.0,8.0,0.12015343457460403,0.7204286456108093,1356.6157109737396
train,13,77.0,8.0,0.314041405916214,0.7502159476280212,1374.2608988285065
train,13,78.0,8.0,0.36534759402275085,0.7664993405342102,1391.9630229473114
train,13,79.0,8.0,0.2166769653558731,0.8069353103637695,1409.641377210617
train,13,80.0,8.0,0.18715603649616241,0.7365835905075073,1426.7863509654999
train,13,81.0,8.0,0.23952646553516388,0.5935981273651123,1446.6453461647034
train,13,82.0,8.0,0.26013368368148804,0.828572690486908,1465.0309431552887
train,13,83.0,8.0,0.32130271196365356,0.5659610033035278,1482.805751800537
train,13,84.0,8.0,0.16907908022403717,0.7445199489593506,1499.9597489833832
train,13,85.0,8.0,0.3157002031803131,0.6980404853820801,1517.055191040039
train,13,86.0,8.0,0.3087696433067322,0.6093349456787109,1533.9879078865051
train,13,87.0,8.0,0.2226344794034958,0.6203567385673523,1550.514100074768
train,13,88.0,8.0,0.21800996363162994,0.6504004001617432,1567.287307024002
train,13,89.0,8.0,0.38158199191093445,0.4664257764816284,1583.889492034912
train,13,90.0,8.0,0.23595444858074188,0.4789174795150757,1601.638062953949
train,13,91.0,8.0,0.0879441425204277,0.8096597790718079,1618.9593098163605
train,13,92.0,8.0,0.2697860300540924,0.6883755922317505,1637.0095791816711
train,13,93.0,8.0,0.23271015286445618,0.5980284810066223,1655.7904419898987
train,13,94.0,8.0,0.2145572304725647,0.8358051180839539,1673.0902779102325
train,13,95.0,8.0,0.12859173119068146,0.7072914838790894,1690.5681450366974
train,13,96.0,8.0,0.20070762932300568,0.67556232213974,1708.2992870807648
train,13,97.0,8.0,0.28669506311416626,0.6333569288253784,1725.9759061336517
train,13,98.0,8.0,0.38543298840522766,0.6976354122161865,1743.4078500270844
train,13,99.0,8.0,0.19303059577941895,0.5502798557281494,1760.6108260154724
train,13,100.0,8.0,0.20258589088916779,0.6805692315101624,1777.4850289821625
train,13,101.0,8.0,0.2615778148174286,0.704042911529541,1797.4677410125732
train,13,102.0,8.0,0.3346291780471802,0.6590367555618286,1816.4700989723206
train,13,103.0,8.0,0.2705995738506317,0.6622580885887146,1833.4511089324951
train,13,104.0,8.0,0.27238941192626953,0.5296116471290588,1850.3650379180908
train,13,105.0,8.0,0.26926761865615845,0.5490459203720093,1867.3768620491028
train,13,106.0,8.0,0.2676559090614319,0.5364028215408325,1884.6993670463562
train,13,107.0,8.0,0.16880373656749725,0.7568973302841187,1901.1356608867645
train,13,108.0,8.0,0.3885403573513031,0.5773200988769531,1918.1000111103058
train,13,109.0,8.0,0.2988092601299286,0.7401129007339478,1935.6958050727844
train,13,110.0,8.0,0.33905673027038574,0.5256057381629944,1954.4431121349335
train,13,111.0,8.0,0.16876791417598724,0.6188243627548218,1973.5019199848175
train,13,112.0,8.0,0.2342466413974762,0.7873715758323669,1992.8354980945587
train,13,113.0,8.0,0.2580358386039734,0.5471528172492981,2012.0978140830994
train,13,114.0,8.0,0.19250141084194183,0.7142468094825745,2031.4920258522034
train,13,115.0,8.0,0.35908612608909607,0.6317307949066162,2050.160518884659
train,13,116.0,8.0,0.2703414857387543,0.8247172832489014,2067.7424929142
train,13,117.0,8.0,0.2475203573703766,0.8510304689407349,2085.7518911361694
train,13,118.0,8.0,0.26790687441825867,0.673188328742981,2102.757047891617
train,13,119.0,8.0,0.15328902006149292,0.6529979705810547,2119.7509241104126
train,13,120.0,8.0,0.35750502347946167,0.383323073387146,2136.515137195587
train,13,121.0,8.0,0.31915566325187683,0.7530791759490967,2153.310080051422
train,13,122.0,8.0,0.32222145795822144,0.558108925819397,2171.3551659584045
train,13,123.0,8.0,0.29883208870887756,0.7815996408462524,2188.524585008621
train,13,124.0,8.0,0.1624857634305954,0.6493675112724304,2205.5033271312714
train,13,125.0,8.0,0.3036664128303528,0.6178296804428101,2222.1318418979645
train,13,126.0,8.0,0.38669872283935547,0.6855500936508179,2239.236610889435
train,13,127.0,8.0,0.23537416756153107,0.622606098651886,2256.003650903702
train,13,128.0,8.0,0.22888070344924927,0.7642289996147156,2273.5622951984406
train,13,129.0,8.0,0.14040334522724152,0.8506399989128113,2291.7089800834656
train,13,130.0,8.0,0.2424963414669037,0.4977640211582184,2309.801327943802
train,13,131.0,8.0,0.19458526372909546,0.6861116886138916,2326.7172269821167
train,13,132.0,8.0,0.3080027103424072,0.610907793045044,2344.237939119339
train,13,133.0,8.0,0.24512194097042084,0.7271466851234436,2361.5934648513794
train,13,134.0,8.0,0.3700167238712311,0.8783019781112671,2378.2219569683075
train,13,135.0,8.0,0.1847831904888153,0.7090432643890381,2394.8075091838837
train,13,136.0,8.0,0.34756550192832947,0.4985044300556183,2412.236788034439
val,13,,,0.2788422097762426,0.6483071049054464,2561.2383749485016
train,14,0.0,8.0,0.20385251939296722,0.5323241949081421,20.628417015075684
train,14,1.0,8.0,0.258846253156662,0.6901062726974487,40.07108402252197
train,14,2.0,8.0,0.3404427468776703,0.7974207401275635,57.676878213882446
train,14,3.0,8.0,0.2848464846611023,0.6416334509849548,75.01787805557251
train,14,4.0,8.0,0.20263363420963287,0.8389521837234497,94.29002523422241
train,14,5.0,8.0,0.2478121817111969,0.7185724377632141,113.46135926246643
train,14,6.0,8.0,0.16417157649993896,0.7680203318595886,130.63109302520752
train,14,7.0,8.0,0.19952166080474854,0.7190688848495483,147.52416920661926
train,14,8.0,8.0,0.14752313494682312,0.8133859038352966,163.99691820144653
train,14,9.0,8.0,0.27214786410331726,0.8259175419807434,180.45260906219482
train,14,10.0,8.0,0.2969982922077179,0.5974597334861755,196.89362931251526
train,14,11.0,8.0,0.21397331357002258,0.6769274473190308,213.81488919258118
train,14,12.0,8.0,0.2428460568189621,0.729870617389679,230.28820037841797
train,14,13.0,8.0,0.31687673926353455,0.7285057306289673,246.97466325759888
train,14,14.0,8.0,0.254428893327713,0.7177983522415161,263.88116121292114
train,14,15.0,8.0,0.21785052120685577,0.6614746451377869,282.06729912757874
train,14,16.0,8.0,0.37858322262763977,0.45533281564712524,300.9567060470581
train,14,17.0,8.0,0.3026883006095886,0.5877923965454102,319.86444211006165
train,14,18.0,8.0,0.2598203122615814,0.7138753533363342,339.0049021244049
train,14,19.0,8.0,0.23932534456253052,0.7485665082931519,357.52089619636536
train,14,20.0,8.0,0.1787809580564499,0.8888797163963318,375.293758392334
train,14,21.0,8.0,0.24405770003795624,0.724617600440979,394.51607608795166
train,14,22.0,8.0,0.13672463595867157,0.7192686796188354,412.382404088974
train,14,23.0,8.0,0.3554963171482086,0.7546974420547485,429.58173632621765
train,14,24.0,8.0,0.22017115354537964,0.6298878788948059,446.6377782821655
train,14,25.0,8.0,0.2519152760505676,0.45265889167785645,464.0036871433258
train,14,26.0,8.0,0.16516146063804626,0.7785528898239136,481.3143801689148
train,14,27.0,8.0,0.2408359944820404,0.7510528564453125,498.25978422164917
train,14,28.0,8.0,0.20462654531002045,0.6816044449806213,516.1964700222015
train,14,29.0,8.0,0.17811904847621918,0.7286611199378967,533.8795020580292
train,14,30.0,8.0,0.2032642960548401,0.674287736415863,551.1244533061981
train,14,31.0,8.0,0.28720974922180176,0.5095603466033936,568.4953920841217
train,14,32.0,8.0,0.22033986449241638,0.6542692184448242,586.2047452926636
train,14,33.0,8.0,0.12134384363889694,0.7276856303215027,603.7666113376617
train,14,34.0,8.0,0.20056504011154175,0.7074828743934631,621.4555740356445
train,14,35.0,8.0,0.24786972999572754,0.7161961793899536,639.7416832447052
train,14,36.0,8.0,0.2797706425189972,0.636224091053009,656.956285238266
train,14,37.0,8.0,0.24606196582317352,0.8821913003921509,674.1002681255341
train,14,38.0,8.0,0.16491034626960754,0.6197519898414612,690.8493549823761
train,14,39.0,8.0,0.2557295262813568,0.4599234461784363,707.5818643569946
train,14,40.0,8.0,0.1609923243522644,0.870944619178772,724.4254190921783
train,14,41.0,8.0,0.1014336496591568,0.7900644540786743,741.0947651863098
train,14,42.0,8.0,0.23928381502628326,0.602207601070404,757.8232951164246
train,14,43.0,8.0,0.4038764238357544,0.6688356399536133,774.7682862281799
train,14,44.0,8.0,0.22008094191551208,0.8124051690101624,791.98513007164
train,14,45.0,8.0,0.25793421268463135,0.7311146855354309,808.8170323371887
train,14,46.0,8.0,0.27952998876571655,0.7942244410514832,825.9659252166748
train,14,47.0,8.0,0.18836160004138947,0.706188976764679,842.578360080719
train,14,48.0,8.0,0.27773213386535645,0.5156416296958923,859.1184539794922
train,14,49.0,8.0,0.23819275200366974,0.6064178347587585,876.4102871417999
train,14,50.0,8.0,0.28098341822624207,0.652775764465332,893.5220782756805
train,14,51.0,8.0,0.15199622511863708,0.6619113683700562,911.4835603237152
train,14,52.0,8.0,0.1505918800830841,0.8025044202804565,931.4542090892792
train,14,53.0,8.0,0.2959897220134735,0.5429315567016602,950.9727971553802
train,14,54.0,8.0,0.16078558564186096,0.8274658918380737,967.880921125412
train,14,55.0,8.0,0.2536673843860626,0.6966439485549927,986.1445953845978
train,14,56.0,8.0,0.3906179368495941,0.8194740414619446,1007.4205062389374
train,14,57.0,8.0,0.3031628131866455,0.4828663468360901,1026.2583763599396
train,14,58.0,8.0,0.3663322627544403,0.4701778292655945,1045.9113762378693
train,14,59.0,8.0,0.24950432777404785,0.7043958902359009,1064.2752811908722
train,14,60.0,8.0,0.3082323372364044,0.4851580262184143,1083.587157011032
train,14,61.0,8.0,0.33129626512527466,0.41920211911201477,1102.2806332111359
train,14,62.0,8.0,0.25080209970474243,0.5575003623962402,1120.834013223648
train,14,63.0,8.0,0.24613754451274872,0.5802579522132874,1137.9311830997467
train,14,64.0,8.0,0.22528615593910217,0.9131141304969788,1155.4553699493408
train,14,65.0,8.0,0.23661120235919952,0.6014930009841919,1172.2044801712036
train,14,66.0,8.0,0.2669604420661926,0.8097091913223267,1190.4632623195648
train,14,67.0,8.0,0.19531744718551636,0.7000491619110107,1210.2617123126984
train,14,68.0,8.0,0.2453140914440155,0.5826520323753357,1228.673843383789
train,14,69.0,8.0,0.3012810945510864,0.6151766180992126,1248.3376121520996
train,14,70.0,8.0,0.19201049208641052,0.7162922024726868,1266.6572122573853
train,14,71.0,8.0,0.2229587882757187,0.5164468884468079,1285.014403104782
train,14,72.0,8.0,0.2608698904514313,0.721281886100769,1302.9339430332184
train,14,73.0,8.0,0.24384167790412903,0.5771201252937317,1320.7268242835999
train,14,74.0,8.0,0.3108850121498108,0.5837273597717285,1337.6090302467346
train,14,75.0,8.0,0.2730557918548584,0.6599968671798706,1354.5071370601654
train,14,76.0,8.0,0.15907809138298035,0.7956194281578064,1371.7804501056671
train,14,77.0,8.0,0.23682518303394318,0.6099752187728882,1388.543847322464
train,14,78.0,8.0,0.18346138298511505,0.720167338848114,1405.276524066925
train,14,79.0,8.0,0.3415053188800812,0.7895333170890808,1421.9767742156982
train,14,80.0,8.0,0.21701321005821228,0.656278669834137,1438.5909450054169
train,14,81.0,8.0,0.20378151535987854,0.6723900437355042,1455.4255921840668
train,14,82.0,8.0,0.3031839430332184,0.6019420027732849,1473.917111158371
train,14,83.0,8.0,0.25604602694511414,0.6950157880783081,1490.687096118927
train,14,84.0,8.0,0.3512776792049408,0.7832568287849426,1508.6673452854156
train,14,85.0,8.0,0.15887613594532013,0.7701170444488525,1526.915910243988
train,14,86.0,8.0,0.3574254512786865,0.7476778626441956,1545.026537179947
train,14,87.0,8.0,0.23548737168312073,0.5990715026855469,1562.978291273117
train,14,88.0,8.0,0.3325805068016052,0.7967687249183655,1580.8968262672424
train,14,89.0,8.0,0.3393370807170868,0.6742407083511353,1598.4007232189178
train,14,90.0,8.0,0.23310764133930206,0.9192420244216919,1615.4806010723114
train,14,91.0,8.0,0.3133803904056549,0.6965134143829346,1632.3522810935974
train,14,92.0,8.0,0.23500590026378632,0.6025041937828064,1649.2811923027039
train,14,93.0,8.0,0.37182727456092834,0.34609541296958923,1667.2163712978363
train,14,94.0,8.0,0.16599781811237335,0.7605093121528625,1684.5960142612457
train,14,95.0,8.0,0.2477290779352188,0.7182973623275757,1701.973550081253
train,14,96.0,8.0,0.2855871021747589,0.6206924915313721,1718.672814130783
train,14,97.0,8.0,0.3120860457420349,0.713162362575531,1736.7398052215576
train,14,98.0,8.0,0.19662079215049744,0.8448809385299683,1753.8419320583344
train,14,99.0,8.0,0.17993338406085968,0.7169719338417053,1770.9759542942047
train,14,100.0,8.0,0.369575560092926,0.4790336489677429,1787.977343082428
train,14,101.0,8.0,0.3483712375164032,0.6386880874633789,1805.7827551364899
train,14,102.0,8.0,0.2523309588432312,0.5676318407058716,1823.6837561130524
train,14,103.0,8.0,0.2198728621006012,0.626121461391449,1841.3577983379364
train,14,104.0,8.0,0.2531418204307556,0.6998850703239441,1858.6063342094421
train,14,105.0,8.0,0.18654277920722961,0.698284924030304,1875.6730811595917
train,14,106.0,8.0,0.22939881682395935,0.6596459150314331,1893.102515220642
train,14,107.0,8.0,0.2211107313632965,0.7650070786476135,1909.6207852363586
train,14,108.0,8.0,0.27040281891822815,0.7930914759635925,1926.4399552345276
train,14,109.0,8.0,0.18287813663482666,0.5813497304916382,1943.220679283142
train,14,110.0,8.0,0.20481322705745697,0.806106686592102,1959.8647780418396
train,14,111.0,8.0,0.36088988184928894,0.8991748094558716,1977.8032093048096
train,14,112.0,8.0,0.28822922706604004,0.9008995294570923,1994.3379921913147
train,14,113.0,8.0,0.1898755431175232,0.7170066833496094,2011.1519742012024
train,14,114.0,8.0,0.2514318525791168,0.8526169061660767,2028.5886771678925
train,14,115.0,8.0,0.22281304001808167,0.6388451457023621,2044.9763720035553
train,14,116.0,8.0,0.36498361825942993,0.7661415934562683,2062.0005962848663
train,14,117.0,8.0,0.21735645830631256,0.6771106123924255,2079.5075702667236
train,14,118.0,8.0,0.27135753631591797,0.7932174205780029,2096.93488407135
train,14,119.0,8.0,0.15144221484661102,0.8463904857635498,2114.8737931251526
train,14,120.0,8.0,0.2685209810733795,0.6722128391265869,2133.605489253998
train,14,121.0,8.0,0.15911373496055603,0.8005197048187256,2150.885073184967
train,14,122.0,8.0,0.25031042098999023,0.5758551359176636,2168.219399213791
train,14,123.0,8.0,0.27505505084991455,0.793573796749115,2185.607148170471
train,14,124.0,8.0,0.3098650276660919,0.5977393984794617,2203.5396332740784
train,14,125.0,8.0,0.17301686108112335,0.7763020396232605,2220.14656996727
train,14,126.0,8.0,0.25143712759017944,0.7163162231445312,2236.819499015808
train,14,127.0,8.0,0.19012503325939178,0.7033394575119019,2253.8656871318817
train,14,128.0,8.0,0.08599264919757843,0.8310079574584961,2270.386364221573
train,14,129.0,8.0,0.2403251677751541,0.7332842350006104,2286.860847234726
train,14,130.0,8.0,0.29719457030296326,0.637026309967041,2303.756102323532
train,14,131.0,8.0,0.17753705382347107,0.778048038482666,2320.441714286804
train,14,132.0,8.0,0.29084011912345886,0.7674071788787842,2337.182893037796
train,14,133.0,8.0,0.23982782661914825,0.9069923162460327,2353.978327035904
train,14,134.0,8.0,0.2749524414539337,0.5281628966331482,2370.808798313141
train,14,135.0,8.0,0.27448177337646484,0.8222965598106384,2387.528459072113
train,14,136.0,8.0,0.2827419638633728,0.7709529399871826,2406.0181109905243
val,14,,,0.27994319548209506,0.6499849001566569,2557.355175256729
train,15,0.0,8.0,0.25001704692840576,0.7070156335830688,19.89196228981018
train,15,1.0,8.0,0.2386379837989807,0.5811539888381958,37.22562623023987
train,15,2.0,8.0,0.3986261487007141,0.8110386729240417,53.83206510543823
train,15,3.0,8.0,0.20102716982364655,0.6925499439239502,70.76670122146606
train,15,4.0,8.0,0.23229530453681946,0.767674446105957,89.58836627006531
train,15,5.0,8.0,0.1626935601234436,0.6293115615844727,107.54006314277649
train,15,6.0,8.0,0.16807453334331512,0.613278865814209,124.95259022712708
train,15,7.0,8.0,0.22490110993385315,0.9274733066558838,143.66250920295715
train,15,8.0,8.0,0.3258885145187378,0.8408459424972534,161.45623302459717
train,15,9.0,8.0,0.15290789306163788,0.8026233315467834,178.76552510261536
train,15,10.0,8.0,0.3171517252922058,0.7096090316772461,196.43572783470154
train,15,11.0,8.0,0.41558510065078735,0.7755129337310791,213.67791104316711
train,15,12.0,8.0,0.20306572318077087,0.6726530194282532,230.87238717079163
train,15,13.0,8.0,0.21942593157291412,0.6351878643035889,248.3362910747528
train,15,14.0,8.0,0.1823427379131317,0.5987866520881653,265.3739552497864
train,15,15.0,8.0,0.3852927088737488,0.44474807381629944,281.89990520477295
train,15,16.0,8.0,0.10779009759426117,0.7682416439056396,299.22520089149475
train,15,17.0,8.0,0.22394108772277832,0.6175156831741333,316.56303119659424
train,15,18.0,8.0,0.28724879026412964,0.616646409034729,333.0358028411865
train,15,19.0,8.0,0.17640350759029388,0.917628824710846,351.12337017059326
train,15,20.0,8.0,0.2835068702697754,0.8080397248268127,368.3514220714569
train,15,21.0,8.0,0.2469799816608429,0.5705529451370239,385.7357928752899
train,15,22.0,8.0,0.2552233338356018,0.7137241959571838,402.49267315864563
train,15,23.0,8.0,0.20932704210281372,0.6543408632278442,419.7854092121124
train,15,24.0,8.0,0.28813520073890686,0.7613962292671204,438.0103361606598
train,15,25.0,8.0,0.23892122507095337,0.611397922039032,457.15722918510437
train,15,26.0,8.0,0.22706487774848938,0.623263955116272,476.60860300064087
train,15,27.0,8.0,0.3215921223163605,0.694682240486145,496.1740732192993
train,15,28.0,8.0,0.2882901430130005,0.5266778469085693,515.6927900314331
train,15,29.0,8.0,0.3376428186893463,0.7981213927268982,534.8043992519379
train,15,30.0,8.0,0.23371778428554535,0.7412471771240234,553.7420830726624
train,15,31.0,8.0,0.1960037648677826,0.7121049761772156,571.2891001701355
train,15,32.0,8.0,0.2401970624923706,0.7226681113243103,588.3563950061798
train,15,33.0,8.0,0.17355425655841827,0.5902774333953857,605.0519511699677
train,15,34.0,8.0,0.20954328775405884,0.8093235492706299,621.789167881012
train,15,35.0,8.0,0.17792141437530518,0.5854284167289734,638.1781830787659
train,15,36.0,8.0,0.2652956247329712,0.8173607587814331,655.1956622600555
train,15,37.0,8.0,0.3548816442489624,0.7517889142036438,672.0076942443848
train,15,38.0,8.0,0.3037225008010864,0.7439225316047668,688.4287240505219
train,15,39.0,8.0,0.16262151300907135,0.8059631586074829,705.7197439670563
train,15,40.0,8.0,0.24111545085906982,0.8532377481460571,722.6234140396118
train,15,41.0,8.0,0.20761947333812714,0.8390791416168213,739.2600181102753
train,15,42.0,8.0,0.22315867245197296,0.6422927379608154,756.816504240036
train,15,43.0,8.0,0.24230176210403442,0.7221839427947998,774.2348999977112
train,15,44.0,8.0,0.1815355122089386,0.8998793363571167,791.7713701725006
train,15,45.0,8.0,0.455623984336853,0.5771514773368835,808.895877122879
train,15,46.0,8.0,0.200562983751297,0.6827017068862915,826.052088022232
train,15,47.0,8.0,0.20814819633960724,0.6844559907913208,843.141764163971
train,15,48.0,8.0,0.21256332099437714,0.5256065130233765,859.8045902252197
train,15,49.0,8.0,0.20584000647068024,0.7090676426887512,877.0564930438995
train,15,50.0,8.0,0.15856173634529114,0.8220576047897339,894.3459370136261
train,15,51.0,8.0,0.28399577736854553,0.7818931341171265,911.3818821907043
train,15,52.0,8.0,0.10352450609207153,0.7616588473320007,928.176940202713
train,15,53.0,8.0,0.23241551220417023,0.7334117889404297,944.9364712238312
train,15,54.0,8.0,0.1917107254266739,0.6893054842948914,961.8947310447693
train,15,55.0,8.0,0.23776352405548096,0.476068913936615,979.9545321464539
train,15,56.0,8.0,0.19569909572601318,0.5834731459617615,997.7971909046173
train,15,57.0,8.0,0.3051723539829254,0.5909847021102905,1016.2150800228119
train,15,58.0,8.0,0.22810032963752747,0.616334080696106,1033.5387961864471
train,15,59.0,8.0,0.23761959373950958,0.7393006086349487,1051.8495371341705
train,15,60.0,8.0,0.23785300552845,0.7388004064559937,1070.0988202095032
train,15,61.0,8.0,0.30013784766197205,0.7669244408607483,1087.9611630439758
train,15,62.0,8.0,0.27753862738609314,0.7817686200141907,1105.3041610717773
train,15,63.0,8.0,0.24173913896083832,0.7226809859275818,1122.7215411663055
train,15,64.0,8.0,0.23721370100975037,0.7501790523529053,1140.2768499851227
train,15,65.0,8.0,0.30540093779563904,0.717930018901825,1157.3073642253876
train,15,66.0,8.0,0.25937554240226746,0.6763253211975098,1173.9598350524902
train,15,67.0,8.0,0.16672860085964203,0.6281388998031616,1191.5544929504395
train,15,68.0,8.0,0.2891307473182678,0.524249792098999,1208.9491782188416
train,15,69.0,8.0,0.2989726662635803,0.7406389713287354,1225.6427071094513
train,15,70.0,8.0,0.3748326599597931,0.8463361859321594,1242.4635210037231
train,15,71.0,8.0,0.2478449046611786,0.7307673096656799,1259.2104671001434
train,15,72.0,8.0,0.0855804905295372,0.8212412595748901,1275.8530631065369
train,15,73.0,8.0,0.2972806692123413,0.7419055104255676,1295.3222122192383
train,15,74.0,8.0,0.18829207122325897,0.846710205078125,1314.360344171524
train,15,75.0,8.0,0.23222942650318146,0.4872457981109619,1333.710331916809
train,15,76.0,8.0,0.1455109715461731,0.8092806339263916,1353.1439990997314
train,15,77.0,8.0,0.2292562574148178,0.7560058832168579,1372.6807980537415
train,15,78.0,8.0,0.19166624546051025,0.6896207332611084,1392.0104241371155
train,15,79.0,8.0,0.4312818944454193,0.626707911491394,1410.0086090564728
train,15,80.0,8.0,0.3236643373966217,0.6756396889686584,1429.2868330478668
train,15,81.0,8.0,0.26577141880989075,0.8255282640457153,1446.9429659843445
train,15,82.0,8.0,0.3093491792678833,0.58437579870224,1464.1992461681366
train,15,83.0,8.0,0.26098257303237915,0.6759862303733826,1480.880163192749
train,15,84.0,8.0,0.2600824236869812,0.6886101961135864,1498.0080800056458
train,15,85.0,8.0,0.3874165713787079,0.8287353515625,1515.0726211071014
train,15,86.0,8.0,0.3032222092151642,0.5835156440734863,1531.967495918274
train,15,87.0,8.0,0.18183325231075287,0.7122458219528198,1549.952243089676
train,15,88.0,8.0,0.3198108673095703,0.6872240304946899,1566.925537109375
train,15,89.0,8.0,0.3416958451271057,0.7729853391647339,1583.3013188838959
train,15,90.0,8.0,0.23596610128879547,0.7765704989433289,1600.1575241088867
train,15,91.0,8.0,0.2409176379442215,0.7211403846740723,1618.7024021148682
train,15,92.0,8.0,0.30974671244621277,0.707298994064331,1636.2423539161682
train,15,93.0,8.0,0.25139862298965454,0.6962193846702576,1653.7960050106049
train,15,94.0,8.0,0.25991806387901306,0.7049575448036194,1671.715492963791
train,15,95.0,8.0,0.24906766414642334,0.46354976296424866,1688.9948959350586
train,15,96.0,8.0,0.20862269401550293,0.6489020586013794,1705.7773551940918
train,15,97.0,8.0,0.17922040820121765,0.7580065727233887,1722.621059179306
train,15,98.0,8.0,0.22624783217906952,0.7691757678985596,1739.3571751117706
train,15,99.0,8.0,0.13658443093299866,0.8557651042938232,1756.06942486763
train,15,100.0,8.0,0.23827165365219116,0.5919967293739319,1772.5424582958221
train,15,101.0,8.0,0.22683964669704437,0.6261679530143738,1790.3428571224213
train,15,102.0,8.0,0.258332222700119,0.6829656958580017,1807.085155248642
train,15,103.0,8.0,0.12774062156677246,0.7072046995162964,1823.4896750450134
train,15,104.0,8.0,0.2659144401550293,0.6531155705451965,1840.5003080368042
train,15,105.0,8.0,0.10609646886587143,0.7660381197929382,1857.347239971161
train,15,106.0,8.0,0.264955073595047,0.8281137943267822,1874.0757241249084
train,15,107.0,8.0,0.23658032715320587,0.783794641494751,1890.9085710048676
train,15,108.0,8.0,0.28882887959480286,0.6120930314064026,1907.727782011032
train,15,109.0,8.0,0.26264527440071106,0.8311179876327515,1924.43017411232
train,15,110.0,8.0,0.16504812240600586,0.7754443883895874,1941.211699962616
train,15,111.0,8.0,0.20684140920639038,0.8311192393302917,1958.3108422756195
train,15,112.0,8.0,0.2531820833683014,0.8439764380455017,1975.5175511837006
train,15,113.0,8.0,0.24762140214443207,0.60197514295578,1993.829017162323
train,15,114.0,8.0,0.11419287323951721,0.8921148180961609,2011.7200870513916
train,15,115.0,8.0,0.25649625062942505,0.7067998051643372,2028.7325279712677
train,15,116.0,8.0,0.17237691581249237,0.595306396484375,2046.158674955368
train,15,117.0,8.0,0.3564448356628418,0.6199464797973633,2062.957175016403
train,15,118.0,8.0,0.3391836881637573,0.8141614198684692,2079.7659862041473
train,15,119.0,8.0,0.20207157731056213,0.8255205750465393,2096.771836042404
train,15,120.0,8.0,0.1923993080854416,0.8509237766265869,2113.6766040325165
train,15,121.0,8.0,0.20760691165924072,0.6836405992507935,2130.3803131580353
train,15,122.0,8.0,0.32185038924217224,0.7062171101570129,2148.8152809143066
train,15,123.0,8.0,0.1905244141817093,0.8437045812606812,2167.624950170517
train,15,124.0,8.0,0.2793567180633545,0.6230642795562744,2185.457815170288
train,15,125.0,8.0,0.266850084066391,0.8172258138656616,2202.6373279094696
train,15,126.0,8.0,0.328252375125885,0.8341387510299683,2220.8270449638367
train,15,127.0,8.0,0.10130839794874191,0.7720211744308472,2239.798657178879
train,15,128.0,8.0,0.11327259242534637,0.7740702033042908,2259.351110935211
train,15,129.0,8.0,0.15084747970104218,0.8039280772209167,2277.90514421463
train,15,130.0,8.0,0.34883588552474976,0.6326195001602173,2296.1662590503693
train,15,131.0,8.0,0.32523488998413086,0.544307291507721,2312.7032721042633
train,15,132.0,8.0,0.19785022735595703,0.559268593788147,2330.423012971878
train,15,133.0,8.0,0.23405858874320984,0.7600919604301453,2348.1949570178986
train,15,134.0,8.0,0.17262546718120575,0.6033914685249329,2365.259552001953
train,15,135.0,8.0,0.23787158727645874,0.7328858375549316,2382.353672981262
train,15,136.0,8.0,0.15818482637405396,0.800822913646698,2398.915879011154
val,15,,,0.2739409958322843,0.6661639302968979,2547.311051130295
train,16,0.0,8.0,0.1775127351284027,0.7359365820884705,22.004952907562256
train,16,1.0,8.0,0.2797042727470398,0.791499674320221,41.70603895187378
train,16,2.0,8.0,0.16295330226421356,0.6283339262008667,61.08403015136719
train,16,3.0,8.0,0.1689760386943817,0.6036115884780884,79.80086588859558
train,16,4.0,8.0,0.294116348028183,0.7544375061988831,97.6362841129303
train,16,5.0,8.0,0.19928744435310364,0.6675561666488647,114.71073698997498
train,16,6.0,8.0,0.2626989483833313,0.6753670573234558,131.85120701789856
train,16,7.0,8.0,0.17787064611911774,0.7301711440086365,148.98957705497742
train,16,8.0,8.0,0.19337324798107147,0.5521038174629211,165.52889895439148
train,16,9.0,8.0,0.1749555766582489,0.7429291605949402,182.16829991340637
train,16,10.0,8.0,0.2095925211906433,0.6652390956878662,199.2223289012909
train,16,11.0,8.0,0.20747734606266022,0.8555576205253601,215.69422507286072
train,16,12.0,8.0,0.13586072623729706,0.8359886407852173,232.8079149723053
train,16,13.0,8.0,0.15807940065860748,0.9654331803321838,249.35946202278137
train,16,14.0,8.0,0.1043633371591568,0.7655972242355347,266.5563759803772
train,16,15.0,8.0,0.2308935970067978,0.7403102517127991,283.77091002464294
train,16,16.0,8.0,0.22840934991836548,0.7711106538772583,301.8795611858368
train,16,17.0,8.0,0.2510080337524414,0.6936783194541931,319.7323648929596
train,16,18.0,8.0,0.3522365093231201,0.7876300811767578,336.80859994888306
train,16,19.0,8.0,0.24881410598754883,0.6941542029380798,354.8815882205963
train,16,20.0,8.0,0.3389142155647278,0.7832175493240356,372.10644602775574
train,16,21.0,8.0,0.21123366057872772,0.6498529314994812,389.99891090393066
train,16,22.0,8.0,0.2296386957168579,0.9140560030937195,407.0133001804352
train,16,23.0,8.0,0.19615164399147034,0.6820603609085083,424.21886801719666
train,16,24.0,8.0,0.33810722827911377,0.8093494772911072,441.3717939853668
train,16,25.0,8.0,0.28263261914253235,0.7716132998466492,458.9773118495941
train,16,26.0,8.0,0.15576905012130737,0.6273051500320435,477.0814559459686
train,16,27.0,8.0,0.2103017121553421,0.8020290732383728,494.6609950065613
train,16,28.0,8.0,0.2892288565635681,0.6344724893569946,512.4849059581757
train,16,29.0,8.0,0.15344339609146118,0.650733470916748,529.6589910984039
train,16,30.0,8.0,0.2683425545692444,0.6621448397636414,546.1812479496002
train,16,31.0,8.0,0.21082165837287903,0.5323067903518677,563.7718608379364
train,16,32.0,8.0,0.21074503660202026,0.6887041330337524,581.1477317810059
train,16,33.0,8.0,0.2699054777622223,0.6635874509811401,598.9308907985687
train,16,34.0,8.0,0.2561816871166229,0.5721045732498169,616.7040338516235
train,16,35.0,8.0,0.32109469175338745,0.8369979858398438,634.3606209754944
train,16,36.0,8.0,0.18322958052158356,0.7059248685836792,652.6140041351318
train,16,37.0,8.0,0.3766062557697296,0.8458287715911865,670.4409902095795
train,16,38.0,8.0,0.3023621439933777,0.8756267428398132,687.9839398860931
train,16,39.0,8.0,0.18835829198360443,0.5520886182785034,705.5931658744812
train,16,40.0,8.0,0.2630217969417572,0.674056887626648,722.4614450931549
train,16,41.0,8.0,0.2625983655452728,0.6851415634155273,740.324450969696
train,16,42.0,8.0,0.10486670583486557,0.7797864675521851,757.3780121803284
train,16,43.0,8.0,0.2814750075340271,0.7806370258331299,774.1954798698425
train,16,44.0,8.0,0.22882629930973053,0.48442065715789795,790.8140971660614
train,16,45.0,8.0,0.1719096153974533,0.6106365323066711,807.8422529697418
train,16,46.0,8.0,0.34087347984313965,0.517676830291748,824.9508910179138
train,16,47.0,8.0,0.31561100482940674,0.6966841816902161,841.4281809329987
train,16,48.0,8.0,0.2606982886791229,0.8211255669593811,858.601683139801
train,16,49.0,8.0,0.12369875609874725,0.7104235887527466,875.5185408592224
train,16,50.0,8.0,0.2717149555683136,0.8002898097038269,892.619019985199
train,16,51.0,8.0,0.21741896867752075,0.7814751863479614,910.7182230949402
train,16,52.0,8.0,0.3363143801689148,0.7915291786193848,928.0413160324097
train,16,53.0,8.0,0.19524520635604858,0.677483320236206,945.447084903717
train,16,54.0,8.0,0.250959187746048,0.8422033786773682,963.1224281787872
train,16,55.0,8.0,0.1729067713022232,0.7363378405570984,980.7110331058502
train,16,56.0,8.0,0.2252359837293625,0.7289351224899292,998.9688439369202
train,16,57.0,8.0,0.3274196982383728,0.8310610055923462,1015.7534618377686
train,16,58.0,8.0,0.23451298475265503,0.6390931010246277,1032.8193991184235
train,16,59.0,8.0,0.17836500704288483,0.7722139954566956,1049.77277302742
train,16,60.0,8.0,0.24013088643550873,0.4855198562145233,1067.1761319637299
train,16,61.0,8.0,0.2331046760082245,0.9126471281051636,1083.8354768753052
train,16,62.0,8.0,0.1949877291917801,0.6861775517463684,1100.9972610473633
train,16,63.0,8.0,0.1938978135585785,0.5454258322715759,1118.6747879981995
train,16,64.0,8.0,0.2251979261636734,0.6287746429443359,1136.470645904541
train,16,65.0,8.0,0.3262097239494324,0.5419617891311646,1153.2842700481415
train,16,66.0,8.0,0.25826165080070496,0.5642484426498413,1170.219754934311
train,16,67.0,8.0,0.24582906067371368,0.8820793032646179,1187.679939031601
train,16,68.0,8.0,0.22074611485004425,0.7856858968734741,1205.2831971645355
train,16,69.0,8.0,0.14462944865226746,0.8126598000526428,1223.0782709121704
train,16,70.0,8.0,0.14860138297080994,0.8302814960479736,1240.913034915924
train,16,71.0,8.0,0.23106859624385834,0.625330924987793,1260.690728187561
train,16,72.0,8.0,0.24499300122261047,0.5945086479187012,1280.1383020877838
train,16,73.0,8.0,0.3585524559020996,0.7458858489990234,1297.8573479652405
train,16,74.0,8.0,0.35194340348243713,0.6312099099159241,1315.9805829524994
train,16,75.0,8.0,0.18883082270622253,0.7139376997947693,1333.3950381278992
train,16,76.0,8.0,0.26631686091423035,0.6611952781677246,1351.3769290447235
train,16,77.0,8.0,0.28047531843185425,0.6673874855041504,1368.0642139911652
train,16,78.0,8.0,0.18025466799736023,0.8747363090515137,1384.493656873703
train,16,79.0,8.0,0.23186859488487244,0.9192298650741577,1404.5726811885834
train,16,80.0,8.0,0.2587268054485321,0.72139573097229,1423.9112029075623
train,16,81.0,8.0,0.4021743834018707,0.29231998324394226,1442.203498840332
train,16,82.0,8.0,0.20250120759010315,0.6636897325515747,1460.7976849079132
train,16,83.0,8.0,0.31909701228141785,0.6867149472236633,1478.7263131141663
train,16,84.0,8.0,0.23679904639720917,0.5958298444747925,1498.2564671039581
train,16,85.0,8.0,0.2064807116985321,0.5134060978889465,1516.1369528770447
train,16,86.0,8.0,0.34904876351356506,0.6358550190925598,1533.883610010147
train,16,87.0,8.0,0.2683688998222351,0.6735461950302124,1551.4008901119232
train,16,88.0,8.0,0.2603098452091217,0.6953639984130859,1568.6733391284943
train,16,89.0,8.0,0.08327271044254303,0.8039908409118652,1586.0826468467712
train,16,90.0,8.0,0.2005896121263504,0.8189144730567932,1604.0297870635986
train,16,91.0,8.0,0.3263000249862671,0.6746888160705566,1621.1112039089203
train,16,92.0,8.0,0.13844992220401764,0.8452162742614746,1638.7168600559235
train,16,93.0,8.0,0.21806368231773376,0.7945969700813293,1656.0210971832275
train,16,94.0,8.0,0.30364131927490234,0.8651711344718933,1672.8745498657227
train,16,95.0,8.0,0.14808885753154755,0.6576528549194336,1689.710263967514
train,16,96.0,8.0,0.19172832369804382,0.8654563426971436,1706.8966031074524
train,16,97.0,8.0,0.35221198201179504,0.495795339345932,1726.686814069748
train,16,98.0,8.0,0.23362800478935242,0.5948255062103271,1744.1772000789642
train,16,99.0,8.0,0.24541603028774261,0.5809280276298523,1761.6909401416779
train,16,100.0,8.0,0.11295731365680695,0.8984304070472717,1779.2908639907837
train,16,101.0,8.0,0.22165647149085999,0.7850793600082397,1797.1730861663818
train,16,102.0,8.0,0.2775830328464508,0.647609293460846,1814.6052820682526
train,16,103.0,8.0,0.2986654043197632,0.743867814540863,1831.9604079723358
train,16,104.0,8.0,0.34280428290367126,0.6318999528884888,1849.6685490608215
train,16,105.0,8.0,0.2200942188501358,0.8007153272628784,1867.4727311134338
train,16,106.0,8.0,0.19103918969631195,0.6995967626571655,1885.4030718803406
train,16,107.0,8.0,0.12343719601631165,0.6938421130180359,1902.7758829593658
train,16,108.0,8.0,0.24701528251171112,0.7028872966766357,1920.8249151706696
train,16,109.0,8.0,0.29821857810020447,0.721368670463562,1938.4503169059753
train,16,110.0,8.0,0.2818036377429962,0.6150836944580078,1955.885637998581
train,16,111.0,8.0,0.35229817032814026,0.9168080687522888,1973.35338306427
train,16,112.0,8.0,0.18667951226234436,0.7198920845985413,1991.1983411312103
train,16,113.0,8.0,0.2964150607585907,0.6312129497528076,2009.0825698375702
train,16,114.0,8.0,0.28105393052101135,0.685553252696991,2026.7790100574493
train,16,115.0,8.0,0.18972109258174896,0.6050596833229065,2044.0516810417175
train,16,116.0,8.0,0.15618287026882172,0.6457080245018005,2061.161288022995
train,16,117.0,8.0,0.3076114058494568,0.7457517385482788,2077.9251160621643
train,16,118.0,8.0,0.27551165223121643,0.6487411260604858,2095.608015060425
train,16,119.0,8.0,0.146600604057312,0.6723654866218567,2112.9345870018005
train,16,120.0,8.0,0.2024289071559906,0.8122669458389282,2130.835550069809
train,16,121.0,8.0,0.22863252460956573,0.6210165023803711,2148.429445028305
train,16,122.0,8.0,0.2853039503097534,0.7699253559112549,2166.484062194824
train,16,123.0,8.0,0.2440570890903473,0.5743811726570129,2183.9862518310547
train,16,124.0,8.0,0.2511730194091797,0.6918164491653442,2201.1608970165253
train,16,125.0,8.0,0.24613340198993683,0.7575176358222961,2218.2187061309814
train,16,126.0,8.0,0.2735423743724823,0.7859259247779846,2235.1470968723297
train,16,127.0,8.0,0.2833371162414551,0.7794916033744812,2252.1976029872894
train,16,128.0,8.0,0.15355727076530457,0.7809983491897583,2269.0278561115265
train,16,129.0,8.0,0.2436964362859726,0.7134810090065002,2285.845624923706
train,16,130.0,8.0,0.3336986303329468,0.7990395426750183,2303.87517619133
train,16,131.0,8.0,0.32690393924713135,0.5703817009925842,2320.754893064499
train,16,132.0,8.0,0.3881196081638336,0.827750563621521,2337.570284843445
train,16,133.0,8.0,0.2202335149049759,0.7810538411140442,2354.3241481781006
train,16,134.0,8.0,0.26337891817092896,0.6843718886375427,2372.2816779613495
train,16,135.0,8.0,0.21004043519496918,0.8108599781990051,2390.139596939087
train,16,136.0,8.0,0.242527037858963,0.7144613862037659,2408.685070037842
val,16,,,0.2832343911131223,0.6373316953579585,2558.3001267910004
train,17,0.0,8.0,0.17427779734134674,0.889715313911438,20.560259103775024
train,17,1.0,8.0,0.14161281287670135,0.6479941606521606,38.11929106712341
train,17,2.0,8.0,0.1595950871706009,0.802409827709198,56.028571128845215
train,17,3.0,8.0,0.40545186400413513,0.3100748658180237,74.32396006584167
train,17,4.0,8.0,0.2776143550872803,0.6438074111938477,92.90935206413269
train,17,5.0,8.0,0.19216574728488922,0.5514094233512878,110.77396416664124
train,17,6.0,8.0,0.35371163487434387,0.7581450343132019,129.52842807769775
train,17,7.0,8.0,0.2379274219274521,0.6168181896209717,148.9848051071167
train,17,8.0,8.0,0.26133885979652405,0.851835310459137,168.278724193573
train,17,9.0,8.0,0.16451014578342438,0.7909976243972778,187.31593918800354
train,17,10.0,8.0,0.25659775733947754,0.686794638633728,204.65442895889282
train,17,11.0,8.0,0.25944456458091736,0.8567189574241638,222.83158016204834
train,17,12.0,8.0,0.2716124355792999,0.8168449997901917,240.68665599822998
train,17,13.0,8.0,0.3572079539299011,0.5169723629951477,257.6544921398163
train,17,14.0,8.0,0.3261597454547882,0.5572105050086975,274.41338324546814
train,17,15.0,8.0,0.19066423177719116,0.688839852809906,291.0809259414673
train,17,16.0,8.0,0.23413978517055511,0.7373375296592712,307.7351870536804
train,17,17.0,8.0,0.1490810066461563,0.6516554951667786,325.043998003006
train,17,18.0,8.0,0.19327214360237122,0.7701797485351562,342.262836933136
train,17,19.0,8.0,0.21546092629432678,0.6684752106666565,359.4894771575928
train,17,20.0,8.0,0.24479573965072632,0.6035910248756409,376.71144819259644
train,17,21.0,8.0,0.21652714908123016,0.7964272499084473,394.186350107193
train,17,22.0,8.0,0.2401772439479828,0.8894263505935669,411.1917200088501
train,17,23.0,8.0,0.22751224040985107,0.782086968421936,428.0523362159729
train,17,24.0,8.0,0.22257517278194427,0.6218862533569336,447.69964694976807
train,17,25.0,8.0,0.2293930947780609,0.6102359294891357,466.889760017395
train,17,26.0,8.0,0.27656203508377075,0.7913144826889038,486.33360505104065
train,17,27.0,8.0,0.2479366809129715,0.563554584980011,506.2989320755005
train,17,28.0,8.0,0.24611923098564148,0.7076489925384521,525.6270401477814
train,17,29.0,8.0,0.25946709513664246,0.8337401151657104,543.5446610450745
train,17,30.0,8.0,0.3356720209121704,0.7173789739608765,560.5734519958496
train,17,31.0,8.0,0.1882258951663971,0.5626189112663269,577.6820421218872
train,17,32.0,8.0,0.28579771518707275,0.6355728507041931,594.6858732700348
train,17,33.0,8.0,0.1514246016740799,0.8142379522323608,611.2592241764069
train,17,34.0,8.0,0.16552671790122986,0.7621217966079712,628.6605062484741
train,17,35.0,8.0,0.31594130396842957,0.5755501389503479,645.9098749160767
train,17,36.0,8.0,0.17773321270942688,0.7556719779968262,662.6928822994232
train,17,37.0,8.0,0.32081088423728943,0.5626996159553528,679.1251299381256
train,17,38.0,8.0,0.24890071153640747,0.8806514143943787,696.0274019241333
train,17,39.0,8.0,0.3746436834335327,0.7436543703079224,713.4866979122162
train,17,40.0,8.0,0.1193019226193428,0.7125617861747742,732.9862372875214
train,17,41.0,8.0,0.2599601149559021,0.689559817314148,752.3564982414246
train,17,42.0,8.0,0.22281350195407867,0.6313742995262146,771.3751811981201
train,17,43.0,8.0,0.2696448564529419,0.5328391790390015,788.6447710990906
train,17,44.0,8.0,0.33276939392089844,0.6680260896682739,806.08238697052
train,17,45.0,8.0,0.29248544573783875,0.7499904632568359,823.5486810207367
train,17,46.0,8.0,0.3703533411026001,0.24052086472511292,841.5211091041565
train,17,47.0,8.0,0.25203800201416016,0.637025773525238,859.6712870597839
train,17,48.0,8.0,0.18515875935554504,0.7384105324745178,878.1987152099609
train,17,49.0,8.0,0.2177128791809082,0.6617639064788818,898.4160001277924
train,17,50.0,8.0,0.2289474606513977,0.6206242442131042,917.14581823349
train,17,51.0,8.0,0.34706124663352966,0.6325908303260803,935.8880620002747
train,17,52.0,8.0,0.24789030849933624,0.8522948622703552,954.3388750553131
train,17,53.0,8.0,0.25396987795829773,0.7067368030548096,972.5779051780701
train,17,54.0,8.0,0.2715308666229248,0.8155333399772644,990.602322101593
train,17,55.0,8.0,0.21059472858905792,0.8229118585586548,1008.2465269565582
train,17,56.0,8.0,0.12616153061389923,0.7088785171508789,1026.4247221946716
train,17,57.0,8.0,0.218165785074234,0.49357864260673523,1044.3432109355927
train,17,58.0,8.0,0.16940152645111084,0.7358686923980713,1062.5376660823822
train,17,59.0,8.0,0.2629271149635315,0.6827017068862915,1080.1925661563873
train,17,60.0,8.0,0.23291538655757904,0.7614790797233582,1097.5560221672058
train,17,61.0,8.0,0.1965361386537552,0.8467921018600464,1114.6988122463226
train,17,62.0,8.0,0.3393914997577667,0.6591802835464478,1132.2712392807007
train,17,63.0,8.0,0.21089449524879456,0.6703782081604004,1150.3381502628326
train,17,64.0,8.0,0.24452777206897736,0.7155553698539734,1167.4167222976685
train,17,65.0,8.0,0.33187350630760193,0.8036643266677856,1184.8595299720764
train,17,66.0,8.0,0.269577294588089,0.8208503723144531,1201.6749150753021
train,17,67.0,8.0,0.2451011687517166,0.7267130613327026,1218.6804871559143
train,17,68.0,8.0,0.2636911869049072,0.8352587223052979,1235.5899121761322
train,17,69.0,8.0,0.23656664788722992,0.7400380969047546,1252.8107492923737
train,17,70.0,8.0,0.16404953598976135,0.6111674308776855,1269.8348751068115
train,17,71.0,8.0,0.2689153254032135,0.8194077014923096,1286.7621219158173
train,17,72.0,8.0,0.3159375786781311,0.8581497073173523,1304.0322570800781
train,17,73.0,8.0,0.2191236913204193,0.6343526244163513,1320.6009740829468
train,17,74.0,8.0,0.24057124555110931,0.7454690933227539,1338.6534280776978
train,17,75.0,8.0,0.35833603143692017,0.6152342557907104,1356.7600030899048
train,17,76.0,8.0,0.12904366850852966,0.6992200613021851,1375.7472791671753
train,17,77.0,8.0,0.24510352313518524,0.7320019006729126,1394.3284029960632
train,17,78.0,8.0,0.22271092236042023,0.7675184011459351,1412.9881610870361
train,17,79.0,8.0,0.1324828714132309,0.8552114963531494,1430.8527019023895
train,17,80.0,8.0,0.25519782304763794,0.8442219495773315,1448.2721998691559
train,17,81.0,8.0,0.26219189167022705,0.6708221435546875,1465.0045192241669
train,17,82.0,8.0,0.24872153997421265,0.716598629951477,1482.3894340991974
train,17,83.0,8.0,0.2223043441772461,0.6148616671562195,1499.807914018631
train,17,84.0,8.0,0.21637101471424103,0.6299381852149963,1516.514898300171
train,17,85.0,8.0,0.2613770663738251,0.6716419458389282,1533.2977709770203
train,17,86.0,8.0,0.20034587383270264,0.6778169274330139,1550.6554040908813
train,17,87.0,8.0,0.22689592838287354,0.6227640509605408,1567.5761740207672
train,17,88.0,8.0,0.22709336876869202,0.6106311678886414,1584.5960371494293
train,17,89.0,8.0,0.3274243474006653,0.6873204708099365,1601.932060956955
train,17,90.0,8.0,0.42429783940315247,0.6362535953521729,1619.8555572032928
train,17,91.0,8.0,0.15550701320171356,0.7883561849594116,1637.9831371307373
train,17,92.0,8.0,0.21838340163230896,0.7786988019943237,1656.1311311721802
train,17,93.0,8.0,0.1774628609418869,0.7904528379440308,1674.3915441036224
train,17,94.0,8.0,0.2962873876094818,0.7429358959197998,1692.2716641426086
train,17,95.0,8.0,0.18662668764591217,0.5834906101226807,1711.8992660045624
train,17,96.0,8.0,0.3496786952018738,0.7566578388214111,1730.1732890605927
train,17,97.0,8.0,0.20791815221309662,0.6518844962120056,1748.1691091060638
train,17,98.0,8.0,0.3376390039920807,0.6662955284118652,1765.1656181812286
train,17,99.0,8.0,0.2860393226146698,0.7886249423027039,1782.2874732017517
train,17,100.0,8.0,0.20177960395812988,0.8269243240356445,1799.301738023758
train,17,101.0,8.0,0.2719646096229553,0.5156480073928833,1816.2860400676727
train,17,102.0,8.0,0.3042982518672943,0.5822110176086426,1833.8655989170074
train,17,103.0,8.0,0.2091291844844818,0.8310367465019226,1850.8990290164948
train,17,104.0,8.0,0.10100188851356506,0.7684581279754639,1867.9625961780548
train,17,105.0,8.0,0.20498043298721313,0.8002868294715881,1884.6802020072937
train,17,106.0,8.0,0.32336387038230896,0.7055606842041016,1902.1606290340424
train,17,107.0,8.0,0.12692388892173767,0.7073372006416321,1919.3582499027252
train,17,108.0,8.0,0.12797075510025024,0.8587124347686768,1936.4982001781464
train,17,109.0,8.0,0.2742951214313507,0.8063262104988098,1954.0442852973938
train,17,110.0,8.0,0.2515014708042145,0.6991032361984253,1972.8144981861115
train,17,111.0,8.0,0.2598413825035095,0.6827684640884399,1989.901180267334
train,17,112.0,8.0,0.32480761408805847,0.5474798083305359,2007.4776530265808
train,17,113.0,8.0,0.19063231348991394,0.8785234093666077,2025.245390176773
train,17,114.0,8.0,0.27462658286094666,0.9493301510810852,2042.8820679187775
train,17,115.0,8.0,0.25960707664489746,0.6605067253112793,2059.9869220256805
train,17,116.0,8.0,0.23569168150424957,0.45677024126052856,2076.8321590423584
train,17,117.0,8.0,0.1762402355670929,0.7320613265037537,2094.7389941215515
train,17,118.0,8.0,0.21804656088352203,0.5322303175926208,2111.8732092380524
train,17,119.0,8.0,0.4146878123283386,0.2747756540775299,2129.0200293064117
train,17,120.0,8.0,0.15531662106513977,0.8200132846832275,2146.500025033951
train,17,121.0,8.0,0.23331135511398315,0.6098636984825134,2163.2280292510986
train,17,122.0,8.0,0.3006928563117981,0.5182520747184753,2180.0951869487762
train,17,123.0,8.0,0.30710646510124207,0.6133683323860168,2197.511407136917
train,17,124.0,8.0,0.17894983291625977,0.5820648670196533,2214.614926099777
train,17,125.0,8.0,0.3147534728050232,0.6932998299598694,2231.77512717247
train,17,126.0,8.0,0.29118427634239197,0.5334799289703369,2249.7261612415314
train,17,127.0,8.0,0.25255122780799866,0.8672730922698975,2267.6809611320496
train,17,128.0,8.0,0.3550085723400116,0.5008094310760498,2284.729794025421
train,17,129.0,8.0,0.16013795137405396,0.6109037399291992,2304.271390914917
train,17,130.0,8.0,0.17229901254177094,0.7790818214416504,2323.579431295395
train,17,131.0,8.0,0.17709170281887054,0.7207934260368347,2340.81272816658
train,17,132.0,8.0,0.3149597644805908,0.5758866667747498,2357.865893125534
train,17,133.0,8.0,0.22487293183803558,0.6164059638977051,2374.849468231201
train,17,134.0,8.0,0.16497638821601868,0.7514750361442566,2392.019420146942
train,17,135.0,8.0,0.28401023149490356,0.7747607827186584,2409.220231294632
train,17,136.0,8.0,0.19852396845817566,0.692703902721405,2426.1721370220184
val,17,,,0.27897802690664925,0.6438918709754944,2575.780343055725
train,18,0.0,8.0,0.21295973658561707,0.6465122699737549,20.540381908416748
train,18,1.0,8.0,0.2894513010978699,0.6622945070266724,38.62194776535034
train,18,2.0,8.0,0.331561803817749,0.5275769233703613,57.46735882759094
train,18,3.0,8.0,0.3124834895133972,0.7128103375434875,74.9073178768158
train,18,4.0,8.0,0.23512662947177887,0.7692962288856506,91.61304688453674
train,18,5.0,8.0,0.2234039306640625,0.6185479760169983,109.07902193069458
train,18,6.0,8.0,0.24325358867645264,0.604485034942627,125.91996383666992
train,18,7.0,8.0,0.23497937619686127,0.6173096299171448,142.39970088005066
train,18,8.0,8.0,0.1900695115327835,0.6992436647415161,159.61543083190918
train,18,9.0,8.0,0.22888371348381042,0.7614806890487671,176.22144412994385
train,18,10.0,8.0,0.3141184449195862,0.7120540142059326,193.38117504119873
train,18,11.0,8.0,0.2026212513446808,0.665891706943512,210.49926280975342
train,18,12.0,8.0,0.15258897840976715,0.8081278204917908,227.84692788124084
train,18,13.0,8.0,0.260670006275177,0.5868725776672363,244.5280978679657
train,18,14.0,8.0,0.25244489312171936,0.7173386812210083,262.035071849823
train,18,15.0,8.0,0.24942819774150848,0.632161021232605,279.768089056015
train,18,16.0,8.0,0.17372646927833557,0.7572113871574402,297.59158396720886
train,18,17.0,8.0,0.28348901867866516,0.7850055694580078,314.9209988117218
train,18,18.0,8.0,0.1877955049276352,0.8442482352256775,332.29053592681885
train,18,19.0,8.0,0.19625496864318848,0.6172669529914856,350.17936086654663
train,18,20.0,8.0,0.29721948504447937,0.5896008610725403,367.78069591522217
train,18,21.0,8.0,0.309659481048584,0.44435688853263855,384.8907120227814
train,18,22.0,8.0,0.2438073754310608,0.5882239937782288,402.24001288414
train,18,23.0,8.0,0.35406577587127686,0.7406612634658813,419.06818199157715
train,18,24.0,8.0,0.2778889834880829,0.6477228403091431,435.9165680408478
train,18,25.0,8.0,0.19851353764533997,0.8123081922531128,452.5203278064728
train,18,26.0,8.0,0.2831016778945923,0.7588062286376953,469.80298495292664
train,18,27.0,8.0,0.24602173268795013,0.8921818733215332,486.9587678909302
train,18,28.0,8.0,0.18305741250514984,0.7050385475158691,503.5764877796173
train,18,29.0,8.0,0.2222154140472412,0.6276029944419861,520.7168068885803
train,18,30.0,8.0,0.18106919527053833,0.7190603017807007,538.814698934555
train,18,31.0,8.0,0.251465380191803,0.6974117159843445,558.1691110134125
train,18,32.0,8.0,0.13855662941932678,0.6797851324081421,576.5577099323273
train,18,33.0,8.0,0.14443643391132355,0.6784420013427734,593.8261680603027
train,18,34.0,8.0,0.22642676532268524,0.6552625298500061,610.5744450092316
train,18,35.0,8.0,0.276761531829834,0.677535355091095,628.2038798332214
train,18,36.0,8.0,0.2444305270910263,0.5846108198165894,646.0814599990845
train,18,37.0,8.0,0.1945480853319168,0.6657302975654602,663.4714207649231
train,18,38.0,8.0,0.2818887233734131,0.6765083074569702,680.2017090320587
train,18,39.0,8.0,0.2434714138507843,0.5962421894073486,696.8574078083038
train,18,40.0,8.0,0.1300210952758789,0.7141333222389221,714.8401479721069
train,18,41.0,8.0,0.3486945331096649,0.6204966306686401,731.6485838890076
train,18,42.0,8.0,0.2693866193294525,0.7944802641868591,748.6525619029999
train,18,43.0,8.0,0.07666318118572235,0.8254218697547913,766.0980060100555
train,18,44.0,8.0,0.33058494329452515,0.8041098713874817,783.5728349685669
train,18,45.0,8.0,0.24122051894664764,0.5942525267601013,800.6308159828186
train,18,46.0,8.0,0.4031429886817932,0.5381958484649658,817.5312058925629
train,18,47.0,8.0,0.22060655057430267,0.6620826721191406,836.8852260112762
train,18,48.0,8.0,0.23139046132564545,0.7460312247276306,854.7193739414215
train,18,49.0,8.0,0.2718693017959595,0.7999127507209778,872.5055439472198
train,18,50.0,8.0,0.16561593115329742,0.7820862531661987,890.4309339523315
train,18,51.0,8.0,0.12220483273267746,0.8883205056190491,907.6456718444824
train,18,52.0,8.0,0.1366460621356964,0.7670261263847351,925.5739398002625
train,18,53.0,8.0,0.1865709275007248,0.7241695523262024,943.024523973465
train,18,54.0,8.0,0.20677828788757324,0.6758180260658264,961.2155108451843
train,18,55.0,8.0,0.17611552774906158,0.713578462600708,978.828980922699
train,18,56.0,8.0,0.190032958984375,0.852830171585083,995.6704378128052
train,18,57.0,8.0,0.3585453927516937,0.7312699556350708,1014.211982011795
train,18,58.0,8.0,0.1734159290790558,0.5891434550285339,1033.2470679283142
train,18,59.0,8.0,0.22484943270683289,0.6246310472488403,1050.8445587158203
train,18,60.0,8.0,0.18909436464309692,0.6863056421279907,1068.7165808677673
train,18,61.0,8.0,0.23177990317344666,0.5972864031791687,1086.2560787200928
train,18,62.0,8.0,0.22218571603298187,0.796795129776001,1103.939064025879
train,18,63.0,8.0,0.28610336780548096,0.7694485783576965,1121.478837966919
train,18,64.0,8.0,0.20817285776138306,0.8003919124603271,1138.9997189044952
train,18,65.0,8.0,0.29425227642059326,0.7221400141716003,1156.839917898178
train,18,66.0,8.0,0.3137557804584503,0.7141903638839722,1174.435054063797
train,18,67.0,8.0,0.225949227809906,0.763523280620575,1192.3526377677917
train,18,68.0,8.0,0.32813185453414917,0.8232539892196655,1209.6912739276886
train,18,69.0,8.0,0.16543057560920715,0.6707078218460083,1226.8427529335022
train,18,70.0,8.0,0.2100127637386322,0.6305499076843262,1246.3623118400574
train,18,71.0,8.0,0.3090347945690155,0.8460047841072083,1265.969638824463
train,18,72.0,8.0,0.22435380518436432,0.7550980448722839,1283.0302078723907
train,18,73.0,8.0,0.26914262771606445,0.6565503478050232,1299.9935128688812
train,18,74.0,8.0,0.21702322363853455,0.4749580919742584,1317.3172390460968
train,18,75.0,8.0,0.2843025326728821,0.6234490871429443,1334.899661064148
train,18,76.0,8.0,0.21263055503368378,0.6322358250617981,1351.682877779007
train,18,77.0,8.0,0.20521724224090576,0.6522184610366821,1369.4620070457458
train,18,78.0,8.0,0.1577584594488144,0.6149524450302124,1386.4877648353577
train,18,79.0,8.0,0.18284323811531067,0.5907961130142212,1403.0229349136353
train,18,80.0,8.0,0.2808331549167633,0.7624080181121826,1419.5297529697418
train,18,81.0,8.0,0.20936685800552368,0.5206581354141235,1436.5078809261322
train,18,82.0,8.0,0.26582789421081543,0.8169530034065247,1453.2508149147034
train,18,83.0,8.0,0.2101782113313675,0.6539506316184998,1470.7380678653717
train,18,84.0,8.0,0.22847869992256165,0.7550545930862427,1489.0177090168
train,18,85.0,8.0,0.2728247046470642,0.6296032667160034,1506.7005949020386
train,18,86.0,8.0,0.38262495398521423,0.711671769618988,1524.6720387935638
train,18,87.0,8.0,0.2794625461101532,0.775715708732605,1542.7797758579254
train,18,88.0,8.0,0.25422364473342896,0.6931976675987244,1560.317046880722
train,18,89.0,8.0,0.2859354317188263,0.6728910803794861,1577.2403609752655
train,18,90.0,8.0,0.18986210227012634,0.5748438835144043,1594.2490808963776
train,18,91.0,8.0,0.32096296548843384,0.7032175064086914,1611.5912618637085
train,18,92.0,8.0,0.3274393677711487,0.8186867237091064,1629.1741449832916
train,18,93.0,8.0,0.185535728931427,0.7374162673950195,1646.0264019966125
train,18,94.0,8.0,0.16402488946914673,0.6120887994766235,1663.3072798252106
train,18,95.0,8.0,0.23667362332344055,0.7466015219688416,1680.116110086441
train,18,96.0,8.0,0.3142347037792206,0.694054365158081,1697.0260217189789
train,18,97.0,8.0,0.17165794968605042,0.7747815251350403,1714.2709848880768
train,18,98.0,8.0,0.2965046763420105,0.7888661623001099,1732.3164658546448
train,18,99.0,8.0,0.28862008452415466,0.6375696659088135,1749.3616077899933
train,18,100.0,8.0,0.1288251429796219,0.8540821075439453,1768.8331320285797
train,18,101.0,8.0,0.248714879155159,0.5779320001602173,1787.6209428310394
train,18,102.0,8.0,0.4275321364402771,0.6161914467811584,1805.3629796504974
train,18,103.0,8.0,0.2362535297870636,0.7383812665939331,1822.9206540584564
train,18,104.0,8.0,0.21701820194721222,0.7650159001350403,1840.3596999645233
train,18,105.0,8.0,0.37210527062416077,0.7088061571121216,1858.4121599197388
train,18,106.0,8.0,0.2550371587276459,0.6751834154129028,1877.3055627346039
train,18,107.0,8.0,0.1341201514005661,0.8182587027549744,1895.8494639396667
train,18,108.0,8.0,0.2212001532316208,0.7744240164756775,1913.059308052063
train,18,109.0,8.0,0.24485766887664795,0.7240546345710754,1930.2553029060364
train,18,110.0,8.0,0.20040710270404816,0.6747643947601318,1947.3840880393982
train,18,111.0,8.0,0.17968299984931946,0.7668260931968689,1964.9232997894287
train,18,112.0,8.0,0.2099517434835434,0.6459449529647827,1982.2797558307648
train,18,113.0,8.0,0.22976338863372803,0.7638209462165833,1999.4731237888336
train,18,114.0,8.0,0.26620110869407654,0.8283492922782898,2016.4045858383179
train,18,115.0,8.0,0.2740730345249176,0.6427304148674011,2033.50976395607
train,18,116.0,8.0,0.25360360741615295,0.8702392578125,2050.1434507369995
train,18,117.0,8.0,0.2137279212474823,0.796503484249115,2067.4975259304047
train,18,118.0,8.0,0.20337912440299988,0.8265141844749451,2085.0967128276825
train,18,119.0,8.0,0.33235418796539307,0.6409516930580139,2102.938900947571
train,18,120.0,8.0,0.24686865508556366,0.5728018283843994,2119.817183971405
train,18,121.0,8.0,0.22535282373428345,0.6412637829780579,2137.5625178813934
train,18,122.0,8.0,0.27133840322494507,0.7898157238960266,2155.6671500205994
train,18,123.0,8.0,0.15356604754924774,0.6573959589004517,2172.8078997135162
train,18,124.0,8.0,0.19643591344356537,0.829338550567627,2189.789645910263
train,18,125.0,8.0,0.17196807265281677,0.7429445385932922,2209.193849802017
train,18,126.0,8.0,0.18296389281749725,0.8919768929481506,2226.6563668251038
train,18,127.0,8.0,0.21428057551383972,0.7848609685897827,2243.826502799988
train,18,128.0,8.0,0.26859554648399353,0.6480889916419983,2260.4244017601013
train,18,129.0,8.0,0.18562740087509155,0.8691321015357971,2277.5452258586884
train,18,130.0,8.0,0.2527503967285156,0.8460605144500732,2294.5082128047943
train,18,131.0,8.0,0.15254952013492584,0.7885679602622986,2310.778308868408
train,18,132.0,8.0,0.14017735421657562,0.6821095943450928,2327.5126469135284
train,18,133.0,8.0,0.2845868766307831,0.6366875171661377,2343.9110357761383
train,18,134.0,8.0,0.3125683069229126,0.43506157398223877,2360.831906080246
train,18,135.0,8.0,0.1685696393251419,0.9612032175064087,2378.0705637931824
train,18,136.0,8.0,0.19562950730323792,0.5501350164413452,2394.8647680282593
val,18,,,0.275646456082662,0.6527457892894745,2544.5902779102325
train,19,0.0,8.0,0.12080328911542892,0.8885080814361572,20.538180828094482
train,19,1.0,8.0,0.15680459141731262,0.6408862471580505,38.07033395767212
train,19,2.0,8.0,0.13562549650669098,0.8876025676727295,55.383386850357056
train,19,3.0,8.0,0.28873342275619507,0.7670047879219055,72.16779923439026
train,19,4.0,8.0,0.3446972072124481,0.8005699515342712,90.25718998908997
train,19,5.0,8.0,0.3012056052684784,0.6362975835800171,108.31276512145996
train,19,6.0,8.0,0.22493213415145874,0.6254861950874329,126.20600986480713
train,19,7.0,8.0,0.27545058727264404,0.7821406722068787,144.46351289749146
train,19,8.0,8.0,0.22911515831947327,0.5965868234634399,162.11414003372192
train,19,9.0,8.0,0.08772727847099304,0.8113843202590942,180.6149070262909
train,19,10.0,8.0,0.18015599250793457,0.7244604229927063,198.8318259716034
train,19,11.0,8.0,0.19401322305202484,0.8511210680007935,216.73076105117798
train,19,12.0,8.0,0.1857486069202423,0.5782159566879272,233.6997709274292
train,19,13.0,8.0,0.22070378065109253,0.7647973895072937,251.03706407546997
train,19,14.0,8.0,0.2036374807357788,0.822594940662384,270.63743019104004
train,19,15.0,8.0,0.28508201241493225,0.6255382299423218,289.3885672092438
train,19,16.0,8.0,0.15255506336688995,0.6354588270187378,307.1151340007782
train,19,17.0,8.0,0.36497434973716736,0.6029485464096069,325.0037651062012
train,19,18.0,8.0,0.1572216898202896,0.7830517888069153,342.97880005836487
train,19,19.0,8.0,0.21600139141082764,0.8110789060592651,359.98781299591064
train,19,20.0,8.0,0.3163450062274933,0.6885799169540405,376.4799110889435
train,19,21.0,8.0,0.23588265478610992,0.7116798162460327,393.73304891586304
train,19,22.0,8.0,0.2730601727962494,0.7886579036712646,412.2665660381317
train,19,23.0,8.0,0.24607129395008087,0.8524819612503052,432.2109651565552
train,19,24.0,8.0,0.12230505794286728,0.698708713054657,449.9801878929138
train,19,25.0,8.0,0.22942382097244263,0.6721050143241882,467.0561611652374
train,19,26.0,8.0,0.4399677813053131,0.5970548987388611,483.98786997795105
train,19,27.0,8.0,0.24355044960975647,0.89433753490448,501.45972204208374
train,19,28.0,8.0,0.21087782084941864,0.5072141885757446,518.6191630363464
train,19,29.0,8.0,0.3318890929222107,0.6555045247077942,535.5993428230286
train,19,30.0,8.0,0.24937701225280762,0.7143405675888062,552.4981541633606
train,19,31.0,8.0,0.31218835711479187,0.7070227265357971,569.8505349159241
train,19,32.0,8.0,0.2267666459083557,0.7544147968292236,587.0238499641418
train,19,33.0,8.0,0.30747920274734497,0.708764910697937,603.9695482254028
train,19,34.0,8.0,0.24077627062797546,0.5712733268737793,620.9425082206726
train,19,35.0,8.0,0.14273971319198608,0.8178908824920654,638.0630450248718
train,19,36.0,8.0,0.21551810204982758,0.789086103439331,655.1868081092834
train,19,37.0,8.0,0.2691189646720886,0.8181675672531128,674.2311072349548
train,19,38.0,8.0,0.28917601704597473,0.6345428824424744,691.7196249961853
train,19,39.0,8.0,0.2195211499929428,0.9383795857429504,709.4539949893951
train,19,40.0,8.0,0.29700106382369995,0.7525631785392761,727.1243019104004
train,19,41.0,8.0,0.2614061236381531,0.6805587410926819,745.05397605896
train,19,42.0,8.0,0.14248909056186676,0.8305383324623108,762.8733069896698
train,19,43.0,8.0,0.24566832184791565,0.5685521364212036,780.1020040512085
train,19,44.0,8.0,0.31824928522109985,0.6808443665504456,797.7343409061432
train,19,45.0,8.0,0.16025960445404053,0.7736232280731201,815.7529308795929
train,19,46.0,8.0,0.18355625867843628,0.5665683746337891,832.586354970932
train,19,47.0,8.0,0.15455779433250427,0.7809209823608398,849.6012780666351
train,19,48.0,8.0,0.17401084303855896,0.7289171814918518,866.5430579185486
train,19,49.0,8.0,0.18683838844299316,0.6977397799491882,883.3885750770569
train,19,50.0,8.0,0.24821044504642487,0.8541469573974609,901.0087349414825
train,19,51.0,8.0,0.16110312938690186,0.7726266384124756,918.7391550540924
train,19,52.0,8.0,0.17440703511238098,0.5913692712783813,936.8737790584564
train,19,53.0,8.0,0.27180588245391846,0.6846466660499573,954.0462138652802
train,19,54.0,8.0,0.19126924872398376,0.6978970766067505,970.9422240257263
train,19,55.0,8.0,0.2347830981016159,0.885964035987854,988.0254590511322
train,19,56.0,8.0,0.23455776274204254,0.7484274506568909,1005.5416190624237
train,19,57.0,8.0,0.26527097821235657,0.5699759721755981,1024.6742119789124
train,19,58.0,8.0,0.1701701283454895,0.7547109127044678,1042.5532639026642
train,19,59.0,8.0,0.14675191044807434,0.7966554760932922,1059.6264390945435
train,19,60.0,8.0,0.33890464901924133,0.7846875190734863,1076.839879989624
train,19,61.0,8.0,0.18216007947921753,0.7323880791664124,1094.826689004898
train,19,62.0,8.0,0.2313123196363449,0.5908058285713196,1112.3555080890656
train,19,63.0,8.0,0.25866448879241943,0.8392848968505859,1129.5742349624634
train,19,64.0,8.0,0.20622041821479797,0.8019291758537292,1146.536581993103
train,19,65.0,8.0,0.2727333605289459,0.7886543869972229,1163.8588109016418
train,19,66.0,8.0,0.22357599437236786,0.7637876272201538,1180.7274508476257
train,19,67.0,8.0,0.2833513617515564,0.6090717911720276,1197.6163320541382
train,19,68.0,8.0,0.26430362462997437,0.847360372543335,1214.5149509906769
train,19,69.0,8.0,0.2072785496711731,0.6978421211242676,1231.8551981449127
train,19,70.0,8.0,0.12387853860855103,0.6920412182807922,1250.0429480075836
train,19,71.0,8.0,0.1186104416847229,0.7134009003639221,1267.053689956665
train,19,72.0,8.0,0.19363641738891602,0.6877164244651794,1284.433918952942
train,19,73.0,8.0,0.23057667911052704,0.7477293014526367,1301.8688230514526
train,19,74.0,8.0,0.23585569858551025,0.7462433576583862,1319.8589279651642
train,19,75.0,8.0,0.2848314046859741,0.6377386450767517,1337.0409638881683
train,19,76.0,8.0,0.3082115352153778,0.8688259124755859,1354.8437571525574
train,19,77.0,8.0,0.3660808801651001,0.7328129410743713,1371.7636590003967
train,19,78.0,8.0,0.23691746592521667,0.5850136280059814,1388.6428899765015
train,19,79.0,8.0,0.13083364069461823,0.8726900815963745,1406.1859230995178
train,19,80.0,8.0,0.15658099949359894,0.6167339086532593,1423.3863561153412
train,19,81.0,8.0,0.289279580116272,0.7613947987556458,1440.4862642288208
train,19,82.0,8.0,0.16526290774345398,0.7682754397392273,1457.4206368923187
train,19,83.0,8.0,0.16995085775852203,0.7711426019668579,1474.2970719337463
train,19,84.0,8.0,0.3850676119327545,0.5532982349395752,1491.0637969970703
train,19,85.0,8.0,0.35521748661994934,0.7636551260948181,1508.0707070827484
train,19,86.0,8.0,0.18387584388256073,0.7712384462356567,1525.5540838241577
train,19,87.0,8.0,0.1775965392589569,0.7150248885154724,1542.7599601745605
train,19,88.0,8.0,0.2658126950263977,0.831669807434082,1559.3432068824768
train,19,89.0,8.0,0.35049691796302795,0.6251409649848938,1576.8363280296326
train,19,90.0,8.0,0.3001137375831604,0.7243753671646118,1593.8937811851501
train,19,91.0,8.0,0.18845683336257935,0.703040361404419,1611.8437490463257
train,19,92.0,8.0,0.2417212724685669,0.7186094522476196,1631.3217418193817
train,19,93.0,8.0,0.3959549069404602,0.5514569282531738,1649.5639188289642
train,19,94.0,8.0,0.26124319434165955,0.6850560903549194,1666.6271929740906
train,19,95.0,8.0,0.2527681887149811,0.6972247362136841,1683.8385570049286
train,19,96.0,8.0,0.2365875542163849,0.9094672203063965,1701.6346600055695
train,19,97.0,8.0,0.17322078347206116,0.5888299345970154,1718.8535208702087
train,19,98.0,8.0,0.2848593294620514,0.923315703868866,1736.5419590473175
train,19,99.0,8.0,0.23122955858707428,0.896737813949585,1753.8382449150085
train,19,100.0,8.0,0.21031607687473297,0.5102883577346802,1771.1815240383148
train,19,101.0,8.0,0.21740928292274475,0.788883626461029,1789.088229894638
train,19,102.0,8.0,0.30181193351745605,0.5802012085914612,1805.9408390522003
train,19,103.0,8.0,0.21150292456150055,0.5355666279792786,1824.7967591285706
train,19,104.0,8.0,0.22034044563770294,0.8073182702064514,1842.6750271320343
train,19,105.0,8.0,0.2608608305454254,0.7269189357757568,1860.572942018509
train,19,106.0,8.0,0.26171553134918213,0.8137682676315308,1877.8539559841156
train,19,107.0,8.0,0.18574577569961548,0.7013676166534424,1896.7271859645844
train,19,108.0,8.0,0.3690876364707947,0.453424870967865,1916.6987979412079
train,19,109.0,8.0,0.20394620299339294,0.6776099801063538,1935.998731136322
train,19,110.0,8.0,0.18616825342178345,0.7069820761680603,1954.7843680381775
train,19,111.0,8.0,0.15967150032520294,0.7651240825653076,1972.7445168495178
train,19,112.0,8.0,0.09200330078601837,0.8067335486412048,1991.2862811088562
train,19,113.0,8.0,0.19415000081062317,0.6847814321517944,2010.6161251068115
train,19,114.0,8.0,0.25377893447875977,0.6816527247428894,2028.9724130630493
train,19,115.0,8.0,0.2977917194366455,0.3286716639995575,2046.068559885025
train,19,116.0,8.0,0.21125009655952454,0.7983968257904053,2064.375962972641
train,19,117.0,8.0,0.28407415747642517,0.6111427545547485,2081.6184000968933
train,19,118.0,8.0,0.19789870083332062,0.6811167001724243,2099.764622926712
train,19,119.0,8.0,0.27567335963249207,0.5254980325698853,2116.551181077957
train,19,120.0,8.0,0.2773433029651642,0.4141472578048706,2133.5238349437714
train,19,121.0,8.0,0.1998194009065628,0.8179676532745361,2150.1811730861664
train,19,122.0,8.0,0.3311885595321655,0.6738632917404175,2167.343966960907
train,19,123.0,8.0,0.24001534283161163,0.7505556344985962,2185.2142531871796
train,19,124.0,8.0,0.20688284933567047,0.8043015003204346,2201.782462120056
train,19,125.0,8.0,0.22001679241657257,0.804079532623291,2219.426265001297
train,19,126.0,8.0,0.22281807661056519,0.6299172043800354,2236.7743871212006
train,19,127.0,8.0,0.25780123472213745,0.8518953323364258,2254.7974700927734
train,19,128.0,8.0,0.16077016294002533,0.7666488885879517,2271.7430379390717
train,19,129.0,8.0,0.1716196984052658,0.7348896265029907,2288.595533132553
train,19,130.0,8.0,0.25135302543640137,0.7038111686706543,2306.4675600528717
train,19,131.0,8.0,0.31085166335105896,0.7103728652000427,2323.687213897705
train,19,132.0,8.0,0.23280969262123108,0.5862693190574646,2340.1465940475464
train,19,133.0,8.0,0.1991203874349594,0.8152527213096619,2357.072229862213
train,19,134.0,8.0,0.3154110908508301,0.8521443009376526,2374.0635101795197
train,19,135.0,8.0,0.31991106271743774,0.689159631729126,2390.928915977478
train,19,136.0,8.0,0.13214929401874542,0.6752253174781799,2407.9934520721436
val,19,,,0.27321136047442757,0.6627850890159607,2557.5422310829163
train,20,0.0,8.0,0.13982275128364563,0.6854265332221985,20.480451822280884
train,20,1.0,8.0,0.28065982460975647,0.9312430620193481,38.17918109893799
train,20,2.0,8.0,0.13230060040950775,0.6874001622200012,56.124114990234375
train,20,3.0,8.0,0.2530500590801239,0.8569155335426331,73.34828686714172
train,20,4.0,8.0,0.2765994071960449,0.5349681377410889,90.68944573402405
train,20,5.0,8.0,0.24865640699863434,0.4602274000644684,107.41445779800415
train,20,6.0,8.0,0.279747873544693,0.7654693722724915,124.24735593795776
train,20,7.0,8.0,0.15581698715686798,0.6271796226501465,141.07624197006226
train,20,8.0,8.0,0.28180912137031555,0.7637256383895874,158.54480385780334
train,20,9.0,8.0,0.13592572510242462,0.8503937125205994,176.65270400047302
train,20,10.0,8.0,0.33033061027526855,0.67408686876297,193.48662972450256
train,20,11.0,8.0,0.2948418855667114,0.4667837917804718,210.0741639137268
train,20,12.0,8.0,0.23266513645648956,0.7451308369636536,226.81387972831726
train,20,13.0,8.0,0.30162984132766724,0.8749411106109619,243.78199291229248
train,20,14.0,8.0,0.18231937289237976,0.7189524173736572,261.867604970932
train,20,15.0,8.0,0.1889176219701767,0.6940138936042786,279.4768707752228
train,20,16.0,8.0,0.13400325179100037,0.8253094553947449,298.1016528606415
train,20,17.0,8.0,0.13820311427116394,0.705842137336731,316.2395179271698
train,20,18.0,8.0,0.23179411888122559,0.6393522024154663,333.6015248298645
train,20,19.0,8.0,0.29807621240615845,0.8994932174682617,351.6218647956848
train,20,20.0,8.0,0.12955863773822784,0.8661559820175171,369.3549609184265
train,20,21.0,8.0,0.2461770921945572,0.8647505640983582,387.78707480430603
train,20,22.0,8.0,0.18892508745193481,0.6908889412879944,405.76086497306824
train,20,23.0,8.0,0.26243099570274353,0.6998666524887085,423.34241104125977
train,20,24.0,8.0,0.20345382392406464,0.6506847143173218,440.89546275138855
train,20,25.0,8.0,0.2153155505657196,0.7779557704925537,459.99308490753174
train,20,26.0,8.0,0.1842460036277771,0.723879337310791,477.9946780204773
train,20,27.0,8.0,0.22641372680664062,0.9000648856163025,494.9508180618286
train,20,28.0,8.0,0.18886463344097137,0.6889201402664185,512.7419319152832
train,20,29.0,8.0,0.25053277611732483,0.694441556930542,532.1933057308197
train,20,30.0,8.0,0.18563255667686462,0.7213715314865112,551.100832939148
train,20,31.0,8.0,0.19235950708389282,0.7055148482322693,570.1404168605804
train,20,32.0,8.0,0.22897791862487793,0.6187089085578918,588.6378827095032
train,20,33.0,8.0,0.26043078303337097,0.657932698726654,606.5090906620026
train,20,34.0,8.0,0.35312050580978394,0.6721843481063843,623.604654788971
train,20,35.0,8.0,0.2762502431869507,0.8037266731262207,641.4755258560181
train,20,36.0,8.0,0.3708007037639618,0.7369445562362671,658.4962978363037
train,20,37.0,8.0,0.3837513029575348,0.49349111318588257,675.251660823822
train,20,38.0,8.0,0.21870559453964233,0.7745302319526672,691.8392069339752
train,20,39.0,8.0,0.1315850019454956,0.7153685092926025,708.4320859909058
train,20,40.0,8.0,0.21500733494758606,0.6369913220405579,725.0787110328674
train,20,41.0,8.0,0.2998508810997009,0.9023789763450623,741.5982677936554
train,20,42.0,8.0,0.18719783425331116,0.7104038596153259,758.6427998542786
train,20,43.0,8.0,0.29054132103919983,0.7414197325706482,776.1038317680359
train,20,44.0,8.0,0.3068679869174957,0.5621787309646606,795.4124617576599
train,20,45.0,8.0,0.2642618417739868,0.6631523370742798,813.0853848457336
train,20,46.0,8.0,0.2313818335533142,0.6114646792411804,830.5854828357697
train,20,47.0,8.0,0.10358526557683945,0.7497898936271667,847.1892478466034
train,20,48.0,8.0,0.22385826706886292,0.7559255957603455,864.6860129833221
train,20,49.0,8.0,0.253156840801239,0.8458731174468994,881.5409207344055
train,20,50.0,8.0,0.27472126483917236,0.6629591584205627,898.2575159072876
train,20,51.0,8.0,0.2697058618068695,0.6641852259635925,915.6186797618866
train,20,52.0,8.0,0.1806708574295044,0.713877260684967,934.0542447566986
train,20,53.0,8.0,0.2898141145706177,0.903708815574646,951.9925570487976
train,20,54.0,8.0,0.28863853216171265,0.6157634258270264,969.0898778438568
train,20,55.0,8.0,0.2349899560213089,0.6289897561073303,986.2386538982391
train,20,56.0,8.0,0.20063138008117676,0.8123027682304382,1003.5851006507874
train,20,57.0,8.0,0.23850250244140625,0.8922455906867981,1021.0682580471039
train,20,58.0,8.0,0.2648678719997406,0.8118504881858826,1038.0962388515472
train,20,59.0,8.0,0.18616151809692383,0.7026093006134033,1055.1727857589722
train,20,60.0,8.0,0.22706903517246246,0.6465432643890381,1073.4342467784882
train,20,61.0,8.0,0.19971752166748047,0.836442768573761,1090.8982608318329
train,20,62.0,8.0,0.13175547122955322,0.8362970948219299,1107.9356999397278
train,20,63.0,8.0,0.1616644561290741,0.6114279627799988,1125.5578529834747
train,20,64.0,8.0,0.34945303201675415,0.6195611953735352,1143.731333732605
train,20,65.0,8.0,0.17781159281730652,0.8873570561408997,1162.7334978580475
train,20,66.0,8.0,0.24547967314720154,0.7247424721717834,1180.9506537914276
train,20,67.0,8.0,0.171987384557724,0.7359622716903687,1198.6702756881714
train,20,68.0,8.0,0.13836060464382172,0.8371021747589111,1216.817664861679
train,20,69.0,8.0,0.3832569420337677,0.8488885164260864,1234.4528348445892
train,20,70.0,8.0,0.20041842758655548,0.6535448431968689,1253.5772368907928
train,20,71.0,8.0,0.32563769817352295,0.823509156703949,1271.328929901123
train,20,72.0,8.0,0.27168771624565125,0.6375659704208374,1288.6236526966095
train,20,73.0,8.0,0.10734735429286957,0.7523582577705383,1306.3787887096405
train,20,74.0,8.0,0.2649992108345032,0.6743190884590149,1323.9886767864227
train,20,75.0,8.0,0.27399277687072754,0.8124629855155945,1341.8584659099579
train,20,76.0,8.0,0.23854149878025055,0.7471458911895752,1359.1603257656097
train,20,77.0,8.0,0.24341849982738495,0.734382688999176,1376.0963966846466
train,20,78.0,8.0,0.13078585267066956,0.8407159447669983,1392.8400979042053
train,20,79.0,8.0,0.12385298311710358,0.704531729221344,1410.0042757987976
train,20,80.0,8.0,0.2092142552137375,0.6525214910507202,1426.872018814087
train,20,81.0,8.0,0.20726242661476135,0.8062933683395386,1443.559372663498
train,20,82.0,8.0,0.2903667688369751,0.6221362352371216,1462.0368127822876
train,20,83.0,8.0,0.15462420880794525,0.9624027609825134,1480.3674969673157
train,20,84.0,8.0,0.2757894694805145,0.6503614783287048,1498.2511868476868
train,20,85.0,8.0,0.24579262733459473,0.7089971899986267,1515.7244637012482
train,20,86.0,8.0,0.24039481580257416,0.7149306535720825,1532.5915026664734
train,20,87.0,8.0,0.2029571533203125,0.8173084259033203,1550.4380826950073
train,20,88.0,8.0,0.16982467472553253,0.5998836755752563,1568.419822692871
train,20,89.0,8.0,0.3475612699985504,0.635680079460144,1585.5044548511505
train,20,90.0,8.0,0.2746647596359253,0.7927296161651611,1602.2517697811127
train,20,91.0,8.0,0.2849716544151306,0.7626427412033081,1619.9349989891052
train,20,92.0,8.0,0.2161591500043869,0.6270588040351868,1636.729791879654
train,20,93.0,8.0,0.1740695834159851,0.7488903999328613,1653.5007588863373
train,20,94.0,8.0,0.17931999266147614,0.7259531021118164,1670.5886347293854
train,20,95.0,8.0,0.2177768051624298,0.7960009574890137,1687.9873809814453
train,20,96.0,8.0,0.21904681622982025,0.510610044002533,1705.0654878616333
train,20,97.0,8.0,0.288563072681427,0.6078395247459412,1721.932848930359
train,20,98.0,8.0,0.2049228996038437,0.8190836906433105,1739.4014568328857
train,20,99.0,8.0,0.290462851524353,0.7483043074607849,1758.9532837867737
train,20,100.0,8.0,0.14115525782108307,0.6704612970352173,1777.6408739089966
train,20,101.0,8.0,0.27594730257987976,0.6558998823165894,1796.1898307800293
train,20,102.0,8.0,0.21086707711219788,0.7917978763580322,1814.2733979225159
train,20,103.0,8.0,0.22011475265026093,0.7632781267166138,1833.6752817630768
train,20,104.0,8.0,0.17755655944347382,0.7393612861633301,1853.6296198368073
train,20,105.0,8.0,0.17950528860092163,0.7156222462654114,1873.2391538619995
train,20,106.0,8.0,0.23266583681106567,0.7486817240715027,1891.9470567703247
train,20,107.0,8.0,0.32456475496292114,0.6765417456626892,1908.9358127117157
train,20,108.0,8.0,0.36366045475006104,0.7270888686180115,1925.5825428962708
train,20,109.0,8.0,0.19065703451633453,0.7003693580627441,1942.174959897995
train,20,110.0,8.0,0.24276331067085266,0.8692343831062317,1959.1503908634186
train,20,111.0,8.0,0.19768798351287842,0.6962194442749023,1976.9902248382568
train,20,112.0,8.0,0.2531570494174957,0.5489641427993774,1994.0916149616241
train,20,113.0,8.0,0.1955588012933731,0.6736813187599182,2010.7766499519348
train,20,114.0,8.0,0.12735024094581604,0.9024319052696228,2028.6109449863434
train,20,115.0,8.0,0.16699455678462982,0.7796284556388855,2046.5084359645844
train,20,116.0,8.0,0.2502238154411316,0.7033205628395081,2066.62508893013
train,20,117.0,8.0,0.272440642118454,0.790768563747406,2086.3815438747406
train,20,118.0,8.0,0.24718503654003143,0.7047474980354309,2103.5515897274017
train,20,119.0,8.0,0.17010045051574707,0.9242449998855591,2120.674234867096
train,20,120.0,8.0,0.17627178132534027,0.7295722961425781,2138.294712781906
train,20,121.0,8.0,0.17154808342456818,0.7293086051940918,2157.750603914261
train,20,122.0,8.0,0.17963193356990814,0.7166564464569092,2175.174179792404
train,20,123.0,8.0,0.19493281841278076,0.8344835042953491,2192.4925587177277
train,20,124.0,8.0,0.22233720123767853,0.7491139769554138,2210.3522238731384
train,20,125.0,8.0,0.34210261702537537,0.6216305494308472,2227.8669908046722
train,20,126.0,8.0,0.25820857286453247,0.7109621167182922,2244.6981167793274
train,20,127.0,8.0,0.2044636756181717,0.6544501781463623,2261.605591773987
train,20,128.0,8.0,0.29148802161216736,0.7692327499389648,2278.282814979553
train,20,129.0,8.0,0.21116876602172852,0.5050736665725708,2295.559428691864
train,20,130.0,8.0,0.19814199209213257,0.6812888383865356,2312.134740829468
train,20,131.0,8.0,0.27345481514930725,0.6289274096488953,2328.9619147777557
train,20,132.0,8.0,0.18052007257938385,0.7121846079826355,2345.594148874283
train,20,133.0,8.0,0.2825043201446533,0.5023044943809509,2363.0520358085632
train,20,134.0,8.0,0.16948512196540833,0.7260196805000305,2380.9106907844543
train,20,135.0,8.0,0.316092848777771,0.7182492017745972,2398.0405707359314
train,20,136.0,8.0,0.3063054084777832,0.8597202301025391,2415.392162799835
val,20,,,0.270038573940595,0.6660756448904673,2565.5194878578186
train,21,0.0,8.0,0.16835440695285797,0.7532511949539185,20.708817958831787
train,21,1.0,8.0,0.19328564405441284,0.6874139308929443,37.565021991729736
train,21,2.0,8.0,0.18376561999320984,0.5615784525871277,53.9971981048584
train,21,3.0,8.0,0.21482181549072266,0.7837791442871094,71.0869951248169
train,21,4.0,8.0,0.14363829791545868,0.6846625208854675,87.82853317260742
train,21,5.0,8.0,0.14155074954032898,0.8138558268547058,106.91853594779968
train,21,6.0,8.0,0.16547831892967224,0.7449973821640015,125.48490715026855
train,21,7.0,8.0,0.2550591230392456,0.6899372935295105,143.5757119655609
train,21,8.0,8.0,0.2060709297657013,0.6654411554336548,161.20323300361633
train,21,9.0,8.0,0.2492600828409195,0.8360757827758789,178.8216872215271
train,21,10.0,8.0,0.2886626422405243,0.9197766184806824,196.266459941864
train,21,11.0,8.0,0.24582600593566895,0.7198331356048584,213.20044803619385
train,21,12.0,8.0,0.26670411229133606,0.7948391437530518,230.04943108558655
train,21,13.0,8.0,0.20037180185317993,0.6784256100654602,247.90411901474
train,21,14.0,8.0,0.25464731454849243,0.6961333751678467,265.01617908477783
train,21,15.0,8.0,0.14993992447853088,0.7961980104446411,281.70832800865173
train,21,16.0,8.0,0.22480224072933197,0.6155838370323181,298.8927948474884
train,21,17.0,8.0,0.3058546185493469,0.5868673324584961,316.0005130767822
train,21,18.0,8.0,0.18262487649917603,0.7471818327903748,332.91044306755066
train,21,19.0,8.0,0.29793494939804077,0.8830612897872925,349.73192405700684
train,21,20.0,8.0,0.16228581964969635,0.6341686248779297,367.4202811717987
train,21,21.0,8.0,0.3295239210128784,0.5205116271972656,385.25634694099426
train,21,22.0,8.0,0.2506108582019806,0.8342524170875549,403.3634309768677
train,21,23.0,8.0,0.16578450798988342,0.7426334619522095,421.5018630027771
train,21,24.0,8.0,0.25413522124290466,0.6867689490318298,439.195965051651
train,21,25.0,8.0,0.26509496569633484,0.808087944984436,456.96716809272766
train,21,26.0,8.0,0.34766885638237,0.7527377009391785,474.1130130290985
train,21,27.0,8.0,0.22612884640693665,0.7582961320877075,492.0009400844574
train,21,28.0,8.0,0.09917619824409485,0.7538412809371948,509.2653090953827
train,21,29.0,8.0,0.2668537199497223,0.6444606781005859,526.6500010490417
train,21,30.0,8.0,0.2764398753643036,0.7764880061149597,544.8512892723083
train,21,31.0,8.0,0.18182189762592316,0.7333261966705322,562.2416110038757
train,21,32.0,8.0,0.23118117451667786,0.7397298812866211,579.6080260276794
train,21,33.0,8.0,0.2623695731163025,0.8103206157684326,597.7637441158295
train,21,34.0,8.0,0.1986883282661438,0.664323091506958,614.9735932350159
train,21,35.0,8.0,0.247065931558609,0.5694339871406555,632.2955660820007
train,21,36.0,8.0,0.2290976196527481,0.7478727698326111,649.0543949604034
train,21,37.0,8.0,0.27650803327560425,0.7916849255561829,666.4829680919647
train,21,38.0,8.0,0.13622510433197021,0.829262375831604,682.9591779708862
train,21,39.0,8.0,0.23889543116092682,0.720358669757843,701.3441610336304
train,21,40.0,8.0,0.2946418523788452,0.894417405128479,721.3460290431976
train,21,41.0,8.0,0.19770386815071106,0.5214710235595703,738.3208651542664
train,21,42.0,8.0,0.1966879516839981,0.5909376740455627,755.518385887146
train,21,43.0,8.0,0.14110326766967773,0.8169183135032654,774.4774000644684
train,21,44.0,8.0,0.1778510957956314,0.7065330743789673,794.328152179718
train,21,45.0,8.0,0.2000187188386917,0.5527891516685486,813.0334370136261
train,21,46.0,8.0,0.2263423502445221,0.752516508102417,830.5616760253906
train,21,47.0,8.0,0.2266165018081665,0.7650278210639954,848.4486799240112
train,21,48.0,8.0,0.24735614657402039,0.5502744317054749,865.8760030269623
train,21,49.0,8.0,0.21446286141872406,0.6346926689147949,882.2701840400696
train,21,50.0,8.0,0.10885558277368546,0.8965243101119995,899.035010099411
train,21,51.0,8.0,0.24914558231830597,0.6998361349105835,916.3372051715851
train,21,52.0,8.0,0.273083359003067,0.8106858134269714,933.6457850933075
train,21,53.0,8.0,0.1356368362903595,0.7029982209205627,950.0684401988983
train,21,54.0,8.0,0.15441501140594482,0.6382214426994324,967.1048450469971
train,21,55.0,8.0,0.2382829338312149,0.723368227481842,983.7670879364014
train,21,56.0,8.0,0.2529645562171936,0.8507739901542664,1002.6665790081024
train,21,57.0,8.0,0.2519526779651642,0.6915911436080933,1022.2152099609375
train,21,58.0,8.0,0.20933598279953003,0.7901676893234253,1041.2460968494415
train,21,59.0,8.0,0.23709438741207123,0.7456459999084473,1059.504566192627
train,21,60.0,8.0,0.21476957201957703,0.7769676446914673,1078.0836312770844
train,21,61.0,8.0,0.2618865370750427,0.8144681453704834,1096.3537919521332
train,21,62.0,8.0,0.22252143919467926,0.9275867342948914,1113.4765059947968
train,21,63.0,8.0,0.3234700858592987,0.6716330647468567,1130.339327096939
train,21,64.0,8.0,0.28077784180641174,0.6448075175285339,1148.392294883728
train,21,65.0,8.0,0.24234966933727264,0.893578052520752,1166.8133730888367
train,21,66.0,8.0,0.1784835308790207,0.7193803787231445,1184.4106850624084
train,21,67.0,8.0,0.18409313261508942,0.6912627816200256,1202.4193210601807
train,21,68.0,8.0,0.26698294281959534,0.8252162337303162,1219.3103561401367
train,21,69.0,8.0,0.2236645221710205,0.7493910789489746,1236.372395992279
train,21,70.0,8.0,0.18885917961597443,0.8674059510231018,1254.0071749687195
train,21,71.0,8.0,0.23928214609622955,0.8786550760269165,1271.3924391269684
train,21,72.0,8.0,0.18194615840911865,0.7262275218963623,1288.492220878601
train,21,73.0,8.0,0.2747192680835724,0.7839400768280029,1307.999398946762
train,21,74.0,8.0,0.18444868922233582,0.8406530022621155,1326.4814929962158
train,21,75.0,8.0,0.22654685378074646,0.47000008821487427,1344.3941450119019
train,21,76.0,8.0,0.1828252375125885,0.8622518181800842,1361.822587966919
train,21,77.0,8.0,0.2591957449913025,0.6842507123947144,1379.182050228119
train,21,78.0,8.0,0.19145958125591278,0.6919530630111694,1396.9448761940002
train,21,79.0,8.0,0.05565647408366203,0.8952381014823914,1414.4323511123657
train,21,80.0,8.0,0.2775344252586365,0.7892882823944092,1432.2334280014038
train,21,81.0,8.0,0.0946359857916832,0.7608137726783752,1448.9006350040436
train,21,82.0,8.0,0.1995704025030136,0.8537293672561646,1465.7323369979858
train,21,83.0,8.0,0.09692298620939255,0.7802528738975525,1482.53662109375
train,21,84.0,8.0,0.20786599814891815,0.6517013311386108,1500.708421945572
train,21,85.0,8.0,0.2595445215702057,0.8360320329666138,1518.5687730312347
train,21,86.0,8.0,0.30353066325187683,0.8833316564559937,1537.5940511226654
train,21,87.0,8.0,0.20499646663665771,0.660473108291626,1555.7422189712524
train,21,88.0,8.0,0.2925027906894684,0.7508402466773987,1572.7887470722198
train,21,89.0,8.0,0.21446110308170319,0.789461612701416,1589.6441349983215
train,21,90.0,8.0,0.30465254187583923,0.715688943862915,1607.6110990047455
train,21,91.0,8.0,0.263003945350647,0.7994378209114075,1625.3097500801086
train,21,92.0,8.0,0.19577500224113464,0.8173693418502808,1642.5024740695953
train,21,93.0,8.0,0.2717553973197937,0.6544956564903259,1660.053307056427
train,21,94.0,8.0,0.2232486456632614,0.7522500157356262,1678.719974040985
train,21,95.0,8.0,0.14184263348579407,0.8328932523727417,1696.7726089954376
train,21,96.0,8.0,0.3170450031757355,0.8302329182624817,1714.4217410087585
train,21,97.0,8.0,0.3068593442440033,0.7421822547912598,1731.4236340522766
train,21,98.0,8.0,0.18582265079021454,0.890957236289978,1748.706013917923
train,21,99.0,8.0,0.17468532919883728,0.9068190455436707,1766.384196281433
train,21,100.0,8.0,0.28985530138015747,0.9051735401153564,1785.1999979019165
train,21,101.0,8.0,0.13996203243732452,0.8180695176124573,1804.6276638507843
train,21,102.0,8.0,0.29512903094291687,0.5856838822364807,1823.5449748039246
train,21,103.0,8.0,0.33019575476646423,0.7961844205856323,1842.18781208992
train,21,104.0,8.0,0.2883727252483368,0.7594823837280273,1861.462443113327
train,21,105.0,8.0,0.1949920952320099,0.547066867351532,1880.950709104538
train,21,106.0,8.0,0.2634105086326599,0.6526537537574768,1900.1135840415955
train,21,107.0,8.0,0.23578712344169617,0.7443643808364868,1919.3810670375824
train,21,108.0,8.0,0.1432468742132187,0.8074634075164795,1938.1431601047516
train,21,109.0,8.0,0.16824272274971008,0.7380367517471313,1955.9822092056274
train,21,110.0,8.0,0.22993427515029907,0.7469996213912964,1973.7268359661102
train,21,111.0,8.0,0.3514232933521271,0.7428113222122192,1991.8704810142517
train,21,112.0,8.0,0.17186741530895233,0.607171356678009,2008.7719938755035
train,21,113.0,8.0,0.24280576407909393,0.8962010741233826,2026.521318912506
train,21,114.0,8.0,0.23517704010009766,0.7488963007926941,2043.6073060035706
train,21,115.0,8.0,0.31394028663635254,0.8504355549812317,2060.82146525383
train,21,116.0,8.0,0.2714936435222626,0.7987609505653381,2078.089875936508
train,21,117.0,8.0,0.1771152913570404,0.6537305116653442,2095.0077619552612
train,21,118.0,8.0,0.21406511962413788,0.7827762961387634,2112.5984699726105
train,21,119.0,8.0,0.12425028532743454,0.6883584260940552,2130.724662065506
train,21,120.0,8.0,0.1772373467683792,0.7293299436569214,2150.464686155319
train,21,121.0,8.0,0.18536776304244995,0.6971582174301147,2170.0898098945618
train,21,122.0,8.0,0.22089067101478577,0.768057107925415,2189.420177936554
train,21,123.0,8.0,0.32289329171180725,0.8428903222084045,2208.787662267685
train,21,124.0,8.0,0.2308582365512848,0.7325791120529175,2227.5260739326477
train,21,125.0,8.0,0.2450658082962036,0.8776997327804565,2245.5062339305878
train,21,126.0,8.0,0.3926851153373718,0.7959403395652771,2262.881135225296
train,21,127.0,8.0,0.19987769424915314,0.6861535906791687,2280.484939098358
train,21,128.0,8.0,0.268190860748291,0.6508497595787048,2298.5244500637054
train,21,129.0,8.0,0.22321906685829163,0.6285987496376038,2316.0765640735626
train,21,130.0,8.0,0.2382034808397293,0.6009463667869568,2332.93994307518
train,21,131.0,8.0,0.31491896510124207,0.835378885269165,2350.3137328624725
train,21,132.0,8.0,0.2195856273174286,0.8062306046485901,2367.4250712394714
train,21,133.0,8.0,0.07760140299797058,0.8309798240661621,2384.2355070114136
train,21,134.0,8.0,0.2721516788005829,0.8074725270271301,2401.99933218956
train,21,135.0,8.0,0.23174326121807098,0.6000443696975708,2419.4872031211853
train,21,136.0,8.0,0.2580178678035736,0.6846725940704346,2435.965217113495
val,21,,,0.2697917530934016,0.6591767191886901,2585.8521270751953
train,22,0.0,8.0,0.22001001238822937,0.7654504776000977,20.66261315345764
train,22,1.0,8.0,0.1364803910255432,0.6648251414299011,38.06617093086243
train,22,2.0,8.0,0.2223052829504013,0.7731733918190002,56.14717507362366
train,22,3.0,8.0,0.3083605170249939,0.8476307392120361,73.00318193435669
train,22,4.0,8.0,0.16030173003673553,0.6027927398681641,92.11480402946472
train,22,5.0,8.0,0.2993820905685425,0.7145029902458191,111.1459698677063
train,22,6.0,8.0,0.2430245578289032,0.7048118710517883,128.76573610305786
train,22,7.0,8.0,0.25371548533439636,0.6855811476707458,145.46372199058533
train,22,8.0,8.0,0.24673855304718018,0.5377973914146423,162.0340371131897
train,22,9.0,8.0,0.2517701983451843,0.6816300749778748,180.427503824234
train,22,10.0,8.0,0.3052990138530731,0.8669291138648987,197.08416390419006
train,22,11.0,8.0,0.27622807025909424,0.7772680521011353,217.64635396003723
train,22,12.0,8.0,0.2588546574115753,0.673095703125,236.43063879013062
train,22,13.0,8.0,0.3212581276893616,0.8340128660202026,254.48987197875977
train,22,14.0,8.0,0.256498247385025,0.8381379842758179,272.20559906959534
train,22,15.0,8.0,0.2338685393333435,0.6621659994125366,289.7610869407654
train,22,16.0,8.0,0.255277156829834,0.7052434682846069,308.2230088710785
train,22,17.0,8.0,0.1782776266336441,0.714600682258606,326.1423559188843
train,22,18.0,8.0,0.17575564980506897,0.5930593609809875,343.9821629524231
train,22,19.0,8.0,0.2080301195383072,0.7878721952438354,362.08827090263367
train,22,20.0,8.0,0.24356383085250854,0.7193451523780823,381.79899883270264
train,22,21.0,8.0,0.32404547929763794,0.8641600608825684,401.1541221141815
train,22,22.0,8.0,0.28793075680732727,0.9204866290092468,420.4707489013672
train,22,23.0,8.0,0.275757759809494,0.7947980165481567,438.4050898551941
train,22,24.0,8.0,0.2437051683664322,0.8609086275100708,455.7814590930939
train,22,25.0,8.0,0.2239093780517578,0.632135272026062,473.2508990764618
train,22,26.0,8.0,0.2575055956840515,0.6872696876525879,491.14494609832764
train,22,27.0,8.0,0.18414419889450073,0.6821871995925903,509.8743817806244
train,22,28.0,8.0,0.2721129357814789,0.7908760905265808,527.8180918693542
train,22,29.0,8.0,0.2374284416437149,0.7222311496734619,546.0897150039673
train,22,30.0,8.0,0.21151882410049438,0.657665491104126,564.0365619659424
train,22,31.0,8.0,0.17027530074119568,0.7546572685241699,580.7101550102234
train,22,32.0,8.0,0.20042705535888672,0.8315512537956238,598.7252609729767
train,22,33.0,8.0,0.1909576803445816,0.6959815621376038,616.9116129875183
train,22,34.0,8.0,0.22404398024082184,0.7769148349761963,634.2137198448181
train,22,35.0,8.0,0.20269061625003815,0.8175040483474731,651.7805609703064
train,22,36.0,8.0,0.16409315168857574,0.7334725856781006,669.1861357688904
train,22,37.0,8.0,0.18233047425746918,0.7118024826049805,686.0449419021606
train,22,38.0,8.0,0.25021830201148987,0.5619955658912659,703.2496349811554
train,22,39.0,8.0,0.26832515001296997,0.6541910171508789,720.3891139030457
train,22,40.0,8.0,0.20826348662376404,0.6630719304084778,737.0576610565186
train,22,41.0,8.0,0.147224560379982,0.7960734963417053,753.9430480003357
train,22,42.0,8.0,0.153779536485672,0.7909949421882629,772.1072299480438
train,22,43.0,8.0,0.18765471875667572,0.5438375473022461,789.7697348594666
train,22,44.0,8.0,0.1847751885652542,0.7005798816680908,807.3627967834473
train,22,45.0,8.0,0.14065250754356384,0.8223786354064941,825.3058078289032
train,22,46.0,8.0,0.3485366702079773,0.6215358972549438,843.2465419769287
train,22,47.0,8.0,0.2550097703933716,0.7040534019470215,861.2195599079132
train,22,48.0,8.0,0.22251996397972107,0.7666406631469727,878.7250609397888
train,22,49.0,8.0,0.24171917140483856,0.7424191832542419,896.3152849674225
train,22,50.0,8.0,0.296143501996994,0.5904690623283386,914.428493976593
train,22,51.0,8.0,0.28404268622398376,0.6299578547477722,933.7709300518036
train,22,52.0,8.0,0.24772925674915314,0.6986560821533203,958.713268995285
train,22,53.0,8.0,0.2141525149345398,0.6545999646186829,979.3501567840576
train,22,54.0,8.0,0.22751331329345703,0.7485846877098083,998.0197558403015
train,22,55.0,8.0,0.12838740646839142,0.8511549830436707,1017.3204870223999
train,22,56.0,8.0,0.3174281716346741,0.8454521298408508,1034.788686990738
train,22,57.0,8.0,0.2592291831970215,0.6702671647071838,1051.942753791809
train,22,58.0,8.0,0.2799227833747864,0.7958059906959534,1069.9123709201813
train,22,59.0,8.0,0.29841098189353943,0.7635881304740906,1087.8581719398499
train,22,60.0,8.0,0.21195052564144135,0.6321617364883423,1105.5381667613983
train,22,61.0,8.0,0.22045916318893433,0.6610138416290283,1123.3880610466003
train,22,62.0,8.0,0.24579046666622162,0.7136469483375549,1141.6224400997162
train,22,63.0,8.0,0.22699393332004547,0.765938937664032,1160.2781529426575
train,22,64.0,8.0,0.16877418756484985,0.7391379475593567,1177.5196208953857
train,22,65.0,8.0,0.1702997386455536,0.8085969090461731,1194.56374001503
train,22,66.0,8.0,0.2488487809896469,0.5674942135810852,1212.4329988956451
train,22,67.0,8.0,0.3245479464530945,0.8214645981788635,1229.3923411369324
train,22,68.0,8.0,0.25884437561035156,0.8428069353103638,1246.597533941269
train,22,69.0,8.0,0.329853355884552,0.661611020565033,1264.3880438804626
train,22,70.0,8.0,0.1317831426858902,0.836885392665863,1281.9689359664917
train,22,71.0,8.0,0.2089022696018219,0.6337120532989502,1299.139595746994
train,22,72.0,8.0,0.13235850632190704,0.8367540836334229,1316.281623840332
train,22,73.0,8.0,0.12650012969970703,0.703507661819458,1332.8499810695648
train,22,74.0,8.0,0.2032790631055832,0.6627269387245178,1349.3303740024567
train,22,75.0,8.0,0.1079792007803917,0.7394787073135376,1366.4206490516663
train,22,76.0,8.0,0.23299697041511536,0.8962233066558838,1385.6603639125824
train,22,77.0,8.0,0.20454689860343933,0.799252986907959,1405.1535918712616
train,22,78.0,8.0,0.10113662481307983,0.7599736452102661,1423.052745103836
train,22,79.0,8.0,0.183024063706398,0.8725612759590149,1441.581701040268
train,22,80.0,8.0,0.21729199588298798,0.7882819771766663,1458.9221379756927
train,22,81.0,8.0,0.20091839134693146,0.6605101823806763,1476.0268859863281
train,22,82.0,8.0,0.24359102547168732,0.8698316216468811,1493.9330079555511
train,22,83.0,8.0,0.14955656230449677,0.7914232015609741,1514.0200321674347
train,22,84.0,8.0,0.2620219886302948,0.6962541341781616,1533.0924479961395
train,22,85.0,8.0,0.20419690012931824,0.8122547268867493,1552.5888578891754
train,22,86.0,8.0,0.3319084942340851,0.9557434320449829,1570.0498850345612
train,22,87.0,8.0,0.12154863029718399,0.7200755476951599,1586.8431890010834
train,22,88.0,8.0,0.21561360359191895,0.6279725432395935,1606.5312070846558
train,22,89.0,8.0,0.33429795503616333,0.8145472407341003,1625.344544172287
train,22,90.0,8.0,0.14179453253746033,0.8183538913726807,1643.0579097270966
train,22,91.0,8.0,0.3051053583621979,0.731959342956543,1660.3696529865265
train,22,92.0,8.0,0.21310736238956451,0.8006251454353333,1677.5758900642395
train,22,93.0,8.0,0.1394474059343338,0.8495420813560486,1694.358295917511
train,22,94.0,8.0,0.14603359997272491,0.792474091053009,1712.468642950058
train,22,95.0,8.0,0.1707111895084381,0.7283658981323242,1731.3062827587128
train,22,96.0,8.0,0.15205137431621552,0.6368695497512817,1749.3082110881805
train,22,97.0,8.0,0.21609008312225342,0.6506856083869934,1766.3458268642426
train,22,98.0,8.0,0.2047714740037918,0.8187224864959717,1783.2940378189087
train,22,99.0,8.0,0.13213562965393066,0.8425310850143433,1800.7265198230743
train,22,100.0,8.0,0.20299647748470306,0.6626052260398865,1817.785632133484
train,22,101.0,8.0,0.18690329790115356,0.5629434585571289,1835.0001599788666
train,22,102.0,8.0,0.3361862599849701,0.6422717571258545,1851.8210549354553
train,22,103.0,8.0,0.27576112747192383,0.776890754699707,1868.4577391147614
train,22,104.0,8.0,0.2519071102142334,0.8404073715209961,1885.0794389247894
train,22,105.0,8.0,0.18966585397720337,0.7049745321273804,1901.668081998825
train,22,106.0,8.0,0.2760140001773834,0.7823209762573242,1918.3717777729034
train,22,107.0,8.0,0.3149913251399994,0.7316747307777405,1937.8234241008759
train,22,108.0,8.0,0.17569640278816223,0.5985124707221985,1955.6043457984924
train,22,109.0,8.0,0.18907590210437775,0.7067363262176514,1973.4527928829193
train,22,110.0,8.0,0.269406259059906,0.6440070271492004,1990.575992822647
train,22,111.0,8.0,0.0892079621553421,0.8102865815162659,2007.6870539188385
train,22,112.0,8.0,0.19049471616744995,0.6852290630340576,2025.232442855835
train,22,113.0,8.0,0.11366253346204758,0.9076735377311707,2042.8293557167053
train,22,114.0,8.0,0.3244459629058838,0.8075742721557617,2060.5443029403687
train,22,115.0,8.0,0.15405809879302979,0.7841298580169678,2078.0288310050964
train,22,116.0,8.0,0.17022185027599335,0.7271901965141296,2095.0858159065247
train,22,117.0,8.0,0.3114978075027466,0.6899494528770447,2112.8820140361786
train,22,118.0,8.0,0.25238773226737976,0.5487458109855652,2130.5610070228577
train,22,119.0,8.0,0.18580536544322968,0.8579927682876587,2148.514042854309
train,22,120.0,8.0,0.3169254958629608,0.8322592377662659,2165.359897851944
train,22,121.0,8.0,0.2601500153541565,0.809063732624054,2181.8650918006897
train,22,122.0,8.0,0.23008926212787628,0.902197003364563,2208.6411669254303
train,22,123.0,8.0,0.17895802855491638,0.7119565606117249,2246.364767074585
train,22,124.0,8.0,0.331309974193573,0.6702233552932739,2271.9350578784943
train,22,125.0,8.0,0.18873123824596405,0.8416732549667358,2291.5808489322662
train,22,126.0,8.0,0.1738842874765396,0.6004101037979126,2312.088551044464
train,22,127.0,8.0,0.21386028826236725,0.7717441320419312,2332.0783319473267
train,22,128.0,8.0,0.20681525766849518,0.7972530722618103,2352.7829070091248
train,22,129.0,8.0,0.22651231288909912,0.7487490177154541,2373.1898629665375
train,22,130.0,8.0,0.20683005452156067,0.822849452495575,2392.0230679512024
train,22,131.0,8.0,0.1582011729478836,0.8058782815933228,2412.29394698143
train,22,132.0,8.0,0.18175210058689117,0.6956912279129028,2431.9937329292297
train,22,133.0,8.0,0.29954609274864197,0.5958470702171326,2449.768942832947
train,22,134.0,8.0,0.3271353244781494,0.6893786191940308,2467.2568719387054
train,22,135.0,8.0,0.11273159086704254,0.7388402223587036,2485.6645679473877
train,22,136.0,8.0,0.283645361661911,0.616902232170105,2503.2198758125305
val,22,,,0.2694463938474655,0.6534408430258433,2657.8231239318848
